open_time,close
2023-09-22 23:00:00,26580.14
2023-09-23 00:00:00,26603.1
2023-09-23 01:00:00,26579.99
2023-09-23 02:00:00,26545.57
2023-09-23 03:00:00,26532.2
2023-09-23 04:00:00,26550.17
2023-09-23 05:00:00,26542.46
2023-09-23 06:00:00,26582.61
2023-09-23 07:00:00,26585.31
2023-09-23 08:00:00,26573.6
2023-09-23 09:00:00,26573.87
2023-09-23 10:00:00,26567.26
2023-09-23 11:00:00,26575.21
2023-09-23 12:00:00,26574.99
2023-09-23 13:00:00,26575.13
2023-09-23 14:00:00,26566.83
2023-09-23 15:00:00,26581.55
2023-09-23 16:00:00,26606.31
2023-09-23 17:00:00,26598.31
2023-09-23 18:00:00,26615.3
2023-09-23 19:00:00,26610.09
2023-09-23 20:00:00,26587.75
2023-09-23 21:00:00,26568.8
2023-09-23 22:00:00,26562.2
2023-09-23 23:00:00,26575.96
2023-09-24 00:00:00,26567.07
2023-09-24 01:00:00,26584.4
2023-09-24 02:00:00,26586.05
2023-09-24 03:00:00,26570.93
2023-09-24 04:00:00,26569.77
2023-09-24 05:00:00,26557.99
2023-09-24 06:00:00,26553.1
2023-09-24 07:00:00,26563.44
2023-09-24 08:00:00,26590.0
2023-09-24 09:00:00,26589.08
2023-09-24 10:00:00,26579.78
2023-09-24 11:00:00,26596.71
2023-09-24 12:00:00,26606.54
2023-09-24 13:00:00,26588.77
2023-09-24 14:00:00,26588.1
2023-09-24 15:00:00,26578.06
2023-09-24 16:00:00,26573.1
2023-09-24 17:00:00,26673.07
2023-09-24 18:00:00,26591.85
2023-09-24 19:00:00,26449.17
2023-09-24 20:00:00,26502.0
2023-09-24 21:00:00,26519.35
2023-09-24 22:00:00,26490.85
2023-09-24 23:00:00,26248.38
2023-09-25 00:00:00,26248.17
2023-09-25 01:00:00,26164.01
2023-09-25 02:00:00,26207.39
2023-09-25 03:00:00,26157.45
2023-09-25 04:00:00,26149.06
2023-09-25 05:00:00,26113.81
2023-09-25 06:00:00,26138.01
2023-09-25 07:00:00,26189.21
2023-09-25 08:00:00,26142.99
2023-09-25 09:00:00,26063.09
2023-09-25 10:00:00,26094.81
2023-09-25 11:00:00,26075.41
2023-09-25 12:00:00,26103.57
2023-09-25 13:00:00,26161.62
2023-09-25 14:00:00,26133.9
2023-09-25 15:00:00,26243.72
2023-09-25 16:00:00,26324.78
2023-09-25 17:00:00,26358.41
2023-09-25 18:00:00,26331.58
2023-09-25 19:00:00,26331.83
2023-09-25 20:00:00,26287.56
2023-09-25 21:00:00,26279.61
2023-09-25 22:00:00,26281.85
2023-09-25 23:00:00,26304.81
2023-09-26 00:00:00,26266.0
2023-09-26 01:00:00,26297.6
2023-09-26 02:00:00,26357.14
2023-09-26 03:00:00,26353.87
2023-09-26 04:00:00,26344.67
2023-09-26 05:00:00,26320.9
2023-09-26 06:00:00,26292.9
2023-09-26 07:00:00,26272.01
2023-09-26 08:00:00,26274.29
2023-09-26 09:00:00,26272.07
2023-09-26 10:00:00,26249.77
2023-09-26 11:00:00,26273.83
2023-09-26 12:00:00,26213.19
2023-09-26 13:00:00,26181.55
2023-09-26 14:00:00,26196.39
2023-09-26 15:00:00,26126.66
2023-09-26 16:00:00,26217.95
2023-09-26 17:00:00,26175.01
2023-09-26 18:00:00,26184.98
2023-09-26 19:00:00,26247.7
2023-09-26 20:00:00,26164.19
2023-09-26 21:00:00,26165.4
2023-09-26 22:00:00,26157.65
2023-09-26 23:00:00,26221.67
2023-09-27 00:00:00,26257.54
2023-09-27 01:00:00,26260.27
2023-09-27 02:00:00,26228.04
2023-09-27 03:00:00,26278.04
2023-09-27 04:00:00,26248.71
2023-09-27 05:00:00,26255.89
2023-09-27 06:00:00,26257.77
2023-09-27 07:00:00,26246.34
2023-09-27 08:00:00,26259.81
2023-09-27 09:00:00,26397.79
2023-09-27 10:00:00,26442.59
2023-09-27 11:00:00,26766.7
2023-09-27 12:00:00,26722.48
2023-09-27 13:00:00,26621.54
2023-09-27 14:00:00,26192.91
2023-09-27 15:00:00,26304.42
2023-09-27 16:00:00,26241.07
2023-09-27 17:00:00,26231.39
2023-09-27 18:00:00,26249.42
2023-09-27 19:00:00,26267.8
2023-09-27 20:00:00,26257.75
2023-09-27 21:00:00,26279.94
2023-09-27 22:00:00,26334.12
2023-09-27 23:00:00,26372.99
2023-09-28 00:00:00,26446.73
2023-09-28 01:00:00,26451.46
2023-09-28 02:00:00,26386.26
2023-09-28 03:00:00,26379.15
2023-09-28 04:00:00,26444.83
2023-09-28 05:00:00,26449.95
2023-09-28 06:00:00,26477.93
2023-09-28 07:00:00,26459.99
2023-09-28 08:00:00,26410.0
2023-09-28 09:00:00,26428.69
2023-09-28 10:00:00,26570.62
2023-09-28 11:00:00,26476.93
2023-09-28 12:00:00,26479.3
2023-09-28 13:00:00,26580.69
2023-09-28 14:00:00,26793.37
2023-09-28 15:00:00,27020.0
2023-09-28 16:00:00,27059.99
2023-09-28 17:00:00,27160.13
2023-09-28 18:00:00,26959.34
2023-09-28 19:00:00,27100.0
2023-09-28 20:00:00,27082.26
2023-09-28 21:00:00,27002.81
2023-09-28 22:00:00,27010.99
2023-09-28 23:00:00,27021.39
2023-09-29 00:00:00,27066.78
2023-09-29 01:00:00,27045.01
2023-09-29 02:00:00,26895.21
2023-09-29 03:00:00,26957.99
2023-09-29 04:00:00,26972.45
2023-09-29 05:00:00,26977.11
2023-09-29 06:00:00,27075.28
2023-09-29 07:00:00,27179.98
2023-09-29 08:00:00,27003.58
2023-09-29 09:00:00,27035.57
2023-09-29 10:00:00,27028.96
2023-09-29 11:00:00,26970.78
2023-09-29 12:00:00,27001.0
2023-09-29 13:00:00,26895.0
2023-09-29 14:00:00,26908.12
2023-09-29 15:00:00,26888.57
2023-09-29 16:00:00,26875.0
2023-09-29 17:00:00,26840.95
2023-09-29 18:00:00,26920.0
2023-09-29 19:00:00,26926.52
2023-09-29 20:00:00,26910.48
2023-09-29 21:00:00,26870.0
2023-09-29 22:00:00,26887.2
2023-09-29 23:00:00,26906.96
2023-09-30 00:00:00,26936.11
2023-09-30 01:00:00,26894.65
2023-09-30 02:00:00,26909.42
2023-09-30 03:00:00,26915.3
2023-09-30 04:00:00,26924.62
2023-09-30 05:00:00,26934.9
2023-09-30 06:00:00,26927.49
2023-09-30 07:00:00,26931.75
2023-09-30 08:00:00,26929.09
2023-09-30 09:00:00,26947.64
2023-09-30 10:00:00,26978.94
2023-09-30 11:00:00,26936.02
2023-09-30 12:00:00,26928.06
2023-09-30 13:00:00,26973.39
2023-09-30 14:00:00,26992.38
2023-09-30 15:00:00,26996.29
2023-09-30 16:00:00,27020.92
2023-09-30 17:00:00,27017.55
2023-09-30 18:00:00,26999.98
2023-09-30 19:00:00,27020.7
2023-09-30 20:00:00,27064.15
2023-09-30 21:00:00,26999.28
2023-09-30 22:00:00,27010.29
2023-09-30 23:00:00,26962.56
2023-10-01 00:00:00,26991.07
2023-10-01 01:00:00,27019.83
2023-10-01 02:00:00,27025.89
2023-10-01 03:00:00,27044.76
2023-10-01 04:00:00,27045.47
2023-10-01 05:00:00,27071.72
2023-10-01 06:00:00,27128.85
2023-10-01 07:00:00,27107.95
2023-10-01 08:00:00,27135.47
2023-10-01 09:00:00,27217.77
2023-10-01 10:00:00,27210.01
2023-10-01 11:00:00,27187.71
2023-10-01 12:00:00,27193.98
2023-10-01 13:00:00,27192.04
2023-10-01 14:00:00,27119.79
2023-10-01 15:00:00,27153.18
2023-10-01 16:00:00,27112.19
2023-10-01 17:00:00,27072.35
2023-10-01 18:00:00,27096.13
2023-10-01 19:00:00,27103.02
2023-10-01 20:00:00,27109.75
2023-10-01 21:00:00,27180.37
2023-10-01 22:00:00,27996.43
2023-10-01 23:00:00,27992.57
2023-10-02 00:00:00,27932.05
2023-10-02 01:00:00,27920.0
2023-10-02 02:00:00,27982.6
2023-10-02 03:00:00,28126.54
2023-10-02 04:00:00,28067.06
2023-10-02 05:00:00,27977.38
2023-10-02 06:00:00,28101.59
2023-10-02 07:00:00,28311.91
2023-10-02 08:00:00,28280.94
2023-10-02 09:00:00,28288.61
2023-10-02 10:00:00,28305.5
2023-10-02 11:00:00,28198.04
2023-10-02 12:00:00,28320.66
2023-10-02 13:00:00,28544.0
2023-10-02 14:00:00,28307.69
2023-10-02 15:00:00,28026.31
2023-10-02 16:00:00,27999.15
2023-10-02 17:00:00,28055.25
2023-10-02 18:00:00,27798.81
2023-10-02 19:00:00,27964.99
2023-10-02 20:00:00,27843.68
2023-10-02 21:00:00,27472.22
2023-10-02 22:00:00,27554.56
2023-10-02 23:00:00,27494.51
2023-10-03 00:00:00,27430.0
2023-10-03 01:00:00,27563.32
2023-10-03 02:00:00,27584.2
2023-10-03 03:00:00,27601.55
2023-10-03 04:00:00,27633.02
2023-10-03 05:00:00,27572.37
2023-10-03 06:00:00,27637.63
2023-10-03 07:00:00,27540.64
2023-10-03 08:00:00,27595.14
2023-10-03 09:00:00,27550.01
2023-10-03 10:00:00,27625.58
2023-10-03 11:00:00,27559.99
2023-10-03 12:00:00,27472.7
2023-10-03 13:00:00,27549.47
2023-10-03 14:00:00,27350.59
2023-10-03 15:00:00,27345.0
2023-10-03 16:00:00,27385.44
2023-10-03 17:00:00,27435.4
2023-10-03 18:00:00,27300.48
2023-10-03 19:00:00,27275.0
2023-10-03 20:00:00,27394.25
2023-10-03 21:00:00,27400.06
2023-10-03 22:00:00,27404.21
2023-10-03 23:00:00,27426.46
2023-10-04 00:00:00,27310.43
2023-10-04 01:00:00,27336.8
2023-10-04 02:00:00,27412.14
2023-10-04 03:00:00,27430.43
2023-10-04 04:00:00,27388.69
2023-10-04 05:00:00,27407.18
2023-10-04 06:00:00,27419.99
2023-10-04 07:00:00,27453.78
2023-10-04 08:00:00,27519.93
2023-10-04 09:00:00,27630.0
2023-10-04 10:00:00,27530.05
2023-10-04 11:00:00,27572.43
2023-10-04 12:00:00,27570.02
2023-10-04 13:00:00,27420.0
2023-10-04 14:00:00,27386.94
2023-10-04 15:00:00,27404.22
2023-10-04 16:00:00,27524.06
2023-10-04 17:00:00,27539.51
2023-10-04 18:00:00,27627.42
2023-10-04 19:00:00,27618.1
2023-10-04 20:00:00,27648.98
2023-10-04 21:00:00,27686.59
2023-10-04 22:00:00,27752.75
2023-10-04 23:00:00,27778.57
2023-10-05 00:00:00,27811.78
2023-10-05 01:00:00,27732.16
2023-10-05 02:00:00,27677.67
2023-10-05 03:00:00,27651.73
2023-10-05 04:00:00,27692.91
2023-10-05 05:00:00,27641.31
2023-10-05 06:00:00,27660.75
2023-10-05 07:00:00,27607.98
2023-10-05 08:00:00,27649.63
2023-10-05 09:00:00,27684.68
2023-10-05 10:00:00,27736.98
2023-10-05 11:00:00,27725.68
2023-10-05 12:00:00,27724.35
2023-10-05 13:00:00,27992.76
2023-10-05 14:00:00,27960.61
2023-10-05 15:00:00,27555.0
2023-10-05 16:00:00,27446.63
2023-10-05 17:00:00,27483.43
2023-10-05 18:00:00,27495.08
2023-10-05 19:00:00,27471.28
2023-10-05 20:00:00,27472.65
2023-10-05 21:00:00,27450.0
2023-10-05 22:00:00,27435.26
2023-10-05 23:00:00,27410.39
2023-10-06 00:00:00,27457.17
2023-10-06 01:00:00,27516.87
2023-10-06 02:00:00,27541.63
2023-10-06 03:00:00,27559.2
2023-10-06 04:00:00,27527.87
2023-10-06 05:00:00,27499.99
2023-10-06 06:00:00,27491.66
2023-10-06 07:00:00,27638.52
2023-10-06 08:00:00,27616.68
2023-10-06 09:00:00,27690.6
2023-10-06 10:00:00,27670.5
2023-10-06 11:00:00,27760.0
2023-10-06 12:00:00,27252.99
2023-10-06 13:00:00,27526.1
2023-10-06 14:00:00,27670.0
2023-10-06 15:00:00,27941.12
2023-10-06 16:00:00,27877.74
2023-10-06 17:00:00,27958.52
2023-10-06 18:00:00,27904.12
2023-10-06 19:00:00,27952.36
2023-10-06 20:00:00,27977.6
2023-10-06 21:00:00,28042.37
2023-10-06 22:00:00,27971.25
2023-10-06 23:00:00,27931.09
2023-10-07 00:00:00,27912.91
2023-10-07 01:00:00,27901.94
2023-10-07 02:00:00,27878.83
2023-10-07 03:00:00,27900.41
2023-10-07 04:00:00,27915.01
2023-10-07 05:00:00,27900.44
2023-10-07 06:00:00,27890.01
2023-10-07 07:00:00,27890.8
2023-10-07 08:00:00,28006.61
2023-10-07 09:00:00,27951.74
2023-10-07 10:00:00,27947.1
2023-10-07 11:00:00,27942.12
2023-10-07 12:00:00,27958.99
2023-10-07 13:00:00,27938.91
2023-10-07 14:00:00,27952.48
2023-10-07 15:00:00,27939.8
2023-10-07 16:00:00,27940.88
2023-10-07 17:00:00,27933.15
2023-10-07 18:00:00,27891.19
2023-10-07 19:00:00,27865.48
2023-10-07 20:00:00,27925.55
2023-10-07 21:00:00,27931.9
2023-10-07 22:00:00,27951.03
2023-10-07 23:00:00,27956.67
2023-10-08 00:00:00,27964.93
2023-10-08 01:00:00,28016.27
2023-10-08 02:00:00,28012.64
2023-10-08 03:00:00,28064.87
2023-10-08 04:00:00,27924.19
2023-10-08 05:00:00,27933.91
2023-10-08 06:00:00,27891.82
2023-10-08 07:00:00,27905.61
2023-10-08 08:00:00,27911.55
2023-10-08 09:00:00,27878.8
2023-10-08 10:00:00,27818.77
2023-10-08 11:00:00,27811.63
2023-10-08 12:00:00,27810.2
2023-10-08 13:00:00,27910.75
2023-10-08 14:00:00,27930.72
2023-10-08 15:00:00,27892.74
2023-10-08 16:00:00,27912.59
2023-10-08 17:00:00,27878.8
2023-10-08 18:00:00,27871.88
2023-10-08 19:00:00,27894.99
2023-10-08 20:00:00,27904.04
2023-10-08 21:00:00,27916.89
2023-10-08 22:00:00,27919.01
2023-10-08 23:00:00,27917.05
2023-10-09 00:00:00,27822.13
2023-10-09 01:00:00,27961.86
2023-10-09 02:00:00,27938.22
2023-10-09 03:00:00,27921.73
2023-10-09 04:00:00,27929.49
2023-10-09 05:00:00,27864.2
2023-10-09 06:00:00,27902.44
2023-10-09 07:00:00,27813.27
2023-10-09 08:00:00,27745.76
2023-10-09 09:00:00,27542.97
2023-10-09 10:00:00,27532.84
2023-10-09 11:00:00,27468.92
2023-10-09 12:00:00,27436.01
2023-10-09 13:00:00,27518.87
2023-10-09 14:00:00,27498.19
2023-10-09 15:00:00,27443.31
2023-10-09 16:00:00,27403.03
2023-10-09 17:00:00,27589.76
2023-10-09 18:00:00,27565.31
2023-10-09 19:00:00,27616.66
2023-10-09 20:00:00,27569.6
2023-10-09 21:00:00,27620.21
2023-10-09 22:00:00,27586.73
2023-10-09 23:00:00,27590.12
2023-10-10 00:00:00,27553.16
2023-10-10 01:00:00,27597.6
2023-10-10 02:00:00,27680.52
2023-10-10 03:00:00,27632.32
2023-10-10 04:00:00,27600.05
2023-10-10 05:00:00,27607.23
2023-10-10 06:00:00,27655.42
2023-10-10 07:00:00,27651.45
2023-10-10 08:00:00,27677.1
2023-10-10 09:00:00,27662.85
2023-10-10 10:00:00,27610.0
2023-10-10 11:00:00,27508.87
2023-10-10 12:00:00,27426.5
2023-10-10 13:00:00,27395.0
2023-10-10 14:00:00,27440.68
2023-10-10 15:00:00,27408.01
2023-10-10 16:00:00,27432.75
2023-10-10 17:00:00,27369.2
2023-10-10 18:00:00,27356.14
2023-10-10 19:00:00,27397.3
2023-10-10 20:00:00,27399.99
2023-10-10 21:00:00,27425.71
2023-10-10 22:00:00,27447.9
2023-10-10 23:00:00,27390.12
2023-10-11 00:00:00,27462.46
2023-10-11 01:00:00,27439.15
2023-10-11 02:00:00,27120.93
2023-10-11 03:00:00,27016.05
2023-10-11 04:00:00,27123.6
2023-10-11 05:00:00,27113.68
2023-10-11 06:00:00,27068.95
2023-10-11 07:00:00,27021.95
2023-10-11 08:00:00,27108.43
2023-10-11 09:00:00,27285.44
2023-10-11 10:00:00,27277.27
2023-10-11 11:00:00,27196.26
2023-10-11 12:00:00,27169.17
2023-10-11 13:00:00,27143.59
2023-10-11 14:00:00,27091.88
2023-10-11 15:00:00,26779.46
2023-10-11 16:00:00,26682.69
2023-10-11 17:00:00,26632.26
2023-10-11 18:00:00,26690.4
2023-10-11 19:00:00,26763.2
2023-10-11 20:00:00,26725.28
2023-10-11 21:00:00,26728.44
2023-10-11 22:00:00,26784.15
2023-10-11 23:00:00,26875.52
2023-10-12 00:00:00,26801.73
2023-10-12 01:00:00,26779.79
2023-10-12 02:00:00,26903.29
2023-10-12 03:00:00,26847.07
2023-10-12 04:00:00,26821.1
2023-10-12 05:00:00,26876.85
2023-10-12 06:00:00,26870.0
2023-10-12 07:00:00,26810.66
2023-10-12 08:00:00,26802.8
2023-10-12 09:00:00,26742.3
2023-10-12 10:00:00,26754.79
2023-10-12 11:00:00,26837.84
2023-10-12 12:00:00,26829.99
2023-10-12 13:00:00,26761.6
2023-10-12 14:00:00,26701.94
2023-10-12 15:00:00,26675.0
2023-10-12 16:00:00,26673.36
2023-10-12 17:00:00,26641.9
2023-10-12 18:00:00,26658.06
2023-10-12 19:00:00,26712.9
2023-10-12 20:00:00,26745.0
2023-10-12 21:00:00,26759.28
2023-10-12 22:00:00,26755.05
2023-10-12 23:00:00,26759.63
2023-10-13 00:00:00,26829.56
2023-10-13 01:00:00,26793.56
2023-10-13 02:00:00,26809.2
2023-10-13 03:00:00,26781.69
2023-10-13 04:00:00,26805.52
2023-10-13 05:00:00,26821.92
2023-10-13 06:00:00,26808.17
2023-10-13 07:00:00,26875.0
2023-10-13 08:00:00,26796.02
2023-10-13 09:00:00,26738.05
2023-10-13 10:00:00,26778.48
2023-10-13 11:00:00,26820.92
2023-10-13 12:00:00,26932.63
2023-10-13 13:00:00,26855.63
2023-10-13 14:00:00,26757.09
2023-10-13 15:00:00,26706.83
2023-10-13 16:00:00,26796.73
2023-10-13 17:00:00,26768.26
2023-10-13 18:00:00,26749.05
2023-10-13 19:00:00,26778.57
2023-10-13 20:00:00,26981.36
2023-10-13 21:00:00,27019.2
2023-10-13 22:00:00,26829.9
2023-10-13 23:00:00,26862.0
2023-10-14 00:00:00,26892.46
2023-10-14 01:00:00,26915.05
2023-10-14 02:00:00,26905.0
2023-10-14 03:00:00,26930.78
2023-10-14 04:00:00,26908.43
2023-10-14 05:00:00,26885.07
2023-10-14 06:00:00,26863.41
2023-10-14 07:00:00,26868.8
2023-10-14 08:00:00,26866.04
2023-10-14 09:00:00,26879.98
2023-10-14 10:00:00,26878.78
2023-10-14 11:00:00,26872.35
2023-10-14 12:00:00,26893.08
2023-10-14 13:00:00,26907.61
2023-10-14 14:00:00,26885.24
2023-10-14 15:00:00,26942.56
2023-10-14 16:00:00,26926.58
2023-10-14 17:00:00,26889.51
2023-10-14 18:00:00,26870.0
2023-10-14 19:00:00,26864.29
2023-10-14 20:00:00,26845.32
2023-10-14 21:00:00,26820.01
2023-10-14 22:00:00,26849.45
2023-10-14 23:00:00,26852.48
2023-10-15 00:00:00,26848.76
2023-10-15 01:00:00,26890.01
2023-10-15 02:00:00,26883.6
2023-10-15 03:00:00,26880.46
2023-10-15 04:00:00,26883.98
2023-10-15 05:00:00,26882.44
2023-10-15 06:00:00,26879.53
2023-10-15 07:00:00,26882.52
2023-10-15 08:00:00,26905.79
2023-10-15 09:00:00,26901.29
2023-10-15 10:00:00,26895.0
2023-10-15 11:00:00,26852.47
2023-10-15 12:00:00,26838.14
2023-10-15 13:00:00,26861.13
2023-10-15 14:00:00,26873.37
2023-10-15 15:00:00,26898.87
2023-10-15 16:00:00,26930.29
2023-10-15 17:00:00,26982.49
2023-10-15 18:00:00,27056.41
2023-10-15 19:00:00,27043.75
2023-10-15 20:00:00,27206.21
2023-10-15 21:00:00,27179.58
2023-10-15 22:00:00,27102.2
2023-10-15 23:00:00,27154.15
2023-10-16 00:00:00,27141.88
2023-10-16 01:00:00,27194.96
2023-10-16 02:00:00,27191.29
2023-10-16 03:00:00,27235.92
2023-10-16 04:00:00,27251.18
2023-10-16 05:00:00,27916.44
2023-10-16 06:00:00,27812.61
2023-10-16 07:00:00,27849.06
2023-10-16 08:00:00,27809.84
2023-10-16 09:00:00,27768.07
2023-10-16 10:00:00,27770.03
2023-10-16 11:00:00,27749.6
2023-10-16 12:00:00,27887.99
2023-10-16 13:00:00,28000.0
2023-10-16 14:00:00,28193.83
2023-10-16 15:00:00,28064.16
2023-10-16 16:00:00,28087.99
2023-10-16 17:00:00,28234.99
2023-10-16 18:00:00,28551.21
2023-10-16 19:00:00,28468.85
2023-10-16 20:00:00,28407.4
2023-10-16 21:00:00,28423.38
2023-10-16 22:00:00,28509.57
2023-10-16 23:00:00,28500.78
2023-10-17 00:00:00,28278.09
2023-10-17 01:00:00,28350.0
2023-10-17 02:00:00,28368.27
2023-10-17 03:00:00,28269.99
2023-10-17 04:00:00,28186.23
2023-10-17 05:00:00,28220.44
2023-10-17 06:00:00,28229.61
2023-10-17 07:00:00,28430.63
2023-10-17 08:00:00,28437.35
2023-10-17 09:00:00,28446.79
2023-10-17 10:00:00,28506.13
2023-10-17 11:00:00,28422.63
2023-10-17 12:00:00,28218.92
2023-10-17 13:00:00,28291.83
2023-10-17 14:00:00,28464.57
2023-10-17 15:00:00,28461.72
2023-10-17 16:00:00,28584.81
2023-10-17 17:00:00,28427.27
2023-10-17 18:00:00,28348.22
2023-10-17 19:00:00,28516.47
2023-10-17 20:00:00,28445.65
2023-10-17 21:00:00,28487.32
2023-10-17 22:00:00,28416.91
2023-10-17 23:00:00,28395.91
2023-10-18 00:00:00,28376.34
2023-10-18 01:00:00,28353.88
2023-10-18 02:00:00,28471.15
2023-10-18 03:00:00,28514.42
2023-10-18 04:00:00,28730.72
2023-10-18 05:00:00,28695.5
2023-10-18 06:00:00,28667.03
2023-10-18 07:00:00,28494.55
2023-10-18 08:00:00,28561.51
2023-10-18 09:00:00,28267.58
2023-10-18 10:00:00,28374.12
2023-10-18 11:00:00,28340.64
2023-10-18 12:00:00,28330.01
2023-10-18 13:00:00,28325.63
2023-10-18 14:00:00,28190.49
2023-10-18 15:00:00,28247.45
2023-10-18 16:00:00,28349.24
2023-10-18 17:00:00,28330.04
2023-10-18 18:00:00,28297.93
2023-10-18 19:00:00,28245.62
2023-10-18 20:00:00,28252.31
2023-10-18 21:00:00,28269.71
2023-10-18 22:00:00,28343.58
2023-10-18 23:00:00,28320.0
2023-10-19 00:00:00,28388.48
2023-10-19 01:00:00,28238.53
2023-10-19 02:00:00,28210.0
2023-10-19 03:00:00,28260.0
2023-10-19 04:00:00,28286.75
2023-10-19 05:00:00,28308.38
2023-10-19 06:00:00,28291.15
2023-10-19 07:00:00,28330.82
2023-10-19 08:00:00,28325.21
2023-10-19 09:00:00,28400.01
2023-10-19 10:00:00,28476.99
2023-10-19 11:00:00,28450.69
2023-10-19 12:00:00,28477.12
2023-10-19 13:00:00,28482.09
2023-10-19 14:00:00,28680.45
2023-10-19 15:00:00,28680.09
2023-10-19 16:00:00,28620.01
2023-10-19 17:00:00,28547.24
2023-10-19 18:00:00,28646.98
2023-10-19 19:00:00,28750.75
2023-10-19 20:00:00,28715.38
2023-10-19 21:00:00,28604.09
2023-10-19 22:00:00,28649.65
2023-10-19 23:00:00,28713.71
2023-10-20 00:00:00,28640.0
2023-10-20 01:00:00,28659.5
2023-10-20 02:00:00,28980.0
2023-10-20 03:00:00,29235.38
2023-10-20 04:00:00,29318.54
2023-10-20 05:00:00,29221.75
2023-10-20 06:00:00,29282.6
2023-10-20 07:00:00,29240.51
2023-10-20 08:00:00,29731.84
2023-10-20 09:00:00,29798.11
2023-10-20 10:00:00,29850.01
2023-10-20 11:00:00,29839.99
2023-10-20 12:00:00,29509.21
2023-10-20 13:00:00,29654.64
2023-10-20 14:00:00,29586.19
2023-10-20 15:00:00,29550.98
2023-10-20 16:00:00,29492.87
2023-10-20 17:00:00,29516.38
2023-10-20 18:00:00,29485.76
2023-10-20 19:00:00,29561.41
2023-10-20 20:00:00,29580.92
2023-10-20 21:00:00,29614.79
2023-10-20 22:00:00,29661.67
2023-10-20 23:00:00,29669.04
2023-10-21 00:00:00,29628.16
2023-10-21 01:00:00,29533.88
2023-10-21 02:00:00,29486.96
2023-10-21 03:00:00,29604.43
2023-10-21 04:00:00,29556.13
2023-10-21 05:00:00,29578.66
2023-10-21 06:00:00,29705.0
2023-10-21 07:00:00,29695.8
2023-10-21 08:00:00,29662.3
2023-10-21 09:00:00,29843.42
2023-10-21 10:00:00,29772.48
2023-10-21 11:00:00,29804.99
2023-10-21 12:00:00,29768.27
2023-10-21 13:00:00,29775.48
2023-10-21 14:00:00,29884.1
2023-10-21 15:00:00,29937.36
2023-10-21 16:00:00,29867.41
2023-10-21 17:00:00,30146.68
2023-10-21 18:00:00,30206.23
2023-10-21 19:00:00,30145.04
2023-10-21 20:00:00,30015.7
2023-10-21 21:00:00,29984.31
2023-10-21 22:00:00,29996.65
2023-10-21 23:00:00,29909.8
2023-10-22 00:00:00,29971.78
2023-10-22 01:00:00,29928.73
2023-10-22 02:00:00,29862.46
2023-10-22 03:00:00,29907.38
2023-10-22 04:00:00,29954.71
2023-10-22 05:00:00,30114.51
2023-10-22 06:00:00,30078.5
2023-10-22 07:00:00,29816.26
2023-10-22 08:00:00,29832.09
2023-10-22 09:00:00,29880.43
2023-10-22 10:00:00,29898.16
2023-10-22 11:00:00,29909.67
2023-10-22 12:00:00,29895.85
2023-10-22 13:00:00,29945.4
2023-10-22 14:00:00,29875.0
2023-10-22 15:00:00,29825.6
2023-10-22 16:00:00,29869.99
2023-10-22 17:00:00,29914.51
2023-10-22 18:00:00,29883.6
2023-10-22 19:00:00,29842.75
2023-10-22 20:00:00,29848.15
2023-10-22 21:00:00,29750.01
2023-10-22 22:00:00,30038.99
2023-10-22 23:00:00,29992.46
2023-10-23 00:00:00,30120.0
2023-10-23 01:00:00,30346.83
2023-10-23 02:00:00,30378.23
2023-10-23 03:00:00,30736.69
2023-10-23 04:00:00,30658.65
2023-10-23 05:00:00,30788.62
2023-10-23 06:00:00,30671.65
2023-10-23 07:00:00,30518.02
2023-10-23 08:00:00,30686.78
2023-10-23 09:00:00,30477.7
2023-10-23 10:00:00,30559.53
2023-10-23 11:00:00,30657.04
2023-10-23 12:00:00,30662.82
2023-10-23 13:00:00,30610.0
2023-10-23 14:00:00,30779.39
2023-10-23 15:00:00,30883.33
2023-10-23 16:00:00,31212.19
2023-10-23 17:00:00,30979.74
2023-10-23 18:00:00,31168.3
2023-10-23 19:00:00,31354.42
2023-10-23 20:00:00,31522.88
2023-10-23 21:00:00,31630.0
2023-10-23 22:00:00,33315.92
2023-10-23 23:00:00,33069.99
2023-10-24 00:00:00,33519.01
2023-10-24 01:00:00,34190.94
2023-10-24 02:00:00,34569.45
2023-10-24 03:00:00,34061.6
2023-10-24 04:00:00,34380.7
2023-10-24 05:00:00,33901.12
2023-10-24 06:00:00,33975.2
2023-10-24 07:00:00,33999.98
2023-10-24 08:00:00,34124.68
2023-10-24 09:00:00,34337.11
2023-10-24 10:00:00,34447.1
2023-10-24 11:00:00,34542.91
2023-10-24 12:00:00,34576.39
2023-10-24 13:00:00,34431.19
2023-10-24 14:00:00,34424.38
2023-10-24 15:00:00,33668.9
2023-10-24 16:00:00,33938.92
2023-10-24 17:00:00,33786.34
2023-10-24 18:00:00,33854.88
2023-10-24 19:00:00,33796.5
2023-10-24 20:00:00,33659.52
2023-10-24 21:00:00,34125.67
2023-10-24 22:00:00,34155.64
2023-10-24 23:00:00,33922.73
2023-10-25 00:00:00,34026.32
2023-10-25 01:00:00,34195.93
2023-10-25 02:00:00,33999.4
2023-10-25 03:00:00,33999.39
2023-10-25 04:00:00,34193.55
2023-10-25 05:00:00,34011.61
2023-10-25 06:00:00,34121.76
2023-10-25 07:00:00,33857.53
2023-10-25 08:00:00,33948.54
2023-10-25 09:00:00,34100.75
2023-10-25 10:00:00,34241.4
2023-10-25 11:00:00,34199.2
2023-10-25 12:00:00,34337.01
2023-10-25 13:00:00,34483.99
2023-10-25 14:00:00,34769.68
2023-10-25 15:00:00,34839.8
2023-10-25 16:00:00,34480.71
2023-10-25 17:00:00,34660.15
2023-10-25 18:00:00,34661.22
2023-10-25 19:00:00,34738.54
2023-10-25 20:00:00,34671.17
2023-10-25 21:00:00,34552.75
2023-10-25 22:00:00,34606.48
2023-10-25 23:00:00,34496.05
2023-10-26 00:00:00,34660.0
2023-10-26 01:00:00,34681.26
2023-10-26 02:00:00,34746.9
2023-10-26 03:00:00,34793.29
2023-10-26 04:00:00,34700.0
2023-10-26 05:00:00,34521.06
2023-10-26 06:00:00,34615.16
2023-10-26 07:00:00,34647.34
2023-10-26 08:00:00,34520.85
2023-10-26 09:00:00,34429.23
2023-10-26 10:00:00,34277.56
2023-10-26 11:00:00,34102.66
2023-10-26 12:00:00,34258.24
2023-10-26 13:00:00,34176.0
2023-10-26 14:00:00,34199.64
2023-10-26 15:00:00,34044.43
2023-10-26 16:00:00,33773.63
2023-10-26 17:00:00,33943.13
2023-10-26 18:00:00,33978.62
2023-10-26 19:00:00,34044.02
2023-10-26 20:00:00,34183.99
2023-10-26 21:00:00,34113.84
2023-10-26 22:00:00,34227.74
2023-10-26 23:00:00,34151.66
2023-10-27 00:00:00,34015.27
2023-10-27 01:00:00,33848.47
2023-10-27 02:00:00,34088.57
2023-10-27 03:00:00,34117.08
2023-10-27 04:00:00,34095.48
2023-10-27 05:00:00,34084.2
2023-10-27 06:00:00,34240.0
2023-10-27 07:00:00,33942.0
2023-10-27 08:00:00,34084.72
2023-10-27 09:00:00,34158.07
2023-10-27 10:00:00,34066.2
2023-10-27 11:00:00,34047.01
2023-10-27 12:00:00,34122.3
2023-10-27 13:00:00,34153.99
2023-10-27 14:00:00,33900.0
2023-10-27 15:00:00,33999.48
2023-10-27 16:00:00,33871.26
2023-10-27 17:00:00,33600.15
2023-10-27 18:00:00,33595.62
2023-10-27 19:00:00,33698.54
2023-10-27 20:00:00,33828.61
2023-10-27 21:00:00,33839.75
2023-10-27 22:00:00,33806.52
2023-10-27 23:00:00,33892.02
2023-10-28 00:00:00,33888.72
2023-10-28 01:00:00,33916.09
2023-10-28 02:00:00,34092.35
2023-10-28 03:00:00,34060.0
2023-10-28 04:00:00,34085.9
2023-10-28 05:00:00,34086.22
2023-10-28 06:00:00,34061.28
2023-10-28 07:00:00,34044.99
2023-10-28 08:00:00,34090.0
2023-10-28 09:00:00,34086.3
2023-10-28 10:00:00,34100.82
2023-10-28 11:00:00,34175.84
2023-10-28 12:00:00,34022.58
2023-10-28 13:00:00,34129.55
2023-10-28 14:00:00,34096.99
2023-10-28 15:00:00,34192.98
2023-10-28 16:00:00,34135.13
2023-10-28 17:00:00,34134.09
2023-10-28 18:00:00,34162.0
2023-10-28 19:00:00,34112.07
2023-10-28 20:00:00,34126.1
2023-10-28 21:00:00,34190.0
2023-10-28 22:00:00,34104.37
2023-10-28 23:00:00,34081.0
2023-10-29 00:00:00,34075.99
2023-10-29 01:00:00,34006.54
2023-10-29 02:00:00,34032.2
2023-10-29 03:00:00,33970.87
2023-10-29 04:00:00,34020.01
2023-10-29 05:00:00,34032.35
2023-10-29 06:00:00,34090.01
2023-10-29 07:00:00,34076.61
2023-10-29 08:00:00,34241.64
2023-10-29 09:00:00,34210.31
2023-10-29 10:00:00,34171.48
2023-10-29 11:00:00,34253.81
2023-10-29 12:00:00,34419.99
2023-10-29 13:00:00,34379.99
2023-10-29 14:00:00,34479.99
2023-10-29 15:00:00,34449.99
2023-10-29 16:00:00,34397.24
2023-10-29 17:00:00,34562.41
2023-10-29 18:00:00,34682.0
2023-10-29 19:00:00,34561.97
2023-10-29 20:00:00,34573.45
2023-10-29 21:00:00,34437.44
2023-10-29 22:00:00,34702.45
2023-10-29 23:00:00,34525.89
2023-10-30 00:00:00,34460.02
2023-10-30 01:00:00,34421.08
2023-10-30 02:00:00,34324.58
2023-10-30 03:00:00,34270.42
2023-10-30 04:00:00,34322.23
2023-10-30 05:00:00,34250.99
2023-10-30 06:00:00,34301.19
2023-10-30 07:00:00,34193.46
2023-10-30 08:00:00,34385.32
2023-10-30 09:00:00,34532.09
2023-10-30 10:00:00,34537.52
2023-10-30 11:00:00,34608.51
2023-10-30 12:00:00,34587.49
2023-10-30 13:00:00,34660.84
2023-10-30 14:00:00,34611.69
2023-10-30 15:00:00,34656.32
2023-10-30 16:00:00,34459.03
2023-10-30 17:00:00,34307.78
2023-10-30 18:00:00,34313.99
2023-10-30 19:00:00,34432.11
2023-10-30 20:00:00,34414.96
2023-10-30 21:00:00,34528.58
2023-10-30 22:00:00,34468.55
2023-10-30 23:00:00,34474.73
2023-10-31 00:00:00,34511.89
2023-10-31 01:00:00,34449.21
2023-10-31 02:00:00,34352.01
2023-10-31 03:00:00,34209.33
2023-10-31 04:00:00,34236.1
2023-10-31 05:00:00,34282.21
2023-10-31 06:00:00,34246.67
2023-10-31 07:00:00,34145.21
2023-10-31 08:00:00,34400.92
2023-10-31 09:00:00,34414.65
2023-10-31 10:00:00,34433.5
2023-10-31 11:00:00,34488.27
2023-10-31 12:00:00,34297.16
2023-10-31 13:00:00,34207.01
2023-10-31 14:00:00,34315.84
2023-10-31 15:00:00,34272.19
2023-10-31 16:00:00,34425.6
2023-10-31 17:00:00,34381.03
2023-10-31 18:00:00,34475.35
2023-10-31 19:00:00,34540.3
2023-10-31 20:00:00,34632.66
2023-10-31 21:00:00,34475.98
2023-10-31 22:00:00,34559.15
2023-10-31 23:00:00,34639.77
2023-11-01 00:00:00,34507.68
2023-11-01 01:00:00,34492.07
2023-11-01 02:00:00,34450.03
2023-11-01 03:00:00,34418.4
2023-11-01 04:00:00,34439.57
2023-11-01 05:00:00,34348.39
2023-11-01 06:00:00,34407.11
2023-11-01 07:00:00,34451.28
2023-11-01 08:00:00,34440.17
2023-11-01 09:00:00,34481.84
2023-11-01 10:00:00,34374.69
2023-11-01 11:00:00,34424.07
2023-11-01 12:00:00,34790.61
2023-11-01 13:00:00,34595.54
2023-11-01 14:00:00,34183.96
2023-11-01 15:00:00,34291.94
2023-11-01 16:00:00,34458.63
2023-11-01 17:00:00,34510.28
2023-11-01 18:00:00,34578.5
2023-11-01 19:00:00,34557.67
2023-11-01 20:00:00,35406.08
2023-11-01 21:00:00,35380.93
2023-11-01 22:00:00,35280.28
2023-11-01 23:00:00,35421.43
2023-11-02 00:00:00,35423.29
2023-11-02 01:00:00,35567.88
2023-11-02 02:00:00,35678.85
2023-11-02 03:00:00,35571.68
2023-11-02 04:00:00,35460.39
2023-11-02 05:00:00,35196.7
2023-11-02 06:00:00,35231.22
2023-11-02 07:00:00,35279.85
2023-11-02 08:00:00,35318.14
2023-11-02 09:00:00,35377.12
2023-11-02 10:00:00,35370.05
2023-11-02 11:00:00,35373.56
2023-11-02 12:00:00,35351.13
2023-11-02 13:00:00,34926.96
2023-11-02 14:00:00,34924.74
2023-11-02 15:00:00,34640.01
2023-11-02 16:00:00,34646.0
2023-11-02 17:00:00,34771.99
2023-11-02 18:00:00,34847.69
2023-11-02 19:00:00,35000.01
2023-11-02 20:00:00,34903.64
2023-11-02 21:00:00,34921.92
2023-11-02 22:00:00,34788.81
2023-11-02 23:00:00,34941.59
2023-11-03 00:00:00,34510.29
2023-11-03 01:00:00,34594.32
2023-11-03 02:00:00,34677.59
2023-11-03 03:00:00,34681.92
2023-11-03 04:00:00,34404.25
2023-11-03 05:00:00,34540.72
2023-11-03 06:00:00,34444.92
2023-11-03 07:00:00,34464.97
2023-11-03 08:00:00,34428.07
2023-11-03 09:00:00,34258.94
2023-11-03 10:00:00,34279.34
2023-11-03 11:00:00,34252.4
2023-11-03 12:00:00,34398.09
2023-11-03 13:00:00,34570.8
2023-11-03 14:00:00,34712.69
2023-11-03 15:00:00,34763.71
2023-11-03 16:00:00,34665.96
2023-11-03 17:00:00,34425.2
2023-11-03 18:00:00,34527.89
2023-11-03 19:00:00,34530.71
2023-11-03 20:00:00,34593.9
2023-11-03 21:00:00,34600.93
2023-11-03 22:00:00,34628.14
2023-11-03 23:00:00,34716.78
2023-11-04 00:00:00,34696.65
2023-11-04 01:00:00,34768.15
2023-11-04 02:00:00,34673.75
2023-11-04 03:00:00,34708.9
2023-11-04 04:00:00,34671.02
2023-11-04 05:00:00,34760.0
2023-11-04 06:00:00,34775.26
2023-11-04 07:00:00,34767.99
2023-11-04 08:00:00,34854.42
2023-11-04 09:00:00,34757.01
2023-11-04 10:00:00,34729.94
2023-11-04 11:00:00,34712.37
2023-11-04 12:00:00,34758.78
2023-11-04 13:00:00,34700.37
2023-11-04 14:00:00,34733.14
2023-11-04 15:00:00,34709.91
2023-11-04 16:00:00,34694.51
2023-11-04 17:00:00,34761.17
2023-11-04 18:00:00,34780.17
2023-11-04 19:00:00,34730.73
2023-11-04 20:00:00,34754.85
2023-11-04 21:00:00,34798.49
2023-11-04 22:00:00,35160.0
2023-11-04 23:00:00,35062.07
2023-11-05 00:00:00,34978.05
2023-11-05 01:00:00,35064.77
2023-11-05 02:00:00,35049.74
2023-11-05 03:00:00,35277.01
2023-11-05 04:00:00,35151.11
2023-11-05 05:00:00,35163.98
2023-11-05 06:00:00,35057.28
2023-11-05 07:00:00,35162.46
2023-11-05 08:00:00,35024.2
2023-11-05 09:00:00,35096.36
2023-11-05 10:00:00,35121.43
2023-11-05 11:00:00,35085.98
2023-11-05 12:00:00,35083.61
2023-11-05 13:00:00,34831.04
2023-11-05 14:00:00,34897.19
2023-11-05 15:00:00,34882.92
2023-11-05 16:00:00,34954.59
2023-11-05 17:00:00,35066.92
2023-11-05 18:00:00,35029.21
2023-11-05 19:00:00,34988.21
2023-11-05 20:00:00,35014.53
2023-11-05 21:00:00,34645.92
2023-11-05 22:00:00,34971.41
2023-11-05 23:00:00,35011.88
2023-11-06 00:00:00,35054.99
2023-11-06 01:00:00,34875.0
2023-11-06 02:00:00,34901.89
2023-11-06 03:00:00,34978.38
2023-11-06 04:00:00,34872.42
2023-11-06 05:00:00,34808.17
2023-11-06 06:00:00,34853.67
2023-11-06 07:00:00,34904.72
2023-11-06 08:00:00,34955.34
2023-11-06 09:00:00,35118.2
2023-11-06 10:00:00,35158.22
2023-11-06 11:00:00,35232.45
2023-11-06 12:00:00,35206.37
2023-11-06 13:00:00,35030.36
2023-11-06 14:00:00,35200.0
2023-11-06 15:00:00,35080.95
2023-11-06 16:00:00,34967.24
2023-11-06 17:00:00,34981.66
2023-11-06 18:00:00,34950.6
2023-11-06 19:00:00,35054.68
2023-11-06 20:00:00,35022.45
2023-11-06 21:00:00,35020.0
2023-11-06 22:00:00,35115.73
2023-11-06 23:00:00,35046.09
2023-11-07 00:00:00,34924.9
2023-11-07 01:00:00,34940.61
2023-11-07 02:00:00,34814.33
2023-11-07 03:00:00,34919.01
2023-11-07 04:00:00,34893.16
2023-11-07 05:00:00,34913.02
2023-11-07 06:00:00,34964.82
2023-11-07 07:00:00,34937.71
2023-11-07 08:00:00,34906.03
2023-11-07 09:00:00,34785.44
2023-11-07 10:00:00,34643.33
2023-11-07 11:00:00,34627.83
2023-11-07 12:00:00,34737.25
2023-11-07 13:00:00,34780.01
2023-11-07 14:00:00,34822.47
2023-11-07 15:00:00,34721.23
2023-11-07 16:00:00,34673.84
2023-11-07 17:00:00,34850.0
2023-11-07 18:00:00,35377.01
2023-11-07 19:00:00,35453.98
2023-11-07 20:00:00,35618.54
2023-11-07 21:00:00,35475.65
2023-11-07 22:00:00,35282.08
2023-11-07 23:00:00,35399.12
2023-11-08 00:00:00,35359.82
2023-11-08 01:00:00,35375.06
2023-11-08 02:00:00,35306.6
2023-11-08 03:00:00,35269.68
2023-11-08 04:00:00,35346.32
2023-11-08 05:00:00,35259.19
2023-11-08 06:00:00,35274.14
2023-11-08 07:00:00,35226.4
2023-11-08 08:00:00,35299.92
2023-11-08 09:00:00,35290.73
2023-11-08 10:00:00,35398.22
2023-11-08 11:00:00,35330.79
2023-11-08 12:00:00,35391.09
2023-11-08 13:00:00,35409.99
2023-11-08 14:00:00,35310.34
2023-11-08 15:00:00,35225.68
2023-11-08 16:00:00,35406.42
2023-11-08 17:00:00,35313.72
2023-11-08 18:00:00,35589.57
2023-11-08 19:00:00,35621.99
2023-11-08 20:00:00,35616.93
2023-11-08 21:00:00,35579.89
2023-11-08 22:00:00,35783.67
2023-11-08 23:00:00,35624.72
2023-11-09 00:00:00,35856.68
2023-11-09 01:00:00,35903.63
2023-11-09 02:00:00,36363.44
2023-11-09 03:00:00,36438.37
2023-11-09 04:00:00,36705.05
2023-11-09 05:00:00,36576.84
2023-11-09 06:00:00,36769.98
2023-11-09 07:00:00,36533.04
2023-11-09 08:00:00,36664.19
2023-11-09 09:00:00,36837.32
2023-11-09 10:00:00,36750.01
2023-11-09 11:00:00,36805.71
2023-11-09 12:00:00,36881.32
2023-11-09 13:00:00,37165.98
2023-11-09 14:00:00,37854.73
2023-11-09 15:00:00,37084.02
2023-11-09 16:00:00,36337.07
2023-11-09 17:00:00,36625.27
2023-11-09 18:00:00,36368.55
2023-11-09 19:00:00,36382.2
2023-11-09 20:00:00,36552.23
2023-11-09 21:00:00,36530.23
2023-11-09 22:00:00,36548.62
2023-11-09 23:00:00,36701.09
2023-11-10 00:00:00,36494.67
2023-11-10 01:00:00,36683.43
2023-11-10 02:00:00,36858.11
2023-11-10 03:00:00,36733.27
2023-11-10 04:00:00,36791.42
2023-11-10 05:00:00,36754.5
2023-11-10 06:00:00,36615.01
2023-11-10 07:00:00,36439.98
2023-11-10 08:00:00,36516.3
2023-11-10 09:00:00,36553.19
2023-11-10 10:00:00,36750.0
2023-11-10 11:00:00,37071.09
2023-11-10 12:00:00,37185.32
2023-11-10 13:00:00,36962.24
2023-11-10 14:00:00,37056.69
2023-11-10 15:00:00,37082.14
2023-11-10 16:00:00,37377.46
2023-11-10 17:00:00,37200.47
2023-11-10 18:00:00,37246.45
2023-11-10 19:00:00,37225.96
2023-11-10 20:00:00,37231.86
2023-11-10 21:00:00,37266.25
2023-11-10 22:00:00,37351.71
2023-11-10 23:00:00,37301.63
2023-11-11 00:00:00,37296.73
2023-11-11 01:00:00,37053.25
2023-11-11 02:00:00,37106.28
2023-11-11 03:00:00,37039.97
2023-11-11 04:00:00,37058.39
2023-11-11 05:00:00,37074.64
2023-11-11 06:00:00,37084.27
2023-11-11 07:00:00,37006.4
2023-11-11 08:00:00,36967.16
2023-11-11 09:00:00,37032.14
2023-11-11 10:00:00,37008.95
2023-11-11 11:00:00,36988.52
2023-11-11 12:00:00,37099.8
2023-11-11 13:00:00,37142.01
2023-11-11 14:00:00,37236.83
2023-11-11 15:00:00,37050.77
2023-11-11 16:00:00,37129.8
2023-11-11 17:00:00,37109.99
2023-11-11 18:00:00,37120.67
2023-11-11 19:00:00,37148.79
2023-11-11 20:00:00,37000.66
2023-11-11 21:00:00,36980.79
2023-11-11 22:00:00,36891.91
2023-11-11 23:00:00,37130.0
2023-11-12 00:00:00,36906.86
2023-11-12 01:00:00,36954.99
2023-11-12 02:00:00,36898.51
2023-11-12 03:00:00,36988.77
2023-11-12 04:00:00,37006.0
2023-11-12 05:00:00,37108.05
2023-11-12 06:00:00,37143.51
2023-11-12 07:00:00,37127.95
2023-11-12 08:00:00,37095.84
2023-11-12 09:00:00,37056.69
2023-11-12 10:00:00,37094.46
2023-11-12 11:00:00,37055.5
2023-11-12 12:00:00,37007.36
2023-11-12 13:00:00,37069.25
2023-11-12 14:00:00,37145.55
2023-11-12 15:00:00,37152.11
2023-11-12 16:00:00,37109.99
2023-11-12 17:00:00,37076.68
2023-11-12 18:00:00,37145.15
2023-11-12 19:00:00,37105.01
2023-11-12 20:00:00,37131.98
2023-11-12 21:00:00,37157.31
2023-11-12 22:00:00,37155.67
2023-11-12 23:00:00,37064.13
2023-11-13 00:00:00,37096.48
2023-11-13 01:00:00,37192.96
2023-11-13 02:00:00,37142.13
2023-11-13 03:00:00,36914.01
2023-11-13 04:00:00,36927.45
2023-11-13 05:00:00,36916.94
2023-11-13 06:00:00,36962.95
2023-11-13 07:00:00,36960.29
2023-11-13 08:00:00,37023.33
2023-11-13 09:00:00,36987.48
2023-11-13 10:00:00,36975.09
2023-11-13 11:00:00,36810.02
2023-11-13 12:00:00,36929.57
2023-11-13 13:00:00,36827.25
2023-11-13 14:00:00,36787.23
2023-11-13 15:00:00,36841.91
2023-11-13 16:00:00,36857.73
2023-11-13 17:00:00,36670.09
2023-11-13 18:00:00,36746.99
2023-11-13 19:00:00,36844.98
2023-11-13 20:00:00,36785.18
2023-11-13 21:00:00,36480.0
2023-11-13 22:00:00,36467.25
2023-11-13 23:00:00,36462.93
2023-11-14 00:00:00,36245.49
2023-11-14 01:00:00,36323.84
2023-11-14 02:00:00,36426.99
2023-11-14 03:00:00,36448.07
2023-11-14 04:00:00,36500.0
2023-11-14 05:00:00,36627.79
2023-11-14 06:00:00,36657.96
2023-11-14 07:00:00,36683.86
2023-11-14 08:00:00,36733.34
2023-11-14 09:00:00,36482.4
2023-11-14 10:00:00,36492.22
2023-11-14 11:00:00,36259.18
2023-11-14 12:00:00,36348.48
2023-11-14 13:00:00,36503.26
2023-11-14 14:00:00,36594.81
2023-11-14 15:00:00,36147.09
2023-11-14 16:00:00,36268.9
2023-11-14 17:00:00,36091.09
2023-11-14 18:00:00,35230.0
2023-11-14 19:00:00,35293.99
2023-11-14 20:00:00,35285.99
2023-11-14 21:00:00,35575.99
2023-11-14 22:00:00,35608.0
2023-11-14 23:00:00,35551.19
2023-11-15 00:00:00,35496.78
2023-11-15 01:00:00,35424.17
2023-11-15 02:00:00,35480.6
2023-11-15 03:00:00,35381.99
2023-11-15 04:00:00,35578.84
2023-11-15 05:00:00,35600.0
2023-11-15 06:00:00,35581.84
2023-11-15 07:00:00,35576.88
2023-11-15 08:00:00,35792.11
2023-11-15 09:00:00,35782.57
2023-11-15 10:00:00,35868.56
2023-11-15 11:00:00,36240.94
2023-11-15 12:00:00,36190.71
2023-11-15 13:00:00,36099.87
2023-11-15 14:00:00,36111.1
2023-11-15 15:00:00,36402.42
2023-11-15 16:00:00,36372.01
2023-11-15 17:00:00,36491.04
2023-11-15 18:00:00,37390.01
2023-11-15 19:00:00,37499.99
2023-11-15 20:00:00,37531.08
2023-11-15 21:00:00,37621.19
2023-11-15 22:00:00,37706.62
2023-11-15 23:00:00,37858.2
2023-11-16 00:00:00,37765.63
2023-11-16 01:00:00,37433.37
2023-11-16 02:00:00,37507.25
2023-11-16 03:00:00,37454.98
2023-11-16 04:00:00,37436.18
2023-11-16 05:00:00,37455.32
2023-11-16 06:00:00,37562.47
2023-11-16 07:00:00,37437.25
2023-11-16 08:00:00,37300.4
2023-11-16 09:00:00,37355.47
2023-11-16 10:00:00,37292.04
2023-11-16 11:00:00,37247.48
2023-11-16 12:00:00,37127.8
2023-11-16 13:00:00,36770.0
2023-11-16 14:00:00,36708.18
2023-11-16 15:00:00,36406.0
2023-11-16 16:00:00,36564.09
2023-11-16 17:00:00,36313.27
2023-11-16 18:00:00,36235.59
2023-11-16 19:00:00,35921.01
2023-11-16 20:00:00,35955.01
2023-11-16 21:00:00,35963.33
2023-11-16 22:00:00,36217.58
2023-11-16 23:00:00,36163.51
2023-11-17 00:00:00,36368.01
2023-11-17 01:00:00,36562.0
2023-11-17 02:00:00,36451.99
2023-11-17 03:00:00,36483.99
2023-11-17 04:00:00,36435.69
2023-11-17 05:00:00,36355.57
2023-11-17 06:00:00,36358.01
2023-11-17 07:00:00,36239.76
2023-11-17 08:00:00,36402.63
2023-11-17 09:00:00,36313.74
2023-11-17 10:00:00,36363.94
2023-11-17 11:00:00,36372.83
2023-11-17 12:00:00,36525.69
2023-11-17 13:00:00,36341.0
2023-11-17 14:00:00,36015.53
2023-11-17 15:00:00,36044.8
2023-11-17 16:00:00,35978.95
2023-11-17 17:00:00,36499.99
2023-11-17 18:00:00,36472.19
2023-11-17 19:00:00,36322.4
2023-11-17 20:00:00,36483.27
2023-11-17 21:00:00,36396.38
2023-11-17 22:00:00,36544.78
2023-11-17 23:00:00,36613.92
2023-11-18 00:00:00,36400.01
2023-11-18 01:00:00,36405.46
2023-11-18 02:00:00,36408.09
2023-11-18 03:00:00,36371.81
2023-11-18 04:00:00,36369.45
2023-11-18 05:00:00,36334.0
2023-11-18 06:00:00,36252.0
2023-11-18 07:00:00,36417.16
2023-11-18 08:00:00,36448.01
2023-11-18 09:00:00,36397.45
2023-11-18 10:00:00,36472.46
2023-11-18 11:00:00,36402.8
2023-11-18 12:00:00,36449.3
2023-11-18 13:00:00,36430.21
2023-11-18 14:00:00,36507.03
2023-11-18 15:00:00,36664.16
2023-11-18 16:00:00,36674.0
2023-11-18 17:00:00,36620.0
2023-11-18 18:00:00,36707.19
2023-11-18 19:00:00,36679.1
2023-11-18 20:00:00,36598.0
2023-11-18 21:00:00,36542.01
2023-11-18 22:00:00,36506.0
2023-11-18 23:00:00,36568.1
2023-11-19 00:00:00,36464.69
2023-11-19 01:00:00,36485.44
2023-11-19 02:00:00,36453.99
2023-11-19 03:00:00,36521.11
2023-11-19 04:00:00,36534.93
2023-11-19 05:00:00,36510.96
2023-11-19 06:00:00,36601.09
2023-11-19 07:00:00,36611.5
2023-11-19 08:00:00,36615.99
2023-11-19 09:00:00,36627.88
2023-11-19 10:00:00,36530.53
2023-11-19 11:00:00,36453.62
2023-11-19 12:00:00,36492.63
2023-11-19 13:00:00,36487.04
2023-11-19 14:00:00,36457.99
2023-11-19 15:00:00,36568.27
2023-11-19 16:00:00,36557.98
2023-11-19 17:00:00,36603.04
2023-11-19 18:00:00,36835.99
2023-11-19 19:00:00,36948.97
2023-11-19 20:00:00,36916.8
2023-11-19 21:00:00,36984.46
2023-11-19 22:00:00,36980.29
2023-11-19 23:00:00,37359.86
2023-11-20 00:00:00,37299.34
2023-11-20 01:00:00,37291.45
2023-11-20 02:00:00,37303.92
2023-11-20 03:00:00,37114.34
2023-11-20 04:00:00,37207.26
2023-11-20 05:00:00,37132.88
2023-11-20 06:00:00,37182.62
2023-11-20 07:00:00,37244.47
2023-11-20 08:00:00,37123.95
2023-11-20 09:00:00,37190.15
2023-11-20 10:00:00,37290.0
2023-11-20 11:00:00,37147.5
2023-11-20 12:00:00,37143.1
2023-11-20 13:00:00,37093.3
2023-11-20 14:00:00,37411.11
2023-11-20 15:00:00,37461.61
2023-11-20 16:00:00,37234.83
2023-11-20 17:00:00,37576.66
2023-11-20 18:00:00,37527.26
2023-11-20 19:00:00,37569.23
2023-11-20 20:00:00,37548.69
2023-11-20 21:00:00,37415.99
2023-11-20 22:00:00,37425.78
2023-11-20 23:00:00,37448.78
2023-11-21 00:00:00,37394.17
2023-11-21 01:00:00,37600.61
2023-11-21 02:00:00,37452.34
2023-11-21 03:00:00,37464.86
2023-11-21 04:00:00,37389.98
2023-11-21 05:00:00,37355.89
2023-11-21 06:00:00,37369.98
2023-11-21 07:00:00,37279.91
2023-11-21 08:00:00,37407.62
2023-11-21 09:00:00,37314.01
2023-11-21 10:00:00,37345.62
2023-11-21 11:00:00,37174.97
2023-11-21 12:00:00,37184.0
2023-11-21 13:00:00,37011.88
2023-11-21 14:00:00,36635.97
2023-11-21 15:00:00,36975.04
2023-11-21 16:00:00,37194.8
2023-11-21 17:00:00,36901.99
2023-11-21 18:00:00,36883.25
2023-11-21 19:00:00,36980.0
2023-11-21 20:00:00,36935.9
2023-11-21 21:00:00,36833.92
2023-11-21 22:00:00,36377.58
2023-11-21 23:00:00,35741.65
2023-11-22 00:00:00,36108.17
2023-11-22 01:00:00,36093.02
2023-11-22 02:00:00,36294.13
2023-11-22 03:00:00,36380.0
2023-11-22 04:00:00,36418.07
2023-11-22 05:00:00,36358.99
2023-11-22 06:00:00,36514.5
2023-11-22 07:00:00,36439.81
2023-11-22 08:00:00,36560.22
2023-11-22 09:00:00,36690.98
2023-11-22 10:00:00,36664.46
2023-11-22 11:00:00,36463.93
2023-11-22 12:00:00,36557.54
2023-11-22 13:00:00,36595.57
2023-11-22 14:00:00,36397.39
2023-11-22 15:00:00,36481.14
2023-11-22 16:00:00,36469.87
2023-11-22 17:00:00,36586.75
2023-11-22 18:00:00,37197.99
2023-11-22 19:00:00,37289.98
2023-11-22 20:00:00,37615.99
2023-11-22 21:00:00,37607.08
2023-11-22 22:00:00,37445.9
2023-11-22 23:00:00,37408.34
2023-11-23 00:00:00,37302.22
2023-11-23 01:00:00,37408.01
2023-11-23 02:00:00,37335.98
2023-11-23 03:00:00,37299.69
2023-11-23 04:00:00,37340.07
2023-11-23 05:00:00,37323.11
2023-11-23 06:00:00,37272.68
2023-11-23 07:00:00,37369.21
2023-11-23 08:00:00,37500.0
2023-11-23 09:00:00,37637.83
2023-11-23 10:00:00,37461.36
2023-11-23 11:00:00,37370.0
2023-11-23 12:00:00,37303.87
2023-11-23 13:00:00,37238.0
2023-11-23 14:00:00,37204.11
2023-11-23 15:00:00,36951.34
2023-11-23 16:00:00,37084.0
2023-11-23 17:00:00,37169.78
2023-11-23 18:00:00,37255.71
2023-11-23 19:00:00,37281.42
2023-11-23 20:00:00,37278.95
2023-11-23 21:00:00,37245.87
2023-11-23 22:00:00,37304.99
2023-11-23 23:00:00,37294.28
2023-11-24 00:00:00,37294.47
2023-11-24 01:00:00,37395.97
2023-11-24 02:00:00,37383.51
2023-11-24 03:00:00,37315.65
2023-11-24 04:00:00,37348.0
2023-11-24 05:00:00,37425.64
2023-11-24 06:00:00,37379.17
2023-11-24 07:00:00,37522.99
2023-11-24 08:00:00,37437.9
2023-11-24 09:00:00,37622.41
2023-11-24 10:00:00,37597.37
2023-11-24 11:00:00,37741.99
2023-11-24 12:00:00,37713.99
2023-11-24 13:00:00,37771.99
2023-11-24 14:00:00,37791.72
2023-11-24 15:00:00,38221.11
2023-11-24 16:00:00,37725.99
2023-11-24 17:00:00,37850.0
2023-11-24 18:00:00,37722.53
2023-11-24 19:00:00,37766.11
2023-11-24 20:00:00,37827.57
2023-11-24 21:00:00,37824.34
2023-11-24 22:00:00,37682.17
2023-11-24 23:00:00,37713.57
2023-11-25 00:00:00,37717.99
2023-11-25 01:00:00,37787.92
2023-11-25 02:00:00,37821.58
2023-11-25 03:00:00,37798.0
2023-11-25 04:00:00,37777.94
2023-11-25 05:00:00,37812.77
2023-11-25 06:00:00,37793.61
2023-11-25 07:00:00,37802.4
2023-11-25 08:00:00,37761.1
2023-11-25 09:00:00,37734.04
2023-11-25 10:00:00,37685.4
2023-11-25 11:00:00,37652.51
2023-11-25 12:00:00,37721.7
2023-11-25 13:00:00,37720.21
2023-11-25 14:00:00,37677.22
2023-11-25 15:00:00,37704.38
2023-11-25 16:00:00,37739.01
2023-11-25 17:00:00,37765.37
2023-11-25 18:00:00,37815.63
2023-11-25 19:00:00,37819.43
2023-11-25 20:00:00,37788.99
2023-11-25 21:00:00,37793.37
2023-11-25 22:00:00,37725.01
2023-11-25 23:00:00,37780.67
2023-11-26 00:00:00,37742.1
2023-11-26 01:00:00,37680.53
2023-11-26 02:00:00,37744.0
2023-11-26 03:00:00,37730.38
2023-11-26 04:00:00,37759.7
2023-11-26 05:00:00,37773.21
2023-11-26 06:00:00,37786.23
2023-11-26 07:00:00,37789.78
2023-11-26 08:00:00,37755.48
2023-11-26 09:00:00,37759.58
2023-11-26 10:00:00,37697.31
2023-11-26 11:00:00,37679.31
2023-11-26 12:00:00,37627.52
2023-11-26 13:00:00,37514.9
2023-11-26 14:00:00,37341.1
2023-11-26 15:00:00,37437.11
2023-11-26 16:00:00,37226.52
2023-11-26 17:00:00,37275.22
2023-11-26 18:00:00,37240.99
2023-11-26 19:00:00,37380.07
2023-11-26 20:00:00,37588.57
2023-11-26 21:00:00,37616.45
2023-11-26 22:00:00,37653.25
2023-11-26 23:00:00,37447.43
2023-11-27 00:00:00,37486.4
2023-11-27 01:00:00,37489.09
2023-11-27 02:00:00,37314.94
2023-11-27 03:00:00,37309.25
2023-11-27 04:00:00,37371.53
2023-11-27 05:00:00,37306.32
2023-11-27 06:00:00,37272.06
2023-11-27 07:00:00,37283.19
2023-11-27 08:00:00,37338.14
2023-11-27 09:00:00,37371.09
2023-11-27 10:00:00,37105.57
2023-11-27 11:00:00,37035.95
2023-11-27 12:00:00,36971.61
2023-11-27 13:00:00,36949.99
2023-11-27 14:00:00,36807.99
2023-11-27 15:00:00,36751.02
2023-11-27 16:00:00,37077.8
2023-11-27 17:00:00,36923.62
2023-11-27 18:00:00,36967.16
2023-11-27 19:00:00,36877.0
2023-11-27 20:00:00,36800.02
2023-11-27 21:00:00,37030.87
2023-11-27 22:00:00,37083.23
2023-11-27 23:00:00,37242.7
2023-11-28 00:00:00,37258.13
2023-11-28 01:00:00,37198.09
2023-11-28 02:00:00,37179.11
2023-11-28 03:00:00,37129.56
2023-11-28 04:00:00,36988.0
2023-11-28 05:00:00,36913.76
2023-11-28 06:00:00,37105.53
2023-11-28 07:00:00,37105.11
2023-11-28 08:00:00,36940.54
2023-11-28 09:00:00,37083.16
2023-11-28 10:00:00,37108.33
2023-11-28 11:00:00,37251.42
2023-11-28 12:00:00,37205.21
2023-11-28 13:00:00,37412.29
2023-11-28 14:00:00,37367.36
2023-11-28 15:00:00,37513.19
2023-11-28 16:00:00,37877.57
2023-11-28 17:00:00,38210.75
2023-11-28 18:00:00,37971.64
2023-11-28 19:00:00,38114.26
2023-11-28 20:00:00,38198.4
2023-11-28 21:00:00,37943.62
2023-11-28 22:00:00,37861.1
2023-11-28 23:00:00,37818.87
2023-11-29 00:00:00,37915.0
2023-11-29 01:00:00,37934.1
2023-11-29 02:00:00,37931.59
2023-11-29 03:00:00,37940.49
2023-11-29 04:00:00,37931.86
2023-11-29 05:00:00,38035.73
2023-11-29 06:00:00,38174.41
2023-11-29 07:00:00,38096.69
2023-11-29 08:00:00,38338.0
2023-11-29 09:00:00,38281.0
2023-11-29 10:00:00,37973.38
2023-11-29 11:00:00,38104.65
2023-11-29 12:00:00,38161.09
2023-11-29 13:00:00,38113.09
2023-11-29 14:00:00,37823.81
2023-11-29 15:00:00,37830.75
2023-11-29 16:00:00,37762.36
2023-11-29 17:00:00,37777.01
2023-11-29 18:00:00,37862.0
2023-11-29 19:00:00,37874.2
2023-11-29 20:00:00,37675.0
2023-11-29 21:00:00,37739.0
2023-11-29 22:00:00,37790.65
2023-11-29 23:00:00,37854.64
2023-11-30 00:00:00,37778.94
2023-11-30 01:00:00,37703.42
2023-11-30 02:00:00,37876.05
2023-11-30 03:00:00,38051.84
2023-11-30 04:00:00,37975.94
2023-11-30 05:00:00,37885.63
2023-11-30 06:00:00,37864.0
2023-11-30 07:00:00,37792.98
2023-11-30 08:00:00,37668.87
2023-11-30 09:00:00,37713.54
2023-11-30 10:00:00,37680.01
2023-11-30 11:00:00,37885.15
2023-11-30 12:00:00,37879.99
2023-11-30 13:00:00,37725.85
2023-11-30 14:00:00,37655.09
2023-11-30 15:00:00,37619.84
2023-11-30 16:00:00,37661.89
2023-11-30 17:00:00,37740.86
2023-11-30 18:00:00,37739.36
2023-11-30 19:00:00,37749.34
2023-11-30 20:00:00,37730.94
2023-11-30 21:00:00,37739.1
2023-11-30 22:00:00,37694.06
2023-11-30 23:00:00,37723.96
2023-12-01 00:00:00,37682.38
2023-12-01 01:00:00,37946.02
2023-12-01 02:00:00,37990.8
2023-12-01 03:00:00,38043.05
2023-12-01 04:00:00,38179.86
2023-12-01 05:00:00,38120.84
2023-12-01 06:00:00,38214.23
2023-12-01 07:00:00,38244.08
2023-12-01 08:00:00,38313.47
2023-12-01 09:00:00,38705.24
2023-12-01 10:00:00,38541.02
2023-12-01 11:00:00,38580.17
2023-12-01 12:00:00,38360.95
2023-12-01 13:00:00,38367.15
2023-12-01 14:00:00,38324.57
2023-12-01 15:00:00,38413.5
2023-12-01 16:00:00,38801.92
2023-12-01 17:00:00,38799.01
2023-12-01 18:00:00,38703.69
2023-12-01 19:00:00,38762.4
2023-12-01 20:00:00,38749.62
2023-12-01 21:00:00,38776.05
2023-12-01 22:00:00,38703.86
2023-12-01 23:00:00,38682.52
2023-12-02 00:00:00,38713.79
2023-12-02 01:00:00,38750.31
2023-12-02 02:00:00,38720.7
2023-12-02 03:00:00,38782.27
2023-12-02 04:00:00,38818.16
2023-12-02 05:00:00,38750.01
2023-12-02 06:00:00,38774.95
2023-12-02 07:00:00,38702.48
2023-12-02 08:00:00,38713.19
2023-12-02 09:00:00,38776.54
2023-12-02 10:00:00,38747.46
2023-12-02 11:00:00,38740.16
2023-12-02 12:00:00,38779.7
2023-12-02 13:00:00,38815.9
2023-12-02 14:00:00,38782.0
2023-12-02 15:00:00,38811.75
2023-12-02 16:00:00,38748.51
2023-12-02 17:00:00,38795.09
2023-12-02 18:00:00,38872.72
2023-12-02 19:00:00,39420.0
2023-12-02 20:00:00,39574.61
2023-12-02 21:00:00,39563.6
2023-12-02 22:00:00,39349.01
2023-12-02 23:00:00,39450.35
2023-12-03 00:00:00,39503.16
2023-12-03 01:00:00,39485.46
2023-12-03 02:00:00,39364.16
2023-12-03 03:00:00,39381.11
2023-12-03 04:00:00,39352.37
2023-12-03 05:00:00,39422.78
2023-12-03 06:00:00,39417.58
2023-12-03 07:00:00,39478.72
2023-12-03 08:00:00,39400.01
2023-12-03 09:00:00,39457.99
2023-12-03 10:00:00,39541.0
2023-12-03 11:00:00,39479.7
2023-12-03 12:00:00,39407.96
2023-12-03 13:00:00,39671.36
2023-12-03 14:00:00,39544.08
2023-12-03 15:00:00,39760.42
2023-12-03 16:00:00,39666.67
2023-12-03 17:00:00,39526.7
2023-12-03 18:00:00,39543.28
2023-12-03 19:00:00,39565.99
2023-12-03 20:00:00,39567.95
2023-12-03 21:00:00,39710.15
2023-12-03 22:00:00,40060.71
2023-12-03 23:00:00,39972.26
2023-12-04 00:00:00,40211.29
2023-12-04 01:00:00,40604.05
2023-12-04 02:00:00,40679.97
2023-12-04 03:00:00,40709.77
2023-12-04 04:00:00,40906.44
2023-12-04 05:00:00,41500.0
2023-12-04 06:00:00,41381.1
2023-12-04 07:00:00,41441.1
2023-12-04 08:00:00,41681.9
2023-12-04 09:00:00,41544.9
2023-12-04 10:00:00,41978.18
2023-12-04 11:00:00,41596.01
2023-12-04 12:00:00,41799.51
2023-12-04 13:00:00,41735.92
2023-12-04 14:00:00,41645.93
2023-12-04 15:00:00,41270.33
2023-12-04 16:00:00,41633.98
2023-12-04 17:00:00,41614.66
2023-12-04 18:00:00,41725.89
2023-12-04 19:00:00,41987.28
2023-12-04 20:00:00,41764.36
2023-12-04 21:00:00,42039.99
2023-12-04 22:00:00,41950.6
2023-12-04 23:00:00,41991.1
2023-12-05 00:00:00,41923.87
2023-12-05 01:00:00,41805.07
2023-12-05 02:00:00,41741.09
2023-12-05 03:00:00,41829.99
2023-12-05 04:00:00,41777.79
2023-12-05 05:00:00,41911.09
2023-12-05 06:00:00,41723.97
2023-12-05 07:00:00,41528.0
2023-12-05 08:00:00,41614.13
2023-12-05 09:00:00,41705.54
2023-12-05 10:00:00,41617.89
2023-12-05 11:00:00,41726.09
2023-12-05 12:00:00,41868.8
2023-12-05 13:00:00,41824.72
2023-12-05 14:00:00,42194.0
2023-12-05 15:00:00,42268.29
2023-12-05 16:00:00,42715.17
2023-12-05 17:00:00,43377.87
2023-12-05 18:00:00,43712.0
2023-12-05 19:00:00,43814.36
2023-12-05 20:00:00,43779.78
2023-12-05 21:00:00,43891.1
2023-12-05 22:00:00,44285.4
2023-12-05 23:00:00,44073.32
2023-12-06 00:00:00,44139.0
2023-12-06 01:00:00,43871.37
2023-12-06 02:00:00,43903.9
2023-12-06 03:00:00,43736.06
2023-12-06 04:00:00,43727.6
2023-12-06 05:00:00,43676.33
2023-12-06 06:00:00,43671.04
2023-12-06 07:00:00,43688.87
2023-12-06 08:00:00,43825.84
2023-12-06 09:00:00,43874.38
2023-12-06 10:00:00,44111.25
2023-12-06 11:00:00,43839.21
2023-12-06 12:00:00,44031.02
2023-12-06 13:00:00,44095.06
2023-12-06 14:00:00,44050.02
2023-12-06 15:00:00,43785.2
2023-12-06 16:00:00,43853.24
2023-12-06 17:00:00,43961.12
2023-12-06 18:00:00,43934.28
2023-12-06 19:00:00,43984.71
2023-12-06 20:00:00,43755.79
2023-12-06 21:00:00,43824.19
2023-12-06 22:00:00,43766.84
2023-12-06 23:00:00,43762.69
2023-12-07 00:00:00,43822.23
2023-12-07 01:00:00,43926.98
2023-12-07 02:00:00,43970.99
2023-12-07 03:00:00,43926.84
2023-12-07 04:00:00,43964.81
2023-12-07 05:00:00,44007.25
2023-12-07 06:00:00,43869.66
2023-12-07 07:00:00,43884.01
2023-12-07 08:00:00,43585.6
2023-12-07 09:00:00,43351.07
2023-12-07 10:00:00,43134.24
2023-12-07 11:00:00,43188.03
2023-12-07 12:00:00,43408.0
2023-12-07 13:00:00,43294.63
2023-12-07 14:00:00,43485.8
2023-12-07 15:00:00,43659.99
2023-12-07 16:00:00,43687.1
2023-12-07 17:00:00,43419.02
2023-12-07 18:00:00,43309.22
2023-12-07 19:00:00,43203.58
2023-12-07 20:00:00,43235.74
2023-12-07 21:00:00,43374.51
2023-12-07 22:00:00,43136.0
2023-12-07 23:00:00,43273.14
2023-12-08 00:00:00,43391.94
2023-12-08 01:00:00,43406.13
2023-12-08 02:00:00,43497.38
2023-12-08 03:00:00,43366.01
2023-12-08 04:00:00,43452.87
2023-12-08 05:00:00,43421.9
2023-12-08 06:00:00,43360.0
2023-12-08 07:00:00,43166.01
2023-12-08 08:00:00,43212.94
2023-12-08 09:00:00,43135.98
2023-12-08 10:00:00,43349.99
2023-12-08 11:00:00,43653.82
2023-12-08 12:00:00,43743.83
2023-12-08 13:00:00,43571.75
2023-12-08 14:00:00,43962.98
2023-12-08 15:00:00,43760.94
2023-12-08 16:00:00,43824.47
2023-12-08 17:00:00,43735.82
2023-12-08 18:00:00,43810.01
2023-12-08 19:00:00,43945.11
2023-12-08 20:00:00,44363.99
2023-12-08 21:00:00,44527.34
2023-12-08 22:00:00,44260.54
2023-12-08 23:00:00,44170.99
2023-12-09 00:00:00,44177.03
2023-12-09 01:00:00,44118.7
2023-12-09 02:00:00,44120.01
2023-12-09 03:00:00,44139.38
2023-12-09 04:00:00,44231.98
2023-12-09 05:00:00,44274.99
2023-12-09 06:00:00,44200.0
2023-12-09 07:00:00,44180.22
2023-12-09 08:00:00,43834.35
2023-12-09 09:00:00,43842.0
2023-12-09 10:00:00,43835.05
2023-12-09 11:00:00,43817.35
2023-12-09 12:00:00,43899.99
2023-12-09 13:00:00,43996.33
2023-12-09 14:00:00,43935.58
2023-12-09 15:00:00,44045.1
2023-12-09 16:00:00,44008.58
2023-12-09 17:00:00,43891.46
2023-12-09 18:00:00,43964.95
2023-12-09 19:00:00,43924.39
2023-12-09 20:00:00,43979.79
2023-12-09 21:00:00,43971.12
2023-12-09 22:00:00,43900.14
2023-12-09 23:00:00,43713.6
2023-12-10 00:00:00,43772.01
2023-12-10 01:00:00,43793.86
2023-12-10 02:00:00,43744.71
2023-12-10 03:00:00,43845.32
2023-12-10 04:00:00,43937.0
2023-12-10 05:00:00,43884.4
2023-12-10 06:00:00,43911.12
2023-12-10 07:00:00,43966.44
2023-12-10 08:00:00,43775.51
2023-12-10 09:00:00,43606.8
2023-12-10 10:00:00,43700.02
2023-12-10 11:00:00,43738.02
2023-12-10 12:00:00,43884.01
2023-12-10 13:00:00,43834.64
2023-12-10 14:00:00,43832.25
2023-12-10 15:00:00,43903.73
2023-12-10 16:00:00,43828.91
2023-12-10 17:00:00,43821.09
2023-12-10 18:00:00,43828.82
2023-12-10 19:00:00,43797.1
2023-12-10 20:00:00,43960.01
2023-12-10 21:00:00,43801.1
2023-12-10 22:00:00,43783.47
2023-12-10 23:00:00,43789.51
2023-12-11 00:00:00,43630.42
2023-12-11 01:00:00,43222.46
2023-12-11 02:00:00,41952.99
2023-12-11 03:00:00,42309.58
2023-12-11 04:00:00,42164.0
2023-12-11 05:00:00,42053.41
2023-12-11 06:00:00,42130.0
2023-12-11 07:00:00,42132.51
2023-12-11 08:00:00,42242.97
2023-12-11 09:00:00,42380.0
2023-12-11 10:00:00,42381.22
2023-12-11 11:00:00,42344.01
2023-12-11 12:00:00,42210.5
2023-12-11 13:00:00,42003.99
2023-12-11 14:00:00,41850.0
2023-12-11 15:00:00,41803.44
2023-12-11 16:00:00,41794.34
2023-12-11 17:00:00,41347.83
2023-12-11 18:00:00,41050.38
2023-12-11 19:00:00,40779.99
2023-12-11 20:00:00,40858.02
2023-12-11 21:00:00,41202.93
2023-12-11 22:00:00,41286.28
2023-12-11 23:00:00,41253.4
2023-12-12 00:00:00,41717.98
2023-12-12 01:00:00,41681.09
2023-12-12 02:00:00,41862.01
2023-12-12 03:00:00,41735.29
2023-12-12 04:00:00,41385.43
2023-12-12 05:00:00,41565.99
2023-12-12 06:00:00,41695.04
2023-12-12 07:00:00,41916.27
2023-12-12 08:00:00,42036.86
2023-12-12 09:00:00,41804.57
2023-12-12 10:00:00,41809.42
2023-12-12 11:00:00,41584.57
2023-12-12 12:00:00,41849.99
2023-12-12 13:00:00,41810.78
2023-12-12 14:00:00,41474.87
2023-12-12 15:00:00,41348.0
2023-12-12 16:00:00,41343.06
2023-12-12 17:00:00,40702.99
2023-12-12 18:00:00,41305.44
2023-12-12 19:00:00,41137.99
2023-12-12 20:00:00,41229.61
2023-12-12 21:00:00,41104.02
2023-12-12 22:00:00,41230.2
2023-12-12 23:00:00,41492.39
2023-12-13 00:00:00,41411.4
2023-12-13 01:00:00,41022.0
2023-12-13 02:00:00,41001.95
2023-12-13 03:00:00,40829.36
2023-12-13 04:00:00,40901.01
2023-12-13 05:00:00,41019.66
2023-12-13 06:00:00,40865.99
2023-12-13 07:00:00,41115.27
2023-12-13 08:00:00,41267.88
2023-12-13 09:00:00,41219.37
2023-12-13 10:00:00,41143.26
2023-12-13 11:00:00,41004.69
2023-12-13 12:00:00,41209.27
2023-12-13 13:00:00,41466.0
2023-12-13 14:00:00,41432.0
2023-12-13 15:00:00,41939.18
2023-12-13 16:00:00,41870.02
2023-12-13 17:00:00,42118.6
2023-12-13 18:00:00,42127.44
2023-12-13 19:00:00,42734.01
2023-12-13 20:00:00,42874.87
2023-12-13 21:00:00,42988.49
2023-12-13 22:00:00,42962.41
2023-12-13 23:00:00,42869.03
2023-12-14 00:00:00,42788.85
2023-12-14 01:00:00,42844.68
2023-12-14 02:00:00,42765.99
2023-12-14 03:00:00,42713.86
2023-12-14 04:00:00,42710.39
2023-12-14 05:00:00,42808.48
2023-12-14 06:00:00,42905.99
2023-12-14 07:00:00,42898.98
2023-12-14 08:00:00,42761.82
2023-12-14 09:00:00,42891.98
2023-12-14 10:00:00,42958.22
2023-12-14 11:00:00,43267.06
2023-12-14 12:00:00,43095.62
2023-12-14 13:00:00,42570.12
2023-12-14 14:00:00,42655.3
2023-12-14 15:00:00,42448.28
2023-12-14 16:00:00,42597.79
2023-12-14 17:00:00,43202.18
2023-12-14 18:00:00,42855.34
2023-12-14 19:00:00,43094.13
2023-12-14 20:00:00,42920.76
2023-12-14 21:00:00,42974.94
2023-12-14 22:00:00,43071.03
2023-12-14 23:00:00,43022.26
2023-12-15 00:00:00,42888.99
2023-12-15 01:00:00,42974.94
2023-12-15 02:00:00,42876.68
2023-12-15 03:00:00,42795.94
2023-12-15 04:00:00,42805.66
2023-12-15 05:00:00,42592.63
2023-12-15 06:00:00,42564.56
2023-12-15 07:00:00,42699.99
2023-12-15 08:00:00,42870.57
2023-12-15 09:00:00,42834.91
2023-12-15 10:00:00,42847.07
2023-12-15 11:00:00,42776.03
2023-12-15 12:00:00,42605.11
2023-12-15 13:00:00,42288.02
2023-12-15 14:00:00,42181.1
2023-12-15 15:00:00,41909.56
2023-12-15 16:00:00,41798.23
2023-12-15 17:00:00,41855.06
2023-12-15 18:00:00,42114.41
2023-12-15 19:00:00,42096.08
2023-12-15 20:00:00,42220.01
2023-12-15 21:00:00,42238.03
2023-12-15 22:00:00,42061.14
2023-12-15 23:00:00,41940.3
2023-12-16 00:00:00,41908.41
2023-12-16 01:00:00,42066.04
2023-12-16 02:00:00,42148.88
2023-12-16 03:00:00,42333.79
2023-12-16 04:00:00,42286.0
2023-12-16 05:00:00,42266.09
2023-12-16 06:00:00,42205.05
2023-12-16 07:00:00,42222.67
2023-12-16 08:00:00,42179.13
2023-12-16 09:00:00,42209.49
2023-12-16 10:00:00,42261.09
2023-12-16 11:00:00,42331.99
2023-12-16 12:00:00,42418.96
2023-12-16 13:00:00,42396.1
2023-12-16 14:00:00,42361.63
2023-12-16 15:00:00,42604.0
2023-12-16 16:00:00,42590.13
2023-12-16 17:00:00,42506.89
2023-12-16 18:00:00,42466.0
2023-12-16 19:00:00,42351.73
2023-12-16 20:00:00,42333.88
2023-12-16 21:00:00,42295.04
2023-12-16 22:00:00,42311.29
2023-12-16 23:00:00,42278.03
2023-12-17 00:00:00,42145.84
2023-12-17 01:00:00,42006.05
2023-12-17 02:00:00,41874.01
2023-12-17 03:00:00,41925.55
2023-12-17 04:00:00,42000.01
2023-12-17 05:00:00,41902.7
2023-12-17 06:00:00,41997.46
2023-12-17 07:00:00,41886.75
2023-12-17 08:00:00,41894.32
2023-12-17 09:00:00,41984.34
2023-12-17 10:00:00,41946.49
2023-12-17 11:00:00,41960.07
2023-12-17 12:00:00,41949.22
2023-12-17 13:00:00,41862.91
2023-12-17 14:00:00,41624.0
2023-12-17 15:00:00,41811.37
2023-12-17 16:00:00,42111.22
2023-12-17 17:00:00,42091.37
2023-12-17 18:00:00,42173.21
2023-12-17 19:00:00,42105.91
2023-12-17 20:00:00,42122.8
2023-12-17 21:00:00,41938.01
2023-12-17 22:00:00,41717.86
2023-12-17 23:00:00,41374.65
2023-12-18 00:00:00,41367.95
2023-12-18 01:00:00,40982.01
2023-12-18 02:00:00,40900.57
2023-12-18 03:00:00,41090.92
2023-12-18 04:00:00,41187.53
2023-12-18 05:00:00,41004.18
2023-12-18 06:00:00,41210.47
2023-12-18 07:00:00,41126.02
2023-12-18 08:00:00,41196.18
2023-12-18 09:00:00,41047.51
2023-12-18 10:00:00,40823.5
2023-12-18 11:00:00,41105.12
2023-12-18 12:00:00,40905.28
2023-12-18 13:00:00,41356.18
2023-12-18 14:00:00,41605.31
2023-12-18 15:00:00,41265.96
2023-12-18 16:00:00,41495.99
2023-12-18 17:00:00,41385.01
2023-12-18 18:00:00,41643.43
2023-12-18 19:00:00,41701.1
2023-12-18 20:00:00,41971.09
2023-12-18 21:00:00,42619.99
2023-12-18 22:00:00,42511.1
2023-12-18 23:00:00,42657.8
2023-12-19 00:00:00,42713.96
2023-12-19 01:00:00,43314.99
2023-12-19 02:00:00,43076.71
2023-12-19 03:00:00,43082.2
2023-12-19 04:00:00,42921.47
2023-12-19 05:00:00,42958.78
2023-12-19 06:00:00,42907.1
2023-12-19 07:00:00,43036.16
2023-12-19 08:00:00,43088.06
2023-12-19 09:00:00,43037.15
2023-12-19 10:00:00,43129.52
2023-12-19 11:00:00,42976.11
2023-12-19 12:00:00,42946.0
2023-12-19 13:00:00,42861.75
2023-12-19 14:00:00,42367.03
2023-12-19 15:00:00,42486.86
2023-12-19 16:00:00,42337.8
2023-12-19 17:00:00,41854.06
2023-12-19 18:00:00,42216.41
2023-12-19 19:00:00,42341.96
2023-12-19 20:00:00,42228.15
2023-12-19 21:00:00,42517.99
2023-12-19 22:00:00,42333.64
2023-12-19 23:00:00,42275.99
2023-12-20 00:00:00,42423.5
2023-12-20 01:00:00,42308.64
2023-12-20 02:00:00,42428.01
2023-12-20 03:00:00,42419.75
2023-12-20 04:00:00,42812.97
2023-12-20 05:00:00,42709.17
2023-12-20 06:00:00,42875.62
2023-12-20 07:00:00,42924.23
2023-12-20 08:00:00,42776.99
2023-12-20 09:00:00,42788.36
2023-12-20 10:00:00,42870.67
2023-12-20 11:00:00,42864.44
2023-12-20 12:00:00,42979.61
2023-12-20 13:00:00,43769.44
2023-12-20 14:00:00,43867.05
2023-12-20 15:00:00,44027.2
2023-12-20 16:00:00,43691.51
2023-12-20 17:00:00,43996.8
2023-12-20 18:00:00,44144.51
2023-12-20 19:00:00,43738.01
2023-12-20 20:00:00,43441.82
2023-12-20 21:00:00,43457.45
2023-12-20 22:00:00,43611.65
2023-12-20 23:00:00,43668.93
2023-12-21 00:00:00,43581.68
2023-12-21 01:00:00,43459.04
2023-12-21 02:00:00,43389.95
2023-12-21 03:00:00,43649.37
2023-12-21 04:00:00,43627.41
2023-12-21 05:00:00,43511.11
2023-12-21 06:00:00,43808.04
2023-12-21 07:00:00,43764.5
2023-12-21 08:00:00,43678.61
2023-12-21 09:00:00,43746.51
2023-12-21 10:00:00,43982.34
2023-12-21 11:00:00,43931.6
2023-12-21 12:00:00,44046.35
2023-12-21 13:00:00,44147.63
2023-12-21 14:00:00,43519.73
2023-12-21 15:00:00,43823.99
2023-12-21 16:00:00,43668.3
2023-12-21 17:00:00,43449.1
2023-12-21 18:00:00,43581.1
2023-12-21 19:00:00,43588.8
2023-12-21 20:00:00,43796.8
2023-12-21 21:00:00,43994.93
2023-12-21 22:00:00,43949.44
2023-12-21 23:00:00,43861.8
2023-12-22 00:00:00,43828.94
2023-12-22 01:00:00,44111.99
2023-12-22 02:00:00,43966.08
2023-12-22 03:00:00,44008.0
2023-12-22 04:00:00,44103.86
2023-12-22 05:00:00,44138.0
2023-12-22 06:00:00,43874.95
2023-12-22 07:00:00,43584.37
2023-12-22 08:00:00,43610.01
2023-12-22 09:00:00,43741.96
2023-12-22 10:00:00,43701.01
2023-12-22 11:00:00,43753.94
2023-12-22 12:00:00,43567.91
2023-12-22 13:00:00,43693.99
2023-12-22 14:00:00,43636.39
2023-12-22 15:00:00,43671.1
2023-12-22 16:00:00,43554.39
2023-12-22 17:00:00,43686.9
2023-12-22 18:00:00,43950.0
2023-12-22 19:00:00,43640.79
2023-12-22 20:00:00,43645.22
2023-12-22 21:00:00,43706.24
2023-12-22 22:00:00,43800.0
2023-12-22 23:00:00,43969.04
2023-12-23 00:00:00,43813.89
2023-12-23 01:00:00,43638.46
2023-12-23 02:00:00,43490.85
2023-12-23 03:00:00,43526.43
2023-12-23 04:00:00,43504.03
2023-12-23 05:00:00,43605.97
2023-12-23 06:00:00,43632.84
2023-12-23 07:00:00,43562.32
2023-12-23 08:00:00,43620.42
2023-12-23 09:00:00,43627.87
2023-12-23 10:00:00,43583.42
2023-12-23 11:00:00,43547.78
2023-12-23 12:00:00,43704.91
2023-12-23 13:00:00,43709.99
2023-12-23 14:00:00,43784.31
2023-12-23 15:00:00,43756.24
2023-12-23 16:00:00,43789.27
2023-12-23 17:00:00,43746.88
2023-12-23 18:00:00,43787.69
2023-12-23 19:00:00,43703.81
2023-12-23 20:00:00,43711.33
2023-12-23 21:00:00,43772.55
2023-12-23 22:00:00,43745.86
2023-12-23 23:00:00,43702.16
2023-12-24 00:00:00,43716.72
2023-12-24 01:00:00,43781.99
2023-12-24 02:00:00,43856.85
2023-12-24 03:00:00,43834.48
2023-12-24 04:00:00,43794.81
2023-12-24 05:00:00,43490.01
2023-12-24 06:00:00,43555.4
2023-12-24 07:00:00,43651.17
2023-12-24 08:00:00,43623.9
2023-12-24 09:00:00,43685.26
2023-12-24 10:00:00,43594.57
2023-12-24 11:00:00,43634.2
2023-12-24 12:00:00,43646.45
2023-12-24 13:00:00,43756.42
2023-12-24 14:00:00,43726.05
2023-12-24 15:00:00,43680.23
2023-12-24 16:00:00,43663.1
2023-12-24 17:00:00,43627.63
2023-12-24 18:00:00,43659.64
2023-12-24 19:00:00,43618.07
2023-12-24 20:00:00,43499.25
2023-12-24 21:00:00,43489.54
2023-12-24 22:00:00,42977.3
2023-12-24 23:00:00,42991.5
2023-12-25 00:00:00,42921.66
2023-12-25 01:00:00,43047.91
2023-12-25 02:00:00,43063.59
2023-12-25 03:00:00,43152.78
2023-12-25 04:00:00,43104.5
2023-12-25 05:00:00,43238.0
2023-12-25 06:00:00,43239.94
2023-12-25 07:00:00,43208.15
2023-12-25 08:00:00,43114.55
2023-12-25 09:00:00,43150.68
2023-12-25 10:00:00,43174.86
2023-12-25 11:00:00,43171.11
2023-12-25 12:00:00,43648.02
2023-12-25 13:00:00,43666.0
2023-12-25 14:00:00,43674.09
2023-12-25 15:00:00,43618.0
2023-12-25 16:00:00,43501.7
2023-12-25 17:00:00,43554.21
2023-12-25 18:00:00,43449.76
2023-12-25 19:00:00,43474.25
2023-12-25 20:00:00,43418.0
2023-12-25 21:00:00,43523.41
2023-12-25 22:00:00,43680.15
2023-12-25 23:00:00,43576.13
2023-12-26 00:00:00,43446.85
2023-12-26 01:00:00,43503.19
2023-12-26 02:00:00,43407.61
2023-12-26 03:00:00,43451.46
2023-12-26 04:00:00,43450.0
2023-12-26 05:00:00,42764.85
2023-12-26 06:00:00,42690.47
2023-12-26 07:00:00,42774.12
2023-12-26 08:00:00,42706.42
2023-12-26 09:00:00,42408.92
2023-12-26 10:00:00,42644.88
2023-12-26 11:00:00,42685.55
2023-12-26 12:00:00,42766.88
2023-12-26 13:00:00,42714.68
2023-12-26 14:00:00,42600.0
2023-12-26 15:00:00,42391.5
2023-12-26 16:00:00,42319.42
2023-12-26 17:00:00,42009.99
2023-12-26 18:00:00,42163.53
2023-12-26 19:00:00,42109.11
2023-12-26 20:00:00,42135.13
2023-12-26 21:00:00,42338.47
2023-12-26 22:00:00,42469.99
2023-12-26 23:00:00,42508.93
2023-12-27 00:00:00,42353.79
2023-12-27 01:00:00,42457.98
2023-12-27 02:00:00,42215.98
2023-12-27 03:00:00,42234.66
2023-12-27 04:00:00,42300.0
2023-12-27 05:00:00,42454.27
2023-12-27 06:00:00,42426.01
2023-12-27 07:00:00,42455.83
2023-12-27 08:00:00,42714.0
2023-12-27 09:00:00,42732.44
2023-12-27 10:00:00,43195.56
2023-12-27 11:00:00,43019.11
2023-12-27 12:00:00,42913.56
2023-12-27 13:00:00,42912.86
2023-12-27 14:00:00,42912.9
2023-12-27 15:00:00,42980.65
2023-12-27 16:00:00,43082.31
2023-12-27 17:00:00,43021.99
2023-12-27 18:00:00,43183.98
2023-12-27 19:00:00,43154.34
2023-12-27 20:00:00,43445.32
2023-12-27 21:00:00,43366.2
2023-12-27 22:00:00,43323.81
2023-12-27 23:00:00,43428.85
2023-12-28 00:00:00,43566.5
2023-12-28 01:00:00,43426.0
2023-12-28 02:00:00,43358.31
2023-12-28 03:00:00,43408.41
2023-12-28 04:00:00,43314.0
2023-12-28 05:00:00,43222.01
2023-12-28 06:00:00,43031.97
2023-12-28 07:00:00,43049.17
2023-12-28 08:00:00,42931.1
2023-12-28 09:00:00,43045.06
2023-12-28 10:00:00,43101.71
2023-12-28 11:00:00,43059.98
2023-12-28 12:00:00,42786.16
2023-12-28 13:00:00,42792.95
2023-12-28 14:00:00,42664.0
2023-12-28 15:00:00,42445.99
2023-12-28 16:00:00,42456.07
2023-12-28 17:00:00,42539.6
2023-12-28 18:00:00,42480.0
2023-12-28 19:00:00,42610.64
2023-12-28 20:00:00,42506.43
2023-12-28 21:00:00,42454.0
2023-12-28 22:00:00,42626.07
2023-12-28 23:00:00,42563.76
2023-12-29 00:00:00,42407.11
2023-12-29 01:00:00,42332.01
2023-12-29 02:00:00,42574.71
2023-12-29 03:00:00,42697.42
2023-12-29 04:00:00,42661.96
2023-12-29 05:00:00,42677.71
2023-12-29 06:00:00,42531.13
2023-12-29 07:00:00,42273.34
2023-12-29 08:00:00,42472.88
2023-12-29 09:00:00,42655.88
2023-12-29 10:00:00,42686.01
2023-12-29 11:00:00,42862.01
2023-12-29 12:00:00,42825.46
2023-12-29 13:00:00,42825.17
2023-12-29 14:00:00,43021.87
2023-12-29 15:00:00,42271.09
2023-12-29 16:00:00,41971.24
2023-12-29 17:00:00,41806.43
2023-12-29 18:00:00,42054.54
2023-12-29 19:00:00,42116.51
2023-12-29 20:00:00,42026.98
2023-12-29 21:00:00,41936.22
2023-12-29 22:00:00,41761.02
2023-12-29 23:00:00,42066.95
2023-12-30 00:00:00,42094.56
2023-12-30 01:00:00,42165.94
2023-12-30 02:00:00,41905.8
2023-12-30 03:00:00,41972.81
2023-12-30 04:00:00,41990.0
2023-12-30 05:00:00,42104.0
2023-12-30 06:00:00,42050.35
2023-12-30 07:00:00,41947.16
2023-12-30 08:00:00,41575.91
2023-12-30 09:00:00,41691.09
2023-12-30 10:00:00,41807.05
2023-12-30 11:00:00,41893.96
2023-12-30 12:00:00,41990.3
2023-12-30 13:00:00,42029.35
2023-12-30 14:00:00,42244.12
2023-12-30 15:00:00,42374.96
2023-12-30 16:00:00,42406.97
2023-12-30 17:00:00,42489.0
2023-12-30 18:00:00,42411.11
2023-12-30 19:00:00,42361.13
2023-12-30 20:00:00,42283.95
2023-12-30 21:00:00,42305.08
2023-12-30 22:00:00,42132.73
2023-12-30 23:00:00,42140.28
2023-12-31 00:00:00,42367.87
2023-12-31 01:00:00,42170.63
2023-12-31 02:00:00,42084.48
2023-12-31 03:00:00,42176.0
2023-12-31 04:00:00,42226.29
2023-12-31 05:00:00,42198.0
2023-12-31 06:00:00,42252.68
2023-12-31 07:00:00,42537.1
2023-12-31 08:00:00,42480.79
2023-12-31 09:00:00,42746.54
2023-12-31 10:00:00,42659.42
2023-12-31 11:00:00,42518.36
2023-12-31 12:00:00,42428.48
2023-12-31 13:00:00,42458.58
2023-12-31 14:00:00,42526.96
2023-12-31 15:00:00,42457.17
2023-12-31 16:00:00,42592.47
2023-12-31 17:00:00,42616.23
2023-12-31 18:00:00,42656.7
2023-12-31 19:00:00,42619.04
2023-12-31 20:00:00,42558.01
2023-12-31 21:00:00,42520.72
2023-12-31 22:00:00,42257.88
2023-12-31 23:00:00,42283.58
2024-01-01 00:00:00,42475.23
2024-01-01 01:00:00,42613.56
2024-01-01 02:00:00,42581.1
2024-01-01 03:00:00,42330.49
2024-01-01 04:00:00,42399.99
2024-01-01 05:00:00,42234.01
2024-01-01 06:00:00,42396.69
2024-01-01 07:00:00,42492.46
2024-01-01 08:00:00,42549.99
2024-01-01 09:00:00,42649.69
2024-01-01 10:00:00,42691.1
2024-01-01 11:00:00,42690.2
2024-01-01 12:00:00,42648.38
2024-01-01 13:00:00,42715.54
2024-01-01 14:00:00,42612.24
2024-01-01 15:00:00,42783.05
2024-01-01 16:00:00,42725.15
2024-01-01 17:00:00,42812.7
2024-01-01 18:00:00,43111.1
2024-01-01 19:00:00,43517.99
2024-01-01 20:00:00,43687.86
2024-01-01 21:00:00,43619.21
2024-01-01 22:00:00,43529.93
2024-01-01 23:00:00,44179.55
2024-01-02 00:00:00,45056.0
2024-01-02 01:00:00,44855.96
2024-01-02 02:00:00,45378.96
2024-01-02 03:00:00,45402.38
2024-01-02 04:00:00,45179.8
2024-01-02 05:00:00,45179.48
2024-01-02 06:00:00,45168.75
2024-01-02 07:00:00,45455.53
2024-01-02 08:00:00,45759.3
2024-01-02 09:00:00,45673.48
2024-01-02 10:00:00,45584.99
2024-01-02 11:00:00,45433.99
2024-01-02 12:00:00,45301.99
2024-01-02 13:00:00,45637.93
2024-01-02 14:00:00,45258.73
2024-01-02 15:00:00,45184.82
2024-01-02 16:00:00,45357.84
2024-01-02 17:00:00,44966.15
2024-01-02 18:00:00,45154.69
2024-01-02 19:00:00,45039.49
2024-01-02 20:00:00,44788.28
2024-01-02 21:00:00,45119.74
2024-01-02 22:00:00,44981.73
2024-01-02 23:00:00,44946.91
2024-01-03 00:00:00,45135.61
2024-01-03 01:00:00,45317.58
2024-01-03 02:00:00,45274.57
2024-01-03 03:00:00,45262.69
2024-01-03 04:00:00,45183.45
2024-01-03 05:00:00,45172.13
2024-01-03 06:00:00,45326.93
2024-01-03 07:00:00,45011.77
2024-01-03 08:00:00,45200.0
2024-01-03 09:00:00,45344.67
2024-01-03 10:00:00,45151.91
2024-01-03 11:00:00,43702.88
2024-01-03 12:00:00,42789.38
2024-01-03 13:00:00,42529.4
2024-01-03 14:00:00,42179.99
2024-01-03 15:00:00,43000.01
2024-01-03 16:00:00,42992.67
2024-01-03 17:00:00,42906.0
2024-01-03 18:00:00,42255.72
2024-01-03 19:00:00,42596.67
2024-01-03 20:00:00,42721.02
2024-01-03 21:00:00,42917.62
2024-01-03 22:00:00,42749.68
2024-01-03 23:00:00,42845.23
2024-01-04 00:00:00,42874.01
2024-01-04 01:00:00,42708.01
2024-01-04 02:00:00,43138.49
2024-01-04 03:00:00,43102.8
2024-01-04 04:00:00,43149.99
2024-01-04 05:00:00,43183.74
2024-01-04 06:00:00,43155.46
2024-01-04 07:00:00,42763.08
2024-01-04 08:00:00,42849.66
2024-01-04 09:00:00,43007.74
2024-01-04 10:00:00,43073.26
2024-01-04 11:00:00,43176.32
2024-01-04 12:00:00,43378.12
2024-01-04 13:00:00,43346.68
2024-01-04 14:00:00,43676.07
2024-01-04 15:00:00,44051.1
2024-01-04 16:00:00,43915.71
2024-01-04 17:00:00,43990.01
2024-01-04 18:00:00,44048.96
2024-01-04 19:00:00,43956.48
2024-01-04 20:00:00,44113.68
2024-01-04 21:00:00,44430.86
2024-01-04 22:00:00,44318.0
2024-01-04 23:00:00,44151.1
2024-01-05 00:00:00,44211.1
2024-01-05 01:00:00,43376.0
2024-01-05 02:00:00,43506.0
2024-01-05 03:00:00,43465.21
2024-01-05 04:00:00,43589.88
2024-01-05 05:00:00,43644.15
2024-01-05 06:00:00,43844.82
2024-01-05 07:00:00,43777.47
2024-01-05 08:00:00,43911.44
2024-01-05 09:00:00,44147.21
2024-01-05 10:00:00,43628.18
2024-01-05 11:00:00,43771.34
2024-01-05 12:00:00,43882.52
2024-01-05 13:00:00,43986.01
2024-01-05 14:00:00,43486.04
2024-01-05 15:00:00,43500.01
2024-01-05 16:00:00,43225.99
2024-01-05 17:00:00,43609.53
2024-01-05 18:00:00,43610.07
2024-01-05 19:00:00,43600.0
2024-01-05 20:00:00,43955.07
2024-01-05 21:00:00,43946.26
2024-01-05 22:00:00,43967.44
2024-01-05 23:00:00,44145.11
2024-01-06 00:00:00,44068.8
2024-01-06 01:00:00,43970.64
2024-01-06 02:00:00,43909.31
2024-01-06 03:00:00,43931.1
2024-01-06 04:00:00,43850.0
2024-01-06 05:00:00,43698.72
2024-01-06 06:00:00,43454.7
2024-01-06 07:00:00,43653.2
2024-01-06 08:00:00,43692.33
2024-01-06 09:00:00,43651.9
2024-01-06 10:00:00,43694.48
2024-01-06 11:00:00,43671.96
2024-01-06 12:00:00,43607.96
2024-01-06 13:00:00,43704.07
2024-01-06 14:00:00,43828.21
2024-01-06 15:00:00,43867.17
2024-01-06 16:00:00,43872.34
2024-01-06 17:00:00,43963.72
2024-01-06 18:00:00,43995.89
2024-01-06 19:00:00,43906.36
2024-01-06 20:00:00,43826.44
2024-01-06 21:00:00,43889.43
2024-01-06 22:00:00,43878.61
2024-01-06 23:00:00,43968.32
2024-01-07 00:00:00,44119.11
2024-01-07 01:00:00,43967.72
2024-01-07 02:00:00,43930.28
2024-01-07 03:00:00,43940.41
2024-01-07 04:00:00,44000.0
2024-01-07 05:00:00,43885.47
2024-01-07 06:00:00,44022.0
2024-01-07 07:00:00,44080.0
2024-01-07 08:00:00,44017.99
2024-01-07 09:00:00,43938.9
2024-01-07 10:00:00,43960.0
2024-01-07 11:00:00,44061.1
2024-01-07 12:00:00,44088.63
2024-01-07 13:00:00,44409.31
2024-01-07 14:00:00,44402.0
2024-01-07 15:00:00,44047.57
2024-01-07 16:00:00,43922.0
2024-01-07 17:00:00,44064.84
2024-01-07 18:00:00,44106.11
2024-01-07 19:00:00,44244.77
2024-01-07 20:00:00,44120.01
2024-01-07 21:00:00,44231.53
2024-01-07 22:00:00,43862.85
2024-01-07 23:00:00,43929.02
2024-01-08 00:00:00,43632.0
2024-01-08 01:00:00,43713.06
2024-01-08 02:00:00,43371.09
2024-01-08 03:00:00,43518.2
2024-01-08 04:00:00,43599.26
2024-01-08 05:00:00,43641.74
2024-01-08 06:00:00,43912.87
2024-01-08 07:00:00,43974.55
2024-01-08 08:00:00,43868.53
2024-01-08 09:00:00,43720.46
2024-01-08 10:00:00,44088.85
2024-01-08 11:00:00,44635.99
2024-01-08 12:00:00,45111.09
2024-01-08 13:00:00,44911.58
2024-01-08 14:00:00,44783.91
2024-01-08 15:00:00,44963.04
2024-01-08 16:00:00,44940.3
2024-01-08 17:00:00,45648.0
2024-01-08 18:00:00,46970.01
2024-01-08 19:00:00,46979.35
2024-01-08 20:00:00,46774.01
2024-01-08 21:00:00,47071.41
2024-01-08 22:00:00,46999.99
2024-01-08 23:00:00,46951.04
2024-01-09 00:00:00,46668.88
2024-01-09 01:00:00,46556.62
2024-01-09 02:00:00,46779.81
2024-01-09 03:00:00,46926.96
2024-01-09 04:00:00,46803.54
2024-01-09 05:00:00,46714.67
2024-01-09 06:00:00,46788.01
2024-01-09 07:00:00,46825.51
2024-01-09 08:00:00,46544.65
2024-01-09 09:00:00,46491.99
2024-01-09 10:00:00,46441.89
2024-01-09 11:00:00,46615.99
2024-01-09 12:00:00,46166.35
2024-01-09 13:00:00,46834.0
2024-01-09 14:00:00,46561.1
2024-01-09 15:00:00,46868.09
2024-01-09 16:00:00,46902.88
2024-01-09 17:00:00,46715.99
2024-01-09 18:00:00,46640.5
2024-01-09 19:00:00,46876.01
2024-01-09 20:00:00,46642.54
2024-01-09 21:00:00,45439.44
2024-01-09 22:00:00,46254.0
2024-01-09 23:00:00,46110.0
2024-01-10 00:00:00,45856.42
2024-01-10 01:00:00,45929.3
2024-01-10 02:00:00,45971.09
2024-01-10 03:00:00,46117.1
2024-01-10 04:00:00,45960.98
2024-01-10 05:00:00,45975.99
2024-01-10 06:00:00,46006.0
2024-01-10 07:00:00,45757.98
2024-01-10 08:00:00,45329.94
2024-01-10 09:00:00,45661.42
2024-01-10 10:00:00,45532.0
2024-01-10 11:00:00,45515.89
2024-01-10 12:00:00,44670.53
2024-01-10 13:00:00,45118.01
2024-01-10 14:00:00,44884.0
2024-01-10 15:00:00,45546.4
2024-01-10 16:00:00,45311.1
2024-01-10 17:00:00,46401.89
2024-01-10 18:00:00,46527.33
2024-01-10 19:00:00,46489.18
2024-01-10 20:00:00,46127.0
2024-01-10 21:00:00,45946.0
2024-01-10 22:00:00,46902.69
2024-01-10 23:00:00,46653.99
2024-01-11 00:00:00,46670.01
2024-01-11 01:00:00,46506.94
2024-01-11 02:00:00,46559.0
2024-01-11 03:00:00,46502.16
2024-01-11 04:00:00,46400.01
2024-01-11 05:00:00,46070.0
2024-01-11 06:00:00,45907.3
2024-01-11 07:00:00,46101.4
2024-01-11 08:00:00,46277.0
2024-01-11 09:00:00,46220.12
2024-01-11 10:00:00,46859.91
2024-01-11 11:00:00,47060.0
2024-01-11 12:00:00,47449.63
2024-01-11 13:00:00,47325.2
2024-01-11 14:00:00,48571.22
2024-01-11 15:00:00,46783.78
2024-01-11 16:00:00,46007.29
2024-01-11 17:00:00,46497.14
2024-01-11 18:00:00,46609.99
2024-01-11 19:00:00,46692.3
2024-01-11 20:00:00,46241.92
2024-01-11 21:00:00,46156.01
2024-01-11 22:00:00,46399.99
2024-01-11 23:00:00,46339.16
2024-01-12 00:00:00,46293.43
2024-01-12 01:00:00,46135.48
2024-01-12 02:00:00,46144.01
2024-01-12 03:00:00,45994.0
2024-01-12 04:00:00,45956.34
2024-01-12 05:00:00,46194.01
2024-01-12 06:00:00,46100.85
2024-01-12 07:00:00,46008.19
2024-01-12 08:00:00,45860.01
2024-01-12 09:00:00,45925.92
2024-01-12 10:00:00,46063.62
2024-01-12 11:00:00,45954.35
2024-01-12 12:00:00,45866.56
2024-01-12 13:00:00,45779.02
2024-01-12 14:00:00,45442.02
2024-01-12 15:00:00,44462.01
2024-01-12 16:00:00,43624.0
2024-01-12 17:00:00,43803.99
2024-01-12 18:00:00,43472.0
2024-01-12 19:00:00,43472.55
2024-01-12 20:00:00,43653.38
2024-01-12 21:00:00,43449.0
2024-01-12 22:00:00,42510.0
2024-01-12 23:00:00,42782.73
2024-01-13 00:00:00,42801.76
2024-01-13 01:00:00,42673.83
2024-01-13 02:00:00,42530.0
2024-01-13 03:00:00,42609.94
2024-01-13 04:00:00,42840.01
2024-01-13 05:00:00,43101.09
2024-01-13 06:00:00,43149.99
2024-01-13 07:00:00,43102.97
2024-01-13 08:00:00,43170.01
2024-01-13 09:00:00,42923.21
2024-01-13 10:00:00,42700.12
2024-01-13 11:00:00,42624.0
2024-01-13 12:00:00,42684.88
2024-01-13 13:00:00,42739.14
2024-01-13 14:00:00,42856.92
2024-01-13 15:00:00,43154.48
2024-01-13 16:00:00,42895.41
2024-01-13 17:00:00,42898.33
2024-01-13 18:00:00,42806.01
2024-01-13 19:00:00,42786.25
2024-01-13 20:00:00,42870.0
2024-01-13 21:00:00,42963.44
2024-01-13 22:00:00,42990.65
2024-01-13 23:00:00,42847.99
2024-01-14 00:00:00,42687.36
2024-01-14 01:00:00,42769.19
2024-01-14 02:00:00,42779.06
2024-01-14 03:00:00,42681.82
2024-01-14 04:00:00,42580.01
2024-01-14 05:00:00,42749.99
2024-01-14 06:00:00,42998.99
2024-01-14 07:00:00,43011.44
2024-01-14 08:00:00,42996.25
2024-01-14 09:00:00,43052.41
2024-01-14 10:00:00,42889.04
2024-01-14 11:00:00,42829.99
2024-01-14 12:00:00,42758.0
2024-01-14 13:00:00,42891.69
2024-01-14 14:00:00,42811.99
2024-01-14 15:00:00,42904.38
2024-01-14 16:00:00,42929.95
2024-01-14 17:00:00,42973.27
2024-01-14 18:00:00,42900.01
2024-01-14 19:00:00,42660.0
2024-01-14 20:00:00,42507.92
2024-01-14 21:00:00,42554.89
2024-01-14 22:00:00,42270.99
2024-01-14 23:00:00,41732.35
2024-01-15 00:00:00,42279.75
2024-01-15 01:00:00,42275.18
2024-01-15 02:00:00,42399.72
2024-01-15 03:00:00,42565.99
2024-01-15 04:00:00,42591.77
2024-01-15 05:00:00,42739.85
2024-01-15 06:00:00,42651.1
2024-01-15 07:00:00,42714.78
2024-01-15 08:00:00,42680.44
2024-01-15 09:00:00,42750.88
2024-01-15 10:00:00,42565.26
2024-01-15 11:00:00,42697.99
2024-01-15 12:00:00,42663.79
2024-01-15 13:00:00,42852.54
2024-01-15 14:00:00,42199.0
2024-01-15 15:00:00,42278.99
2024-01-15 16:00:00,42522.61
2024-01-15 17:00:00,42696.58
2024-01-15 18:00:00,43015.82
2024-01-15 19:00:00,42992.67
2024-01-15 20:00:00,42960.0
2024-01-15 21:00:00,42716.0
2024-01-15 22:00:00,42628.0
2024-01-15 23:00:00,42511.1
2024-01-16 00:00:00,42600.0
2024-01-16 01:00:00,42584.34
2024-01-16 02:00:00,42710.0
2024-01-16 03:00:00,42924.56
2024-01-16 04:00:00,42803.19
2024-01-16 05:00:00,42773.82
2024-01-16 06:00:00,42741.09
2024-01-16 07:00:00,42791.13
2024-01-16 08:00:00,43014.53
2024-01-16 09:00:00,42940.01
2024-01-16 10:00:00,42872.0
2024-01-16 11:00:00,42900.54
2024-01-16 12:00:00,43156.12
2024-01-16 13:00:00,42805.83
2024-01-16 14:00:00,42690.0
2024-01-16 15:00:00,43252.67
2024-01-16 16:00:00,43249.72
2024-01-16 17:00:00,43051.74
2024-01-16 18:00:00,43013.0
2024-01-16 19:00:00,43166.11
2024-01-16 20:00:00,43200.01
2024-01-16 21:00:00,43434.71
2024-01-16 22:00:00,43206.0
2024-01-16 23:00:00,43137.95
2024-01-17 00:00:00,43092.0
2024-01-17 01:00:00,42970.0
2024-01-17 02:00:00,42997.25
2024-01-17 03:00:00,42849.0
2024-01-17 04:00:00,42854.01
2024-01-17 05:00:00,42783.39
2024-01-17 06:00:00,42806.05
2024-01-17 07:00:00,42655.94
2024-01-17 08:00:00,42728.76
2024-01-17 09:00:00,42678.57
2024-01-17 10:00:00,42850.04
2024-01-17 11:00:00,42680.16
2024-01-17 12:00:00,42782.43
2024-01-17 13:00:00,42609.84
2024-01-17 14:00:00,42576.01
2024-01-17 15:00:00,42482.79
2024-01-17 16:00:00,42360.28
2024-01-17 17:00:00,42371.1
2024-01-17 18:00:00,42612.45
2024-01-17 19:00:00,42611.11
2024-01-17 20:00:00,42722.9
2024-01-17 21:00:00,42676.13
2024-01-17 22:00:00,42722.14
2024-01-17 23:00:00,42776.1
2024-01-18 00:00:00,42660.79
2024-01-18 01:00:00,42584.62
2024-01-18 02:00:00,42653.82
2024-01-18 03:00:00,42592.05
2024-01-18 04:00:00,42665.0
2024-01-18 05:00:00,42772.87
2024-01-18 06:00:00,42807.05
2024-01-18 07:00:00,42915.33
2024-01-18 08:00:00,42742.0
2024-01-18 09:00:00,42743.84
2024-01-18 10:00:00,42447.66
2024-01-18 11:00:00,42544.59
2024-01-18 12:00:00,42433.44
2024-01-18 13:00:00,42508.0
2024-01-18 14:00:00,42738.7
2024-01-18 15:00:00,42619.32
2024-01-18 16:00:00,41948.99
2024-01-18 17:00:00,41816.71
2024-01-18 18:00:00,41508.95
2024-01-18 19:00:00,41022.32
2024-01-18 20:00:00,40835.6
2024-01-18 21:00:00,41124.0
2024-01-18 22:00:00,41354.67
2024-01-18 23:00:00,41327.5
2024-01-19 00:00:00,41290.5
2024-01-19 01:00:00,41270.0
2024-01-19 02:00:00,41119.44
2024-01-19 03:00:00,41055.87
2024-01-19 04:00:00,41098.53
2024-01-19 05:00:00,41210.5
2024-01-19 06:00:00,41474.0
2024-01-19 07:00:00,41284.25
2024-01-19 08:00:00,41289.99
2024-01-19 09:00:00,41398.37
2024-01-19 10:00:00,41486.06
2024-01-19 11:00:00,41475.37
2024-01-19 12:00:00,41337.31
2024-01-19 13:00:00,41393.08
2024-01-19 14:00:00,40969.31
2024-01-19 15:00:00,40894.71
2024-01-19 16:00:00,40395.01
2024-01-19 17:00:00,41239.57
2024-01-19 18:00:00,41808.08
2024-01-19 19:00:00,41814.27
2024-01-19 20:00:00,41620.0
2024-01-19 21:00:00,41633.83
2024-01-19 22:00:00,41687.1
2024-01-19 23:00:00,41659.03
2024-01-20 00:00:00,41482.29
2024-01-20 01:00:00,41655.42
2024-01-20 02:00:00,41621.23
2024-01-20 03:00:00,41634.65
2024-01-20 04:00:00,41607.2
2024-01-20 05:00:00,41627.63
2024-01-20 06:00:00,41672.02
2024-01-20 07:00:00,41650.95
2024-01-20 08:00:00,41590.0
2024-01-20 09:00:00,41521.1
2024-01-20 10:00:00,41543.31
2024-01-20 11:00:00,41580.83
2024-01-20 12:00:00,41620.01
2024-01-20 13:00:00,41633.12
2024-01-20 14:00:00,41542.99
2024-01-20 15:00:00,41570.11
2024-01-20 16:00:00,41563.66
2024-01-20 17:00:00,41591.11
2024-01-20 18:00:00,41606.17
2024-01-20 19:00:00,41632.96
2024-01-20 20:00:00,41751.36
2024-01-20 21:00:00,41733.85
2024-01-20 22:00:00,41781.53
2024-01-20 23:00:00,41696.04
2024-01-21 00:00:00,41645.98
2024-01-21 01:00:00,41666.82
2024-01-21 02:00:00,41699.8
2024-01-21 03:00:00,41680.82
2024-01-21 04:00:00,41673.41
2024-01-21 05:00:00,41628.47
2024-01-21 06:00:00,41597.66
2024-01-21 07:00:00,41648.51
2024-01-21 08:00:00,41663.96
2024-01-21 09:00:00,41747.53
2024-01-21 10:00:00,41785.99
2024-01-21 11:00:00,41719.89
2024-01-21 12:00:00,41735.99
2024-01-21 13:00:00,41859.53
2024-01-21 14:00:00,41787.5
2024-01-21 15:00:00,41656.28
2024-01-21 16:00:00,41607.18
2024-01-21 17:00:00,41678.0
2024-01-21 18:00:00,41681.09
2024-01-21 19:00:00,41719.4
2024-01-21 20:00:00,41643.91
2024-01-21 21:00:00,41785.91
2024-01-21 22:00:00,41633.39
2024-01-21 23:00:00,41580.33
2024-01-22 00:00:00,41657.43
2024-01-22 01:00:00,41363.37
2024-01-22 02:00:00,41317.98
2024-01-22 03:00:00,41197.04
2024-01-22 04:00:00,40786.41
2024-01-22 05:00:00,41138.46
2024-01-22 06:00:00,41205.99
2024-01-22 07:00:00,41043.7
2024-01-22 08:00:00,40959.0
2024-01-22 09:00:00,40744.85
2024-01-22 10:00:00,40703.91
2024-01-22 11:00:00,40815.99
2024-01-22 12:00:00,40884.97
2024-01-22 13:00:00,40943.17
2024-01-22 14:00:00,40694.75
2024-01-22 15:00:00,40771.99
2024-01-22 16:00:00,40518.6
2024-01-22 17:00:00,40708.0
2024-01-22 18:00:00,40316.01
2024-01-22 19:00:00,39820.31
2024-01-22 20:00:00,40181.2
2024-01-22 21:00:00,39849.95
2024-01-22 22:00:00,39832.8
2024-01-22 23:00:00,39568.02
2024-01-23 00:00:00,39872.0
2024-01-23 01:00:00,39830.71
2024-01-23 02:00:00,40060.46
2024-01-23 03:00:00,40000.44
2024-01-23 04:00:00,40065.51
2024-01-23 05:00:00,40069.34
2024-01-23 06:00:00,40019.42
2024-01-23 07:00:00,39780.0
2024-01-23 08:00:00,39464.96
2024-01-23 09:00:00,38961.39
2024-01-23 10:00:00,38917.28
2024-01-23 11:00:00,38845.56
2024-01-23 12:00:00,39065.67
2024-01-23 13:00:00,38864.16
2024-01-23 14:00:00,38767.74
2024-01-23 15:00:00,39204.0
2024-01-23 16:00:00,39307.59
2024-01-23 17:00:00,39398.89
2024-01-23 18:00:00,39092.54
2024-01-23 19:00:00,39148.07
2024-01-23 20:00:00,39175.06
2024-01-23 21:00:00,39223.75
2024-01-23 22:00:00,39468.71
2024-01-23 23:00:00,39897.6
2024-01-24 00:00:00,40179.52
2024-01-24 01:00:00,39769.97
2024-01-24 02:00:00,39763.49
2024-01-24 03:00:00,39614.0
2024-01-24 04:00:00,39654.38
2024-01-24 05:00:00,39798.85
2024-01-24 06:00:00,39888.0
2024-01-24 07:00:00,39981.09
2024-01-24 08:00:00,39954.53
2024-01-24 09:00:00,40024.81
2024-01-24 10:00:00,40352.42
2024-01-24 11:00:00,40209.34
2024-01-24 12:00:00,40029.66
2024-01-24 13:00:00,39984.87
2024-01-24 14:00:00,39914.01
2024-01-24 15:00:00,40050.71
2024-01-24 16:00:00,40190.02
2024-01-24 17:00:00,40141.98
2024-01-24 18:00:00,39761.11
2024-01-24 19:00:00,39803.05
2024-01-24 20:00:00,39544.4
2024-01-24 21:00:00,39792.74
2024-01-24 22:00:00,39875.98
2024-01-24 23:00:00,40084.88
2024-01-25 00:00:00,40170.15
2024-01-25 01:00:00,39978.83
2024-01-25 02:00:00,39939.84
2024-01-25 03:00:00,40012.01
2024-01-25 04:00:00,39956.89
2024-01-25 05:00:00,39876.47
2024-01-25 06:00:00,40035.0
2024-01-25 07:00:00,40130.0
2024-01-25 08:00:00,40080.23
2024-01-25 09:00:00,40031.54
2024-01-25 10:00:00,40115.99
2024-01-25 11:00:00,40178.07
2024-01-25 12:00:00,39859.81
2024-01-25 13:00:00,39913.84
2024-01-25 14:00:00,40012.94
2024-01-25 15:00:00,39804.24
2024-01-25 16:00:00,39710.32
2024-01-25 17:00:00,39803.16
2024-01-25 18:00:00,39842.64
2024-01-25 19:00:00,39989.25
2024-01-25 20:00:00,39838.31
2024-01-25 21:00:00,39929.6
2024-01-25 22:00:00,39956.31
2024-01-25 23:00:00,39961.09
2024-01-26 00:00:00,39895.92
2024-01-26 01:00:00,39937.78
2024-01-26 02:00:00,40144.31
2024-01-26 03:00:00,40067.52
2024-01-26 04:00:00,40149.26
2024-01-26 05:00:00,40102.4
2024-01-26 06:00:00,40002.83
2024-01-26 07:00:00,39969.99
2024-01-26 08:00:00,40133.8
2024-01-26 09:00:00,40079.82
2024-01-26 10:00:00,40692.64
2024-01-26 11:00:00,41289.52
2024-01-26 12:00:00,41140.01
2024-01-26 13:00:00,41021.65
2024-01-26 14:00:00,41588.0
2024-01-26 15:00:00,41422.99
2024-01-26 16:00:00,41961.14
2024-01-26 17:00:00,41915.16
2024-01-26 18:00:00,42105.01
2024-01-26 19:00:00,42064.49
2024-01-26 20:00:00,41977.18
2024-01-26 21:00:00,41998.78
2024-01-26 22:00:00,41906.28
2024-01-26 23:00:00,41823.51
2024-01-27 00:00:00,41785.94
2024-01-27 01:00:00,41818.86
2024-01-27 02:00:00,41838.59
2024-01-27 03:00:00,41815.01
2024-01-27 04:00:00,41844.26
2024-01-27 05:00:00,41762.48
2024-01-27 06:00:00,41704.04
2024-01-27 07:00:00,41710.14
2024-01-27 08:00:00,41470.01
2024-01-27 09:00:00,41669.78
2024-01-27 10:00:00,41747.3
2024-01-27 11:00:00,41761.23
2024-01-27 12:00:00,41750.0
2024-01-27 13:00:00,41742.44
2024-01-27 14:00:00,41766.0
2024-01-27 15:00:00,41814.0
2024-01-27 16:00:00,41810.18
2024-01-27 17:00:00,41779.28
2024-01-27 18:00:00,41797.62
2024-01-27 19:00:00,41910.47
2024-01-27 20:00:00,42059.93
2024-01-27 21:00:00,42150.59
2024-01-27 22:00:00,42155.51
2024-01-27 23:00:00,42120.63
2024-01-28 00:00:00,41990.85
2024-01-28 01:00:00,42100.0
2024-01-28 02:00:00,42102.22
2024-01-28 03:00:00,42231.83
2024-01-28 04:00:00,42720.32
2024-01-28 05:00:00,42562.44
2024-01-28 06:00:00,42413.27
2024-01-28 07:00:00,42388.82
2024-01-28 08:00:00,42491.1
2024-01-28 09:00:00,42575.03
2024-01-28 10:00:00,42600.02
2024-01-28 11:00:00,42471.98
2024-01-28 12:00:00,42417.04
2024-01-28 13:00:00,42397.18
2024-01-28 14:00:00,42288.0
2024-01-28 15:00:00,42258.01
2024-01-28 16:00:00,42312.34
2024-01-28 17:00:00,42168.17
2024-01-28 18:00:00,41971.67
2024-01-28 19:00:00,41785.92
2024-01-28 20:00:00,41945.09
2024-01-28 21:00:00,41979.59
2024-01-28 22:00:00,41834.0
2024-01-28 23:00:00,42031.06
2024-01-29 00:00:00,41971.42
2024-01-29 01:00:00,42160.21
2024-01-29 02:00:00,42237.56
2024-01-29 03:00:00,42331.2
2024-01-29 04:00:00,42218.0
2024-01-29 05:00:00,42144.23
2024-01-29 06:00:00,42163.23
2024-01-29 07:00:00,42053.46
2024-01-29 08:00:00,42122.85
2024-01-29 09:00:00,42295.67
2024-01-29 10:00:00,42313.18
2024-01-29 11:00:00,42246.95
2024-01-29 12:00:00,42102.66
2024-01-29 13:00:00,42006.7
2024-01-29 14:00:00,41951.86
2024-01-29 15:00:00,42641.75
2024-01-29 16:00:00,43200.0
2024-01-29 17:00:00,42996.57
2024-01-29 18:00:00,43028.75
2024-01-29 19:00:00,42995.99
2024-01-29 20:00:00,43147.6
2024-01-29 21:00:00,43176.29
2024-01-29 22:00:00,43111.1
2024-01-29 23:00:00,43302.7
2024-01-30 00:00:00,43162.02
2024-01-30 01:00:00,43439.51
2024-01-30 02:00:00,43615.15
2024-01-30 03:00:00,43519.71
2024-01-30 04:00:00,43421.49
2024-01-30 05:00:00,43365.04
2024-01-30 06:00:00,43340.68
2024-01-30 07:00:00,43358.25
2024-01-30 08:00:00,43432.1
2024-01-30 09:00:00,43324.4
2024-01-30 10:00:00,43482.01
2024-01-30 11:00:00,43537.74
2024-01-30 12:00:00,43394.53
2024-01-30 13:00:00,43287.61
2024-01-30 14:00:00,43473.99
2024-01-30 15:00:00,43375.5
2024-01-30 16:00:00,43499.03
2024-01-30 17:00:00,43398.31
2024-01-30 18:00:00,43371.63
2024-01-30 19:00:00,43547.98
2024-01-30 20:00:00,43561.1
2024-01-30 21:00:00,43546.07
2024-01-30 22:00:00,43327.77
2024-01-30 23:00:00,42941.1
2024-01-31 00:00:00,42933.21
2024-01-31 01:00:00,42782.82
2024-01-31 02:00:00,42883.0
2024-01-31 03:00:00,42930.07
2024-01-31 04:00:00,42962.64
2024-01-31 05:00:00,42980.0
2024-01-31 06:00:00,42975.93
2024-01-31 07:00:00,43050.01
2024-01-31 08:00:00,42978.01
2024-01-31 09:00:00,42646.0
2024-01-31 10:00:00,42384.73
2024-01-31 11:00:00,42647.98
2024-01-31 12:00:00,42622.81
2024-01-31 13:00:00,42803.92
2024-01-31 14:00:00,42882.08
2024-01-31 15:00:00,43361.1
2024-01-31 16:00:00,43474.81
2024-01-31 17:00:00,43715.04
2024-01-31 18:00:00,43513.38
2024-01-31 19:00:00,43334.64
2024-01-31 20:00:00,42541.18
2024-01-31 21:00:00,42487.12
2024-01-31 22:00:00,42656.07
2024-01-31 23:00:00,42580.0
2024-02-01 00:00:00,42474.95
2024-02-01 01:00:00,41983.54
2024-02-01 02:00:00,42162.56
2024-02-01 03:00:00,42015.65
2024-02-01 04:00:00,42073.43
2024-02-01 05:00:00,42156.5
2024-02-01 06:00:00,42192.4
2024-02-01 07:00:00,42190.16
2024-02-01 08:00:00,42244.54
2024-02-01 09:00:00,42148.31
2024-02-01 10:00:00,42226.02
2024-02-01 11:00:00,42087.52
2024-02-01 12:00:00,42142.8
2024-02-01 13:00:00,42219.61
2024-02-01 14:00:00,42651.1
2024-02-01 15:00:00,42516.12
2024-02-01 16:00:00,42658.15
2024-02-01 17:00:00,42924.0
2024-02-01 18:00:00,42847.06
2024-02-01 19:00:00,43218.94
2024-02-01 20:00:00,43011.83
2024-02-01 21:00:00,43096.41
2024-02-01 22:00:00,42927.11
2024-02-01 23:00:00,43082.94
2024-02-02 00:00:00,43174.41
2024-02-02 01:00:00,43121.1
2024-02-02 02:00:00,43080.41
2024-02-02 03:00:00,43037.25
2024-02-02 04:00:00,42966.65
2024-02-02 05:00:00,43103.97
2024-02-02 06:00:00,43165.0
2024-02-02 07:00:00,43086.89
2024-02-02 08:00:00,43015.99
2024-02-02 09:00:00,42980.91
2024-02-02 10:00:00,43122.48
2024-02-02 11:00:00,43148.41
2024-02-02 12:00:00,43130.81
2024-02-02 13:00:00,42694.01
2024-02-02 14:00:00,42805.35
2024-02-02 15:00:00,43242.09
2024-02-02 16:00:00,43216.36
2024-02-02 17:00:00,42958.47
2024-02-02 18:00:00,42928.01
2024-02-02 19:00:00,43061.97
2024-02-02 20:00:00,42952.65
2024-02-02 21:00:00,42995.17
2024-02-02 22:00:00,43202.59
2024-02-02 23:00:00,43200.0
2024-02-03 00:00:00,43229.07
2024-02-03 01:00:00,43221.1
2024-02-03 02:00:00,43187.98
2024-02-03 03:00:00,43173.94
2024-02-03 04:00:00,43191.67
2024-02-03 05:00:00,43168.78
2024-02-03 06:00:00,43095.39
2024-02-03 07:00:00,43053.05
2024-02-03 08:00:00,43016.79
2024-02-03 09:00:00,43092.13
2024-02-03 10:00:00,43062.07
2024-02-03 11:00:00,42995.04
2024-02-03 12:00:00,43070.25
2024-02-03 13:00:00,43071.59
2024-02-03 14:00:00,43042.27
2024-02-03 15:00:00,43119.06
2024-02-03 16:00:00,43095.04
2024-02-03 17:00:00,43230.01
2024-02-03 18:00:00,43070.35
2024-02-03 19:00:00,43061.09
2024-02-03 20:00:00,43065.15
2024-02-03 21:00:00,43045.02
2024-02-03 22:00:00,43031.31
2024-02-03 23:00:00,43011.09
2024-02-04 00:00:00,43008.15
2024-02-04 01:00:00,43041.33
2024-02-04 02:00:00,43022.65
2024-02-04 03:00:00,43027.16
2024-02-04 04:00:00,42916.5
2024-02-04 05:00:00,42892.38
2024-02-04 06:00:00,42746.13
2024-02-04 07:00:00,42845.03
2024-02-04 08:00:00,42795.25
2024-02-04 09:00:00,42942.73
2024-02-04 10:00:00,42944.0
2024-02-04 11:00:00,43060.1
2024-02-04 12:00:00,42994.44
2024-02-04 13:00:00,42995.52
2024-02-04 14:00:00,42874.0
2024-02-04 15:00:00,42943.21
2024-02-04 16:00:00,42913.16
2024-02-04 17:00:00,42899.45
2024-02-04 18:00:00,42794.01
2024-02-04 19:00:00,42636.44
2024-02-04 20:00:00,42880.78
2024-02-04 21:00:00,42779.97
2024-02-04 22:00:00,42571.62
2024-02-04 23:00:00,42582.88
2024-02-05 00:00:00,42360.96
2024-02-05 01:00:00,42529.67
2024-02-05 02:00:00,42447.06
2024-02-05 03:00:00,42718.31
2024-02-05 04:00:00,42749.13
2024-02-05 05:00:00,42777.24
2024-02-05 06:00:00,42819.32
2024-02-05 07:00:00,43071.88
2024-02-05 08:00:00,43033.53
2024-02-05 09:00:00,43037.59
2024-02-05 10:00:00,43143.34
2024-02-05 11:00:00,43194.08
2024-02-05 12:00:00,43255.36
2024-02-05 13:00:00,43447.67
2024-02-05 14:00:00,43195.28
2024-02-05 15:00:00,42644.03
2024-02-05 16:00:00,42741.69
2024-02-05 17:00:00,42720.94
2024-02-05 18:00:00,42730.89
2024-02-05 19:00:00,42765.36
2024-02-05 20:00:00,42426.01
2024-02-05 21:00:00,42386.0
2024-02-05 22:00:00,42504.74
2024-02-05 23:00:00,42708.7
2024-02-06 00:00:00,42600.34
2024-02-06 01:00:00,42671.11
2024-02-06 02:00:00,42852.19
2024-02-06 03:00:00,42851.11
2024-02-06 04:00:00,42826.18
2024-02-06 05:00:00,42785.28
2024-02-06 06:00:00,42780.46
2024-02-06 07:00:00,42890.0
2024-02-06 08:00:00,43069.02
2024-02-06 09:00:00,42991.55
2024-02-06 10:00:00,42799.5
2024-02-06 11:00:00,42826.96
2024-02-06 12:00:00,42789.36
2024-02-06 13:00:00,42881.33
2024-02-06 14:00:00,42942.8
2024-02-06 15:00:00,43244.89
2024-02-06 16:00:00,43165.46
2024-02-06 17:00:00,43180.66
2024-02-06 18:00:00,43200.31
2024-02-06 19:00:00,43278.78
2024-02-06 20:00:00,43095.67
2024-02-06 21:00:00,43166.31
2024-02-06 22:00:00,43199.98
2024-02-06 23:00:00,43098.95
2024-02-07 00:00:00,43096.47
2024-02-07 01:00:00,43049.71
2024-02-07 02:00:00,43049.04
2024-02-07 03:00:00,42800.0
2024-02-07 04:00:00,42929.18
2024-02-07 05:00:00,43029.12
2024-02-07 06:00:00,42961.92
2024-02-07 07:00:00,42918.03
2024-02-07 08:00:00,42942.83
2024-02-07 09:00:00,43146.0
2024-02-07 10:00:00,42897.94
2024-02-07 11:00:00,42928.29
2024-02-07 12:00:00,43073.28
2024-02-07 13:00:00,43141.98
2024-02-07 14:00:00,43028.6
2024-02-07 15:00:00,43071.08
2024-02-07 16:00:00,43240.71
2024-02-07 17:00:00,43499.91
2024-02-07 18:00:00,43650.96
2024-02-07 19:00:00,43615.47
2024-02-07 20:00:00,44131.37
2024-02-07 21:00:00,44185.96
2024-02-07 22:00:00,44160.69
2024-02-07 23:00:00,44349.6
2024-02-08 00:00:00,44676.01
2024-02-08 01:00:00,44654.73
2024-02-08 02:00:00,44648.32
2024-02-08 03:00:00,44540.99
2024-02-08 04:00:00,44489.9
2024-02-08 05:00:00,44552.9
2024-02-08 06:00:00,44463.99
2024-02-08 07:00:00,44513.24
2024-02-08 08:00:00,44718.33
2024-02-08 09:00:00,44692.81
2024-02-08 10:00:00,44828.27
2024-02-08 11:00:00,44698.97
2024-02-08 12:00:00,44689.2
2024-02-08 13:00:00,44984.0
2024-02-08 14:00:00,45077.99
2024-02-08 15:00:00,45432.3
2024-02-08 16:00:00,45066.01
2024-02-08 17:00:00,45042.53
2024-02-08 18:00:00,45302.46
2024-02-08 19:00:00,45284.14
2024-02-08 20:00:00,45496.21
2024-02-08 21:00:00,45321.04
2024-02-08 22:00:00,45272.55
2024-02-08 23:00:00,45288.65
2024-02-09 00:00:00,45289.1
2024-02-09 01:00:00,45492.0
2024-02-09 02:00:00,46285.23
2024-02-09 03:00:00,46060.74
2024-02-09 04:00:00,45960.73
2024-02-09 05:00:00,46267.15
2024-02-09 06:00:00,46195.91
2024-02-09 07:00:00,46202.0
2024-02-09 08:00:00,46639.99
2024-02-09 09:00:00,46522.0
2024-02-09 10:00:00,46779.52
2024-02-09 11:00:00,47180.02
2024-02-09 12:00:00,47323.99
2024-02-09 13:00:00,47465.96
2024-02-09 14:00:00,47062.01
2024-02-09 15:00:00,47159.99
2024-02-09 16:00:00,47275.88
2024-02-09 17:00:00,47652.24
2024-02-09 18:00:00,47602.0
2024-02-09 19:00:00,47509.48
2024-02-09 20:00:00,47511.29
2024-02-09 21:00:00,47507.25
2024-02-09 22:00:00,47272.61
2024-02-09 23:00:00,47132.77
2024-02-10 00:00:00,47088.0
2024-02-10 01:00:00,47302.01
2024-02-10 02:00:00,47311.39
2024-02-10 03:00:00,47376.62
2024-02-10 04:00:00,47409.5
2024-02-10 05:00:00,47326.83
2024-02-10 06:00:00,47349.99
2024-02-10 07:00:00,47151.72
2024-02-10 08:00:00,47087.7
2024-02-10 09:00:00,47066.0
2024-02-10 10:00:00,46884.22
2024-02-10 11:00:00,47182.0
2024-02-10 12:00:00,47231.55
2024-02-10 13:00:00,47303.59
2024-02-10 14:00:00,47270.0
2024-02-10 15:00:00,47353.48
2024-02-10 16:00:00,47250.0
2024-02-10 17:00:00,47196.48
2024-02-10 18:00:00,47329.37
2024-02-10 19:00:00,47531.09
2024-02-10 20:00:00,47878.0
2024-02-10 21:00:00,47941.63
2024-02-10 22:00:00,47825.9
2024-02-10 23:00:00,47751.09
2024-02-11 00:00:00,47732.43
2024-02-11 01:00:00,47626.58
2024-02-11 02:00:00,47774.23
2024-02-11 03:00:00,48519.61
2024-02-11 04:00:00,48294.76
2024-02-11 05:00:00,48224.7
2024-02-11 06:00:00,48221.94
2024-02-11 07:00:00,48179.52
2024-02-11 08:00:00,48140.0
2024-02-11 09:00:00,48139.99
2024-02-11 10:00:00,48142.78
2024-02-11 11:00:00,48411.71
2024-02-11 12:00:00,48291.01
2024-02-11 13:00:00,48058.12
2024-02-11 14:00:00,48234.56
2024-02-11 15:00:00,48150.43
2024-02-11 16:00:00,48104.01
2024-02-11 17:00:00,48292.0
2024-02-11 18:00:00,48282.22
2024-02-11 19:00:00,48284.0
2024-02-11 20:00:00,48034.55
2024-02-11 21:00:00,48116.0
2024-02-11 22:00:00,48136.0
2024-02-11 23:00:00,48299.99
2024-02-12 00:00:00,48604.0
2024-02-12 01:00:00,48485.74
2024-02-12 02:00:00,48151.1
2024-02-12 03:00:00,48145.0
2024-02-12 04:00:00,48070.0
2024-02-12 05:00:00,48073.18
2024-02-12 06:00:00,48149.43
2024-02-12 07:00:00,48203.98
2024-02-12 08:00:00,48114.01
2024-02-12 09:00:00,47880.92
2024-02-12 10:00:00,47872.07
2024-02-12 11:00:00,47903.03
2024-02-12 12:00:00,48032.0
2024-02-12 13:00:00,47949.85
2024-02-12 14:00:00,48798.0
2024-02-12 15:00:00,49917.8
2024-02-12 16:00:00,49582.33
2024-02-12 17:00:00,49854.48
2024-02-12 18:00:00,49741.96
2024-02-12 19:00:00,49532.03
2024-02-12 20:00:00,50162.96
2024-02-12 21:00:00,49816.3
2024-02-12 22:00:00,50021.1
2024-02-12 23:00:00,49917.27
2024-02-13 00:00:00,50101.7
2024-02-13 01:00:00,50141.16
2024-02-13 02:00:00,49947.57
2024-02-13 03:00:00,49789.99
2024-02-13 04:00:00,49902.46
2024-02-13 05:00:00,50050.0
2024-02-13 06:00:00,50000.0
2024-02-13 07:00:00,49983.09
2024-02-13 08:00:00,50117.98
2024-02-13 09:00:00,50204.99
2024-02-13 10:00:00,49861.09
2024-02-13 11:00:00,49988.12
2024-02-13 12:00:00,49860.0
2024-02-13 13:00:00,49528.06
2024-02-13 14:00:00,48692.16
2024-02-13 15:00:00,48727.47
2024-02-13 16:00:00,48477.07
2024-02-13 17:00:00,48844.19
2024-02-13 18:00:00,49107.84
2024-02-13 19:00:00,49036.73
2024-02-13 20:00:00,49399.41
2024-02-13 21:00:00,49525.0
2024-02-13 22:00:00,49521.54
2024-02-13 23:00:00,49699.59
2024-02-14 00:00:00,49482.81
2024-02-14 01:00:00,49433.29
2024-02-14 02:00:00,49490.48
2024-02-14 03:00:00,49518.61
2024-02-14 04:00:00,49385.99
2024-02-14 05:00:00,49539.05
2024-02-14 06:00:00,49637.83
2024-02-14 07:00:00,49838.93
2024-02-14 08:00:00,50758.0
2024-02-14 09:00:00,51551.1
2024-02-14 10:00:00,51300.0
2024-02-14 11:00:00,51555.12
2024-02-14 12:00:00,51575.5
2024-02-14 13:00:00,51786.01
2024-02-14 14:00:00,51908.45
2024-02-14 15:00:00,51590.0
2024-02-14 16:00:00,51581.35
2024-02-14 17:00:00,51663.99
2024-02-14 18:00:00,51445.45
2024-02-14 19:00:00,51678.0
2024-02-14 20:00:00,51686.14
2024-02-14 21:00:00,51725.25
2024-02-14 22:00:00,51792.43
2024-02-14 23:00:00,51795.17
2024-02-15 00:00:00,52321.2
2024-02-15 01:00:00,51901.45
2024-02-15 02:00:00,52048.46
2024-02-15 03:00:00,52343.32
2024-02-15 04:00:00,52140.0
2024-02-15 05:00:00,51955.66
2024-02-15 06:00:00,51974.5
2024-02-15 07:00:00,51776.61
2024-02-15 08:00:00,51934.01
2024-02-15 09:00:00,52165.99
2024-02-15 10:00:00,52286.7
2024-02-15 11:00:00,52330.0
2024-02-15 12:00:00,52331.94
2024-02-15 13:00:00,52217.73
2024-02-15 14:00:00,52621.31
2024-02-15 15:00:00,51948.23
2024-02-15 16:00:00,52265.32
2024-02-15 17:00:00,51875.59
2024-02-15 18:00:00,51977.99
2024-02-15 19:00:00,52002.01
2024-02-15 20:00:00,51686.0
2024-02-15 21:00:00,51327.27
2024-02-15 22:00:00,51644.4
2024-02-15 23:00:00,51880.0
2024-02-16 00:00:00,51914.08
2024-02-16 01:00:00,51952.63
2024-02-16 02:00:00,52168.15
2024-02-16 03:00:00,52280.25
2024-02-16 04:00:00,52121.99
2024-02-16 05:00:00,52064.38
2024-02-16 06:00:00,51897.95
2024-02-16 07:00:00,51731.99
2024-02-16 08:00:00,51829.3
2024-02-16 09:00:00,51827.99
2024-02-16 10:00:00,52300.0
2024-02-16 11:00:00,52213.86
2024-02-16 12:00:00,52383.44
2024-02-16 13:00:00,52464.0
2024-02-16 14:00:00,51920.31
2024-02-16 15:00:00,51888.01
2024-02-16 16:00:00,52041.1
2024-02-16 17:00:00,52016.78
2024-02-16 18:00:00,51967.33
2024-02-16 19:00:00,51756.29
2024-02-16 20:00:00,51838.0
2024-02-16 21:00:00,51982.01
2024-02-16 22:00:00,51977.86
2024-02-16 23:00:00,52124.11
2024-02-17 00:00:00,52003.8
2024-02-17 01:00:00,51971.33
2024-02-17 02:00:00,51935.85
2024-02-17 03:00:00,51968.75
2024-02-17 04:00:00,52011.62
2024-02-17 05:00:00,51918.98
2024-02-17 06:00:00,51925.59
2024-02-17 07:00:00,51911.33
2024-02-17 08:00:00,51740.01
2024-02-17 09:00:00,51676.4
2024-02-17 10:00:00,51721.67
2024-02-17 11:00:00,51690.48
2024-02-17 12:00:00,51711.1
2024-02-17 13:00:00,51188.81
2024-02-17 14:00:00,50841.09
2024-02-17 15:00:00,50984.56
2024-02-17 16:00:00,50951.25
2024-02-17 17:00:00,51215.58
2024-02-17 18:00:00,51263.95
2024-02-17 19:00:00,51394.43
2024-02-17 20:00:00,51514.0
2024-02-17 21:00:00,51803.8
2024-02-17 22:00:00,51710.51
2024-02-17 23:00:00,51642.64
2024-02-18 00:00:00,51676.95
2024-02-18 01:00:00,51530.83
2024-02-18 02:00:00,51277.99
2024-02-18 03:00:00,51479.99
2024-02-18 04:00:00,51564.12
2024-02-18 05:00:00,51656.87
2024-02-18 06:00:00,51509.58
2024-02-18 07:00:00,51671.1
2024-02-18 08:00:00,51790.01
2024-02-18 09:00:00,51976.81
2024-02-18 10:00:00,51830.83
2024-02-18 11:00:00,51832.01
2024-02-18 12:00:00,51554.06
2024-02-18 13:00:00,51628.44
2024-02-18 14:00:00,51882.0
2024-02-18 15:00:00,51773.99
2024-02-18 16:00:00,51835.57
2024-02-18 17:00:00,51837.94
2024-02-18 18:00:00,51793.95
2024-02-18 19:00:00,51758.12
2024-02-18 20:00:00,51776.0
2024-02-18 21:00:00,51861.1
2024-02-18 22:00:00,52239.8
2024-02-18 23:00:00,52137.67
2024-02-19 00:00:00,52183.72
2024-02-19 01:00:00,52092.06
2024-02-19 02:00:00,52148.6
2024-02-19 03:00:00,52063.81
2024-02-19 04:00:00,52097.39
2024-02-19 05:00:00,52130.42
2024-02-19 06:00:00,52387.53
2024-02-19 07:00:00,52394.04
2024-02-19 08:00:00,52098.5
2024-02-19 09:00:00,52262.99
2024-02-19 10:00:00,52350.01
2024-02-19 11:00:00,52336.22
2024-02-19 12:00:00,52271.09
2024-02-19 13:00:00,52150.17
2024-02-19 14:00:00,52100.0
2024-02-19 15:00:00,52127.99
2024-02-19 16:00:00,51775.76
2024-02-19 17:00:00,52151.73
2024-02-19 18:00:00,51926.61
2024-02-19 19:00:00,51820.61
2024-02-19 20:00:00,51798.99
2024-02-19 21:00:00,51904.42
2024-02-19 22:00:00,51936.42
2024-02-19 23:00:00,51774.73
2024-02-20 00:00:00,51641.82
2024-02-20 01:00:00,51631.15
2024-02-20 02:00:00,51711.09
2024-02-20 03:00:00,51580.23
2024-02-20 04:00:00,51788.01
2024-02-20 05:00:00,51909.1
2024-02-20 06:00:00,51948.06
2024-02-20 07:00:00,51839.28
2024-02-20 08:00:00,51776.8
2024-02-20 09:00:00,51761.33
2024-02-20 10:00:00,52119.99
2024-02-20 11:00:00,52286.8
2024-02-20 12:00:00,52178.92
2024-02-20 13:00:00,52840.13
2024-02-20 14:00:00,52048.74
2024-02-20 15:00:00,51680.0
2024-02-20 16:00:00,51396.33
2024-02-20 17:00:00,51324.99
2024-02-20 18:00:00,51509.89
2024-02-20 19:00:00,52101.11
2024-02-20 20:00:00,51990.63
2024-02-20 21:00:00,52024.0
2024-02-20 22:00:00,52168.65
2024-02-20 23:00:00,52258.82
2024-02-21 00:00:00,52174.2
2024-02-21 01:00:00,52102.56
2024-02-21 02:00:00,52067.99
2024-02-21 03:00:00,52001.99
2024-02-21 04:00:00,51949.58
2024-02-21 05:00:00,51837.95
2024-02-21 06:00:00,51741.98
2024-02-21 07:00:00,51568.64
2024-02-21 08:00:00,51667.84
2024-02-21 09:00:00,51095.1
2024-02-21 10:00:00,51271.1
2024-02-21 11:00:00,50965.53
2024-02-21 12:00:00,51310.7
2024-02-21 13:00:00,51181.09
2024-02-21 14:00:00,50929.99
2024-02-21 15:00:00,51156.0
2024-02-21 16:00:00,51346.39
2024-02-21 17:00:00,50931.35
2024-02-21 18:00:00,50855.83
2024-02-21 19:00:00,51058.0
2024-02-21 20:00:00,50957.94
2024-02-21 21:00:00,51385.34
2024-02-21 22:00:00,51511.1
2024-02-21 23:00:00,51849.39
2024-02-22 00:00:00,51532.57
2024-02-22 01:00:00,51238.81
2024-02-22 02:00:00,51418.36
2024-02-22 03:00:00,51586.1
2024-02-22 04:00:00,51434.61
2024-02-22 05:00:00,51524.88
2024-02-22 06:00:00,51767.51
2024-02-22 07:00:00,51827.63
2024-02-22 08:00:00,51888.52
2024-02-22 09:00:00,51945.31
2024-02-22 10:00:00,51694.07
2024-02-22 11:00:00,51622.04
2024-02-22 12:00:00,51521.1
2024-02-22 13:00:00,51164.02
2024-02-22 14:00:00,51374.0
2024-02-22 15:00:00,51602.4
2024-02-22 16:00:00,51479.09
2024-02-22 17:00:00,51697.4
2024-02-22 18:00:00,51718.81
2024-02-22 19:00:00,51509.99
2024-02-22 20:00:00,51995.58
2024-02-22 21:00:00,51656.96
2024-02-22 22:00:00,51456.01
2024-02-22 23:00:00,51288.42
2024-02-23 00:00:00,51455.85
2024-02-23 01:00:00,51311.11
2024-02-23 02:00:00,51096.39
2024-02-23 03:00:00,51100.0
2024-02-23 04:00:00,51219.59
2024-02-23 05:00:00,51236.01
2024-02-23 06:00:00,51301.11
2024-02-23 07:00:00,50915.96
2024-02-23 08:00:00,50958.54
2024-02-23 09:00:00,51009.38
2024-02-23 10:00:00,51171.09
2024-02-23 11:00:00,51218.95
2024-02-23 12:00:00,50994.01
2024-02-23 13:00:00,51058.2
2024-02-23 14:00:00,51126.0
2024-02-23 15:00:00,50911.11
2024-02-23 16:00:00,51053.07
2024-02-23 17:00:00,51139.14
2024-02-23 18:00:00,51103.76
2024-02-23 19:00:00,51099.09
2024-02-23 20:00:00,51079.21
2024-02-23 21:00:00,50986.12
2024-02-23 22:00:00,50788.01
2024-02-23 23:00:00,50744.15
2024-02-24 00:00:00,50889.2
2024-02-24 01:00:00,50590.01
2024-02-24 02:00:00,50799.99
2024-02-24 03:00:00,50849.97
2024-02-24 04:00:00,50953.96
2024-02-24 05:00:00,51047.36
2024-02-24 06:00:00,50969.81
2024-02-24 07:00:00,51068.7
2024-02-24 08:00:00,50994.92
2024-02-24 09:00:00,51091.1
2024-02-24 10:00:00,51090.01
2024-02-24 11:00:00,51119.79
2024-02-24 12:00:00,51076.55
2024-02-24 13:00:00,51140.0
2024-02-24 14:00:00,51139.3
2024-02-24 15:00:00,51099.34
2024-02-24 16:00:00,51215.04
2024-02-24 17:00:00,51533.99
2024-02-24 18:00:00,51434.96
2024-02-24 19:00:00,51557.07
2024-02-24 20:00:00,51511.54
2024-02-24 21:00:00,51562.32
2024-02-24 22:00:00,51556.61
2024-02-24 23:00:00,51568.22
2024-02-25 00:00:00,51486.86
2024-02-25 01:00:00,51684.01
2024-02-25 02:00:00,51602.05
2024-02-25 03:00:00,51624.99
2024-02-25 04:00:00,51617.56
2024-02-25 05:00:00,51669.32
2024-02-25 06:00:00,51756.88
2024-02-25 07:00:00,51719.28
2024-02-25 08:00:00,51606.36
2024-02-25 09:00:00,51639.51
2024-02-25 10:00:00,51576.01
2024-02-25 11:00:00,51645.0
2024-02-25 12:00:00,51656.46
2024-02-25 13:00:00,51612.92
2024-02-25 14:00:00,51741.22
2024-02-25 15:00:00,51524.02
2024-02-25 16:00:00,51378.48
2024-02-25 17:00:00,51559.97
2024-02-25 18:00:00,51579.98
2024-02-25 19:00:00,51672.96
2024-02-25 20:00:00,51735.8
2024-02-25 21:00:00,51766.84
2024-02-25 22:00:00,51702.01
2024-02-25 23:00:00,51728.85
2024-02-26 00:00:00,51678.9
2024-02-26 01:00:00,51473.17
2024-02-26 02:00:00,51432.92
2024-02-26 03:00:00,51555.59
2024-02-26 04:00:00,51534.24
2024-02-26 05:00:00,51569.0
2024-02-26 06:00:00,51521.09
2024-02-26 07:00:00,51293.26
2024-02-26 08:00:00,51250.16
2024-02-26 09:00:00,50949.99
2024-02-26 10:00:00,51170.58
2024-02-26 11:00:00,51090.01
2024-02-26 12:00:00,51233.82
2024-02-26 13:00:00,51228.5
2024-02-26 14:00:00,51687.02
2024-02-26 15:00:00,52842.32
2024-02-26 16:00:00,53391.02
2024-02-26 17:00:00,53502.6
2024-02-26 18:00:00,53591.09
2024-02-26 19:00:00,54487.11
2024-02-26 20:00:00,54448.09
2024-02-26 21:00:00,54642.89
2024-02-26 22:00:00,54659.79
2024-02-26 23:00:00,54476.47
2024-02-27 00:00:00,54554.93
2024-02-27 01:00:00,55768.41
2024-02-27 02:00:00,56298.48
2024-02-27 03:00:00,55667.6
2024-02-27 04:00:00,55737.99
2024-02-27 05:00:00,56066.01
2024-02-27 06:00:00,56363.0
2024-02-27 07:00:00,56059.08
2024-02-27 08:00:00,56235.99
2024-02-27 09:00:00,56615.94
2024-02-27 10:00:00,56528.25
2024-02-27 11:00:00,56527.79
2024-02-27 12:00:00,56786.95
2024-02-27 13:00:00,57112.29
2024-02-27 14:00:00,56976.33
2024-02-27 15:00:00,56745.66
2024-02-27 16:00:00,57040.01
2024-02-27 17:00:00,56759.99
2024-02-27 18:00:00,57111.1
2024-02-27 19:00:00,57339.68
2024-02-27 20:00:00,56967.89
2024-02-27 21:00:00,56703.32
2024-02-27 22:00:00,56892.91
2024-02-27 23:00:00,57037.34
2024-02-28 00:00:00,57015.34
2024-02-28 01:00:00,56772.64
2024-02-28 02:00:00,56925.1
2024-02-28 03:00:00,56916.4
2024-02-28 04:00:00,57207.5
2024-02-28 05:00:00,57080.68
2024-02-28 06:00:00,57185.81
2024-02-28 07:00:00,58241.1
2024-02-28 08:00:00,59448.42
2024-02-28 09:00:00,59300.01
2024-02-28 10:00:00,59266.02
2024-02-28 11:00:00,58941.11
2024-02-28 12:00:00,59354.2
2024-02-28 13:00:00,60454.77
2024-02-28 14:00:00,60971.11
2024-02-28 15:00:00,60966.22
2024-02-28 16:00:00,62412.01
2024-02-28 17:00:00,61358.6
2024-02-28 18:00:00,61101.99
2024-02-28 19:00:00,60951.11
2024-02-28 20:00:00,60403.21
2024-02-28 21:00:00,60550.46
2024-02-28 22:00:00,61274.94
2024-02-28 23:00:00,62432.1
2024-02-29 00:00:00,61359.99
2024-02-29 01:00:00,61376.07
2024-02-29 02:00:00,61740.29
2024-02-29 03:00:00,61561.33
2024-02-29 04:00:00,62443.9
2024-02-29 05:00:00,62540.91
2024-02-29 06:00:00,63000.0
2024-02-29 07:00:00,62707.17
2024-02-29 08:00:00,62785.28
2024-02-29 09:00:00,62686.39
2024-02-29 10:00:00,62703.29
2024-02-29 11:00:00,62936.02
2024-02-29 12:00:00,62661.05
2024-02-29 13:00:00,62931.66
2024-02-29 14:00:00,62902.77
2024-02-29 15:00:00,62768.02
2024-02-29 16:00:00,62171.97
2024-02-29 17:00:00,60982.35
2024-02-29 18:00:00,60800.0
2024-02-29 19:00:00,61600.0
2024-02-29 20:00:00,61934.73
2024-02-29 21:00:00,61374.94
2024-02-29 22:00:00,61224.02
2024-02-29 23:00:00,61130.98
2024-03-01 00:00:00,61501.11
2024-03-01 01:00:00,61214.35
2024-03-01 02:00:00,60980.0
2024-03-01 03:00:00,61105.91
2024-03-01 04:00:00,61524.09
2024-03-01 05:00:00,61312.01
2024-03-01 06:00:00,61568.18
2024-03-01 07:00:00,61434.0
2024-03-01 08:00:00,61908.62
2024-03-01 09:00:00,62129.15
2024-03-01 10:00:00,61991.11
2024-03-01 11:00:00,61863.72
2024-03-01 12:00:00,62230.0
2024-03-01 13:00:00,62457.98
2024-03-01 14:00:00,61948.3
2024-03-01 15:00:00,61263.99
2024-03-01 16:00:00,61427.38
2024-03-01 17:00:00,61909.98
2024-03-01 18:00:00,62333.52
2024-03-01 19:00:00,62215.5
2024-03-01 20:00:00,62861.11
2024-03-01 21:00:00,62520.47
2024-03-01 22:00:00,62490.09
2024-03-01 23:00:00,62387.9
2024-03-02 00:00:00,62299.99
2024-03-02 01:00:00,62030.01
2024-03-02 02:00:00,62111.18
2024-03-02 03:00:00,62307.45
2024-03-02 04:00:00,62035.95
2024-03-02 05:00:00,62006.55
2024-03-02 06:00:00,61946.0
2024-03-02 07:00:00,62011.85
2024-03-02 08:00:00,61939.64
2024-03-02 09:00:00,61843.06
2024-03-02 10:00:00,61904.86
2024-03-02 11:00:00,61826.32
2024-03-02 12:00:00,62078.66
2024-03-02 13:00:00,61803.69
2024-03-02 14:00:00,61840.12
2024-03-02 15:00:00,61771.2
2024-03-02 16:00:00,61854.29
2024-03-02 17:00:00,61761.11
2024-03-02 18:00:00,62024.29
2024-03-02 19:00:00,62114.77
2024-03-02 20:00:00,61873.2
2024-03-02 21:00:00,61898.73
2024-03-02 22:00:00,61685.02
2024-03-02 23:00:00,61987.28
2024-03-03 00:00:00,61736.9
2024-03-03 01:00:00,61795.53
2024-03-03 02:00:00,61808.73
2024-03-03 03:00:00,61931.09
2024-03-03 04:00:00,62016.25
2024-03-03 05:00:00,61900.0
2024-03-03 06:00:00,61865.01
2024-03-03 07:00:00,61598.0
2024-03-03 08:00:00,61597.11
2024-03-03 09:00:00,61715.05
2024-03-03 10:00:00,61655.57
2024-03-03 11:00:00,61831.1
2024-03-03 12:00:00,62184.02
2024-03-03 13:00:00,62393.86
2024-03-03 14:00:00,62102.68
2024-03-03 15:00:00,62164.63
2024-03-03 16:00:00,62845.15
2024-03-03 17:00:00,62570.01
2024-03-03 18:00:00,62811.1
2024-03-03 19:00:00,62730.0
2024-03-03 20:00:00,62757.99
2024-03-03 21:00:00,62827.11
2024-03-03 22:00:00,62827.43
2024-03-03 23:00:00,63113.97
2024-03-04 00:00:00,63459.3
2024-03-04 01:00:00,63512.41
2024-03-04 02:00:00,63687.43
2024-03-04 03:00:00,63458.72
2024-03-04 04:00:00,63634.36
2024-03-04 05:00:00,63358.0
2024-03-04 06:00:00,63689.17
2024-03-04 07:00:00,64066.62
2024-03-04 08:00:00,65241.08
2024-03-04 09:00:00,65290.29
2024-03-04 10:00:00,65068.18
2024-03-04 11:00:00,65230.0
2024-03-04 12:00:00,65123.7
2024-03-04 13:00:00,65111.21
2024-03-04 14:00:00,66169.41
2024-03-04 15:00:00,66451.65
2024-03-04 16:00:00,66539.82
2024-03-04 17:00:00,66858.74
2024-03-04 18:00:00,66617.57
2024-03-04 19:00:00,67405.26
2024-03-04 20:00:00,67427.16
2024-03-04 21:00:00,67404.86
2024-03-04 22:00:00,67929.11
2024-03-04 23:00:00,68245.71
2024-03-05 00:00:00,68034.01
2024-03-05 01:00:00,68506.04
2024-03-05 02:00:00,68137.81
2024-03-05 03:00:00,68113.94
2024-03-05 04:00:00,67326.17
2024-03-05 05:00:00,66961.09
2024-03-05 06:00:00,67286.8
2024-03-05 07:00:00,66129.64
2024-03-05 08:00:00,66866.75
2024-03-05 09:00:00,66407.89
2024-03-05 10:00:00,66810.18
2024-03-05 11:00:00,66656.31
2024-03-05 12:00:00,67325.03
2024-03-05 13:00:00,67770.01
2024-03-05 14:00:00,68710.41
2024-03-05 15:00:00,66773.05
2024-03-05 16:00:00,65495.98
2024-03-05 17:00:00,65575.2
2024-03-05 18:00:00,63988.37
2024-03-05 19:00:00,61410.98
2024-03-05 20:00:00,61886.32
2024-03-05 21:00:00,63264.24
2024-03-05 22:00:00,63397.99
2024-03-05 23:00:00,63724.01
2024-03-06 00:00:00,63429.18
2024-03-06 01:00:00,63108.6
2024-03-06 02:00:00,62795.0
2024-03-06 03:00:00,63263.21
2024-03-06 04:00:00,64607.98
2024-03-06 05:00:00,66406.8
2024-03-06 06:00:00,65737.22
2024-03-06 07:00:00,66676.46
2024-03-06 08:00:00,66941.23
2024-03-06 09:00:00,66120.14
2024-03-06 10:00:00,66660.36
2024-03-06 11:00:00,67301.31
2024-03-06 12:00:00,65929.5
2024-03-06 13:00:00,66327.48
2024-03-06 14:00:00,65896.75
2024-03-06 15:00:00,66481.12
2024-03-06 16:00:00,67086.0
2024-03-06 17:00:00,67324.84
2024-03-06 18:00:00,67084.18
2024-03-06 19:00:00,66739.48
2024-03-06 20:00:00,66888.24
2024-03-06 21:00:00,66417.72
2024-03-06 22:00:00,65916.53
2024-03-06 23:00:00,66074.04
2024-03-07 00:00:00,66198.31
2024-03-07 01:00:00,66410.0
2024-03-07 02:00:00,66101.1
2024-03-07 03:00:00,65847.29
2024-03-07 04:00:00,65843.57
2024-03-07 05:00:00,65800.0
2024-03-07 06:00:00,65871.97
2024-03-07 07:00:00,66387.78
2024-03-07 08:00:00,66665.41
2024-03-07 09:00:00,66710.32
2024-03-07 10:00:00,66898.35
2024-03-07 11:00:00,66905.34
2024-03-07 12:00:00,66712.44
2024-03-07 13:00:00,66905.69
2024-03-07 14:00:00,67024.98
2024-03-07 15:00:00,67260.01
2024-03-07 16:00:00,67304.02
2024-03-07 17:00:00,67592.92
2024-03-07 18:00:00,67601.21
2024-03-07 19:00:00,67498.02
2024-03-07 20:00:00,67537.67
2024-03-07 21:00:00,67239.67
2024-03-07 22:00:00,67102.18
2024-03-07 23:00:00,66823.17
2024-03-08 00:00:00,67072.65
2024-03-08 01:00:00,66936.02
2024-03-08 02:00:00,67117.37
2024-03-08 03:00:00,67156.09
2024-03-08 04:00:00,67069.22
2024-03-08 05:00:00,66909.99
2024-03-08 06:00:00,67563.6
2024-03-08 07:00:00,67223.02
2024-03-08 08:00:00,67208.55
2024-03-08 09:00:00,67121.39
2024-03-08 10:00:00,67336.66
2024-03-08 11:00:00,67741.21
2024-03-08 12:00:00,67455.22
2024-03-08 13:00:00,67770.96
2024-03-08 14:00:00,68422.0
2024-03-08 15:00:00,67617.6
2024-03-08 16:00:00,67810.6
2024-03-08 17:00:00,68340.01
2024-03-08 18:00:00,68578.01
2024-03-08 19:00:00,68863.99
2024-03-08 20:00:00,69071.99
2024-03-08 21:00:00,68182.39
2024-03-08 22:00:00,68102.06
2024-03-08 23:00:00,68124.19
2024-03-09 00:00:00,68100.01
2024-03-09 01:00:00,67910.95
2024-03-09 02:00:00,68156.02
2024-03-09 03:00:00,68247.34
2024-03-09 04:00:00,68301.11
2024-03-09 05:00:00,68244.98
2024-03-09 06:00:00,68426.01
2024-03-09 07:00:00,68288.64
2024-03-09 08:00:00,68300.0
2024-03-09 09:00:00,68301.09
2024-03-09 10:00:00,68177.99
2024-03-09 11:00:00,68299.99
2024-03-09 12:00:00,68475.18
2024-03-09 13:00:00,68345.57
2024-03-09 14:00:00,68138.68
2024-03-09 15:00:00,68288.2
2024-03-09 16:00:00,68104.59
2024-03-09 17:00:00,68153.86
2024-03-09 18:00:00,68250.01
2024-03-09 19:00:00,68193.51
2024-03-09 20:00:00,68333.24
2024-03-09 21:00:00,68376.13
2024-03-09 22:00:00,68364.99
2024-03-09 23:00:00,68313.27
2024-03-10 00:00:00,68343.12
2024-03-10 01:00:00,68939.55
2024-03-10 02:00:00,68822.58
2024-03-10 03:00:00,69136.79
2024-03-10 04:00:00,69403.81
2024-03-10 05:00:00,69330.32
2024-03-10 06:00:00,69325.92
2024-03-10 07:00:00,69347.16
2024-03-10 08:00:00,69635.35
2024-03-10 09:00:00,69776.31
2024-03-10 10:00:00,69750.08
2024-03-10 11:00:00,69568.46
2024-03-10 12:00:00,69777.94
2024-03-10 13:00:00,69313.56
2024-03-10 14:00:00,69270.0
2024-03-10 15:00:00,69194.83
2024-03-10 16:00:00,69426.42
2024-03-10 17:00:00,69413.53
2024-03-10 18:00:00,69233.97
2024-03-10 19:00:00,69400.19
2024-03-10 20:00:00,69310.0
2024-03-10 21:00:00,69100.0
2024-03-10 22:00:00,68418.59
2024-03-10 23:00:00,68955.88
2024-03-11 00:00:00,68095.99
2024-03-11 01:00:00,68299.17
2024-03-11 02:00:00,68314.71
2024-03-11 03:00:00,68604.42
2024-03-11 04:00:00,68540.12
2024-03-11 05:00:00,68550.4
2024-03-11 06:00:00,69319.79
2024-03-11 07:00:00,71019.99
2024-03-11 08:00:00,71190.0
2024-03-11 09:00:00,71770.0
2024-03-11 10:00:00,71504.01
2024-03-11 11:00:00,71487.2
2024-03-11 12:00:00,71968.27
2024-03-11 13:00:00,71503.97
2024-03-11 14:00:00,72170.68
2024-03-11 15:00:00,72010.0
2024-03-11 16:00:00,72501.1
2024-03-11 17:00:00,72481.11
2024-03-11 18:00:00,72480.0
2024-03-11 19:00:00,71970.0
2024-03-11 20:00:00,72115.76
2024-03-11 21:00:00,72517.32
2024-03-11 22:00:00,72441.11
2024-03-11 23:00:00,72078.1
2024-03-12 00:00:00,71988.27
2024-03-12 01:00:00,72433.34
2024-03-12 02:00:00,72183.97
2024-03-12 03:00:00,71619.0
2024-03-12 04:00:00,71809.3
2024-03-12 05:00:00,71981.11
2024-03-12 06:00:00,72266.47
2024-03-12 07:00:00,72121.1
2024-03-12 08:00:00,71677.32
2024-03-12 09:00:00,71936.0
2024-03-12 10:00:00,71864.0
2024-03-12 11:00:00,72023.82
2024-03-12 12:00:00,72193.19
2024-03-12 13:00:00,72293.8
2024-03-12 14:00:00,71666.79
2024-03-12 15:00:00,71703.41
2024-03-12 16:00:00,70507.37
2024-03-12 17:00:00,71092.55
2024-03-12 18:00:00,71410.21
2024-03-12 19:00:00,71349.99
2024-03-12 20:00:00,71037.63
2024-03-12 21:00:00,70845.21
2024-03-12 22:00:00,71162.01
2024-03-12 23:00:00,71452.01
2024-03-13 00:00:00,71410.68
2024-03-13 01:00:00,72005.37
2024-03-13 02:00:00,71980.0
2024-03-13 03:00:00,72057.43
2024-03-13 04:00:00,72210.0
2024-03-13 05:00:00,72152.39
2024-03-13 06:00:00,72708.0
2024-03-13 07:00:00,72855.16
2024-03-13 08:00:00,73433.5
2024-03-13 09:00:00,73306.52
2024-03-13 10:00:00,73256.02
2024-03-13 11:00:00,73065.41
2024-03-13 12:00:00,72810.0
2024-03-13 13:00:00,72183.65
2024-03-13 14:00:00,72352.8
2024-03-13 15:00:00,72634.95
2024-03-13 16:00:00,72995.91
2024-03-13 17:00:00,72820.61
2024-03-13 18:00:00,73133.59
2024-03-13 19:00:00,73349.24
2024-03-13 20:00:00,73088.73
2024-03-13 21:00:00,73240.2
2024-03-13 22:00:00,72951.83
2024-03-13 23:00:00,73072.41
2024-03-14 00:00:00,72842.77
2024-03-14 01:00:00,72928.31
2024-03-14 02:00:00,73012.73
2024-03-14 03:00:00,73267.08
2024-03-14 04:00:00,72961.08
2024-03-14 05:00:00,73143.98
2024-03-14 06:00:00,73577.35
2024-03-14 07:00:00,73224.0
2024-03-14 08:00:00,73321.11
2024-03-14 09:00:00,73329.12
2024-03-14 10:00:00,72983.59
2024-03-14 11:00:00,72884.0
2024-03-14 12:00:00,72829.93
2024-03-14 13:00:00,71884.81
2024-03-14 14:00:00,71690.0
2024-03-14 15:00:00,70844.01
2024-03-14 16:00:00,71337.63
2024-03-14 17:00:00,71036.01
2024-03-14 18:00:00,70098.5
2024-03-14 19:00:00,69415.09
2024-03-14 20:00:00,70744.9
2024-03-14 21:00:00,71105.58
2024-03-14 22:00:00,71539.2
2024-03-14 23:00:00,71388.94
2024-03-15 00:00:00,71910.01
2024-03-15 01:00:00,71631.99
2024-03-15 02:00:00,69035.38
2024-03-15 03:00:00,68224.01
2024-03-15 04:00:00,67447.99
2024-03-15 05:00:00,67441.1
2024-03-15 06:00:00,68670.0
2024-03-15 07:00:00,68448.29
2024-03-15 08:00:00,67066.26
2024-03-15 09:00:00,67799.31
2024-03-15 10:00:00,67250.78
2024-03-15 11:00:00,67757.76
2024-03-15 12:00:00,67915.01
2024-03-15 13:00:00,68474.26
2024-03-15 14:00:00,68622.81
2024-03-15 15:00:00,68157.07
2024-03-15 16:00:00,67893.77
2024-03-15 17:00:00,68221.1
2024-03-15 18:00:00,70234.0
2024-03-15 19:00:00,68964.0
2024-03-15 20:00:00,67871.99
2024-03-15 21:00:00,68309.04
2024-03-15 22:00:00,69104.3
2024-03-15 23:00:00,69499.85
2024-03-16 00:00:00,69639.99
2024-03-16 01:00:00,69286.2
2024-03-16 02:00:00,69073.14
2024-03-16 03:00:00,69200.08
2024-03-16 04:00:00,69011.01
2024-03-16 05:00:00,68984.91
2024-03-16 06:00:00,69186.91
2024-03-16 07:00:00,69432.45
2024-03-16 08:00:00,69021.96
2024-03-16 09:00:00,68938.96
2024-03-16 10:00:00,68427.54
2024-03-16 11:00:00,68256.01
2024-03-16 12:00:00,67884.01
2024-03-16 13:00:00,67704.31
2024-03-16 14:00:00,68194.2
2024-03-16 15:00:00,68385.58
2024-03-16 16:00:00,68187.05
2024-03-16 17:00:00,67275.86
2024-03-16 18:00:00,67030.6
2024-03-16 19:00:00,66911.52
2024-03-16 20:00:00,67129.19
2024-03-16 21:00:00,66243.28
2024-03-16 22:00:00,66361.11
2024-03-16 23:00:00,65300.63
2024-03-17 00:00:00,65220.55
2024-03-17 01:00:00,66174.74
2024-03-17 02:00:00,66364.17
2024-03-17 03:00:00,66538.99
2024-03-17 04:00:00,66351.76
2024-03-17 05:00:00,66235.68
2024-03-17 06:00:00,64961.11
2024-03-17 07:00:00,65636.67
2024-03-17 08:00:00,66521.1
2024-03-17 09:00:00,66461.25
2024-03-17 10:00:00,67169.11
2024-03-17 11:00:00,66955.49
2024-03-17 12:00:00,66584.19
2024-03-17 13:00:00,67127.11
2024-03-17 14:00:00,67609.99
2024-03-17 15:00:00,67965.5
2024-03-17 16:00:00,68021.79
2024-03-17 17:00:00,68550.22
2024-03-17 18:00:00,68172.4
2024-03-17 19:00:00,68536.73
2024-03-17 20:00:00,68269.06
2024-03-17 21:00:00,68143.36
2024-03-17 22:00:00,68228.01
2024-03-17 23:00:00,68393.48
2024-03-18 00:00:00,67301.94
2024-03-18 01:00:00,67630.46
2024-03-18 02:00:00,67764.25
2024-03-18 03:00:00,67972.01
2024-03-18 04:00:00,68360.01
2024-03-18 05:00:00,68693.43
2024-03-18 06:00:00,68481.1
2024-03-18 07:00:00,68218.38
2024-03-18 08:00:00,68035.46
2024-03-18 09:00:00,67843.98
2024-03-18 10:00:00,68130.0
2024-03-18 11:00:00,68253.4
2024-03-18 12:00:00,68550.54
2024-03-18 13:00:00,67552.39
2024-03-18 14:00:00,66996.69
2024-03-18 15:00:00,67467.19
2024-03-18 16:00:00,67124.13
2024-03-18 17:00:00,67388.27
2024-03-18 18:00:00,67010.0
2024-03-18 19:00:00,66936.0
2024-03-18 20:00:00,67358.17
2024-03-18 21:00:00,67621.51
2024-03-18 22:00:00,67692.0
2024-03-18 23:00:00,67609.99
2024-03-19 00:00:00,67086.96
2024-03-19 01:00:00,65851.61
2024-03-19 02:00:00,65875.88
2024-03-19 03:00:00,65876.01
2024-03-19 04:00:00,65341.18
2024-03-19 05:00:00,65214.3
2024-03-19 06:00:00,64927.99
2024-03-19 07:00:00,64704.22
2024-03-19 08:00:00,63464.0
2024-03-19 09:00:00,64141.84
2024-03-19 10:00:00,63256.01
2024-03-19 11:00:00,63081.34
2024-03-19 12:00:00,63624.0
2024-03-19 13:00:00,63564.01
2024-03-19 14:00:00,62888.0
2024-03-19 15:00:00,64051.85
2024-03-19 16:00:00,64972.0
2024-03-19 17:00:00,64868.01
2024-03-19 18:00:00,64716.59
2024-03-19 19:00:00,64391.99
2024-03-19 20:00:00,63770.38
2024-03-19 21:00:00,63952.01
2024-03-19 22:00:00,62633.96
2024-03-19 23:00:00,61937.4
2024-03-20 00:00:00,63230.02
2024-03-20 01:00:00,62374.86
2024-03-20 02:00:00,62881.4
2024-03-20 03:00:00,61860.81
2024-03-20 04:00:00,61646.91
2024-03-20 05:00:00,61549.53
2024-03-20 06:00:00,61749.99
2024-03-20 07:00:00,62957.85
2024-03-20 08:00:00,62684.71
2024-03-20 09:00:00,63215.9
2024-03-20 10:00:00,63041.1
2024-03-20 11:00:00,63392.94
2024-03-20 12:00:00,64056.07
2024-03-20 13:00:00,63608.83
2024-03-20 14:00:00,64227.38
2024-03-20 15:00:00,63600.37
2024-03-20 16:00:00,63103.63
2024-03-20 17:00:00,64107.58
2024-03-20 18:00:00,65414.93
2024-03-20 19:00:00,65784.46
2024-03-20 20:00:00,67057.56
2024-03-20 21:00:00,67676.15
2024-03-20 22:00:00,67681.94
2024-03-20 23:00:00,67840.51
2024-03-21 00:00:00,67656.0
2024-03-21 01:00:00,67796.93
2024-03-21 02:00:00,67531.96
2024-03-21 03:00:00,66654.45
2024-03-21 04:00:00,66719.99
2024-03-21 05:00:00,67009.51
2024-03-21 06:00:00,66980.01
2024-03-21 07:00:00,66985.19
2024-03-21 08:00:00,67283.55
2024-03-21 09:00:00,66843.96
2024-03-21 10:00:00,66966.84
2024-03-21 11:00:00,67044.0
2024-03-21 12:00:00,67244.01
2024-03-21 13:00:00,66736.01
2024-03-21 14:00:00,66860.07
2024-03-21 15:00:00,66557.77
2024-03-21 16:00:00,66791.93
2024-03-21 17:00:00,65724.99
2024-03-21 18:00:00,65133.67
2024-03-21 19:00:00,65223.74
2024-03-21 20:00:00,65479.93
2024-03-21 21:00:00,65653.97
2024-03-21 22:00:00,65392.19
2024-03-21 23:00:00,65501.27
2024-03-22 00:00:00,65794.0
2024-03-22 01:00:00,65243.99
2024-03-22 02:00:00,65644.0
2024-03-22 03:00:00,65981.99
2024-03-22 04:00:00,66144.85
2024-03-22 05:00:00,66430.01
2024-03-22 06:00:00,66448.08
2024-03-22 07:00:00,66178.01
2024-03-22 08:00:00,65858.68
2024-03-22 09:00:00,65481.99
2024-03-22 10:00:00,64656.37
2024-03-22 11:00:00,64233.9
2024-03-22 12:00:00,64260.51
2024-03-22 13:00:00,63058.61
2024-03-22 14:00:00,62739.99
2024-03-22 15:00:00,63877.04
2024-03-22 16:00:00,63270.62
2024-03-22 17:00:00,63579.37
2024-03-22 18:00:00,63745.83
2024-03-22 19:00:00,63866.93
2024-03-22 20:00:00,63501.66
2024-03-22 21:00:00,62974.0
2024-03-22 22:00:00,63022.0
2024-03-22 23:00:00,63796.64
2024-03-23 00:00:00,63571.99
2024-03-23 01:00:00,64111.63
2024-03-23 02:00:00,63861.79
2024-03-23 03:00:00,63556.0
2024-03-23 04:00:00,63880.63
2024-03-23 05:00:00,64075.12
2024-03-23 06:00:00,64166.0
2024-03-23 07:00:00,64575.41
2024-03-23 08:00:00,64521.99
2024-03-23 09:00:00,64470.0
2024-03-23 10:00:00,64320.01
2024-03-23 11:00:00,64629.62
2024-03-23 12:00:00,64697.94
2024-03-23 13:00:00,64596.06
2024-03-23 14:00:00,65248.0
2024-03-23 15:00:00,65104.05
2024-03-23 16:00:00,65661.34
2024-03-23 17:00:00,65652.7
2024-03-23 18:00:00,65373.88
2024-03-23 19:00:00,64872.9
2024-03-23 20:00:00,65009.78
2024-03-23 21:00:00,64944.69
2024-03-23 22:00:00,64747.86
2024-03-23 23:00:00,63990.01
2024-03-24 00:00:00,64524.0
2024-03-24 01:00:00,64470.0
2024-03-24 02:00:00,64278.06
2024-03-24 03:00:00,63962.98
2024-03-24 04:00:00,64218.0
2024-03-24 05:00:00,64304.57
2024-03-24 06:00:00,64218.94
2024-03-24 07:00:00,64583.43
2024-03-24 08:00:00,65244.0
2024-03-24 09:00:00,64880.02
2024-03-24 10:00:00,65098.01
2024-03-24 11:00:00,65334.01
2024-03-24 12:00:00,65646.77
2024-03-24 13:00:00,65357.71
2024-03-24 14:00:00,65649.99
2024-03-24 15:00:00,65673.36
2024-03-24 16:00:00,65249.04
2024-03-24 17:00:00,65345.99
2024-03-24 18:00:00,65846.01
2024-03-24 19:00:00,65843.02
2024-03-24 20:00:00,66161.86
2024-03-24 21:00:00,66530.01
2024-03-24 22:00:00,66951.26
2024-03-24 23:00:00,67209.99
2024-03-25 00:00:00,66577.34
2024-03-25 01:00:00,66556.0
2024-03-25 02:00:00,66700.01
2024-03-25 03:00:00,67350.0
2024-03-25 04:00:00,67505.99
2024-03-25 05:00:00,67350.0
2024-03-25 06:00:00,67149.99
2024-03-25 07:00:00,66821.19
2024-03-25 08:00:00,66938.67
2024-03-25 09:00:00,67055.96
2024-03-25 10:00:00,66994.33
2024-03-25 11:00:00,66810.15
2024-03-25 12:00:00,67079.99
2024-03-25 13:00:00,67984.0
2024-03-25 14:00:00,69377.19
2024-03-25 15:00:00,69792.05
2024-03-25 16:00:00,70154.42
2024-03-25 17:00:00,70559.09
2024-03-25 18:00:00,70857.09
2024-03-25 19:00:00,70960.89
2024-03-25 20:00:00,70907.21
2024-03-25 21:00:00,69853.57
2024-03-25 22:00:00,70310.0
2024-03-25 23:00:00,69880.01
2024-03-26 00:00:00,69893.0
2024-03-26 01:00:00,70284.19
2024-03-26 02:00:00,70530.0
2024-03-26 03:00:00,70423.11
2024-03-26 04:00:00,70600.83
2024-03-26 05:00:00,70300.0
2024-03-26 06:00:00,70616.01
2024-03-26 07:00:00,70486.38
2024-03-26 08:00:00,70693.66
2024-03-26 09:00:00,71142.23
2024-03-26 10:00:00,70893.73
2024-03-26 11:00:00,70693.16
2024-03-26 12:00:00,71109.99
2024-03-26 13:00:00,70389.99
2024-03-26 14:00:00,70310.0
2024-03-26 15:00:00,70250.0
2024-03-26 16:00:00,69729.99
2024-03-26 17:00:00,70066.55
2024-03-26 18:00:00,69932.0
2024-03-26 19:00:00,69477.67
2024-03-26 20:00:00,69827.76
2024-03-26 21:00:00,70000.68
2024-03-26 22:00:00,70249.22
2024-03-26 23:00:00,69988.0
2024-03-27 00:00:00,70619.99
2024-03-27 01:00:00,70326.74
2024-03-27 02:00:00,70575.94
2024-03-27 03:00:00,70387.99
2024-03-27 04:00:00,70190.0
2024-03-27 05:00:00,70475.07
2024-03-27 06:00:00,70309.99
2024-03-27 07:00:00,69725.99
2024-03-27 08:00:00,69547.91
2024-03-27 09:00:00,70057.6
2024-03-27 10:00:00,70112.01
2024-03-27 11:00:00,70220.73
2024-03-27 12:00:00,70186.18
2024-03-27 13:00:00,69892.0
2024-03-27 14:00:00,70050.74
2024-03-27 15:00:00,68874.0
2024-03-27 16:00:00,69244.0
2024-03-27 17:00:00,68680.01
2024-03-27 18:00:00,68475.61
2024-03-27 19:00:00,68652.0
2024-03-27 20:00:00,68906.02
2024-03-27 21:00:00,68941.99
2024-03-27 22:00:00,69440.14
2024-03-27 23:00:00,69469.99
2024-03-28 00:00:00,69682.0
2024-03-28 01:00:00,69442.6
2024-03-28 02:00:00,69146.89
2024-03-28 03:00:00,69290.0
2024-03-28 04:00:00,69717.22
2024-03-28 05:00:00,69714.2
2024-03-28 06:00:00,70363.74
2024-03-28 07:00:00,70399.03
2024-03-28 08:00:00,70578.1
2024-03-28 09:00:00,70566.0
2024-03-28 10:00:00,70800.0
2024-03-28 11:00:00,70647.18
2024-03-28 12:00:00,70839.16
2024-03-28 13:00:00,70877.98
2024-03-28 14:00:00,71537.97
2024-03-28 15:00:00,71290.39
2024-03-28 16:00:00,70686.95
2024-03-28 17:00:00,70791.17
2024-03-28 18:00:00,70550.0
2024-03-28 19:00:00,70798.26
2024-03-28 20:00:00,70674.08
2024-03-28 21:00:00,70781.81
2024-03-28 22:00:00,70848.01
2024-03-28 23:00:00,70780.6
2024-03-29 00:00:00,70735.8
2024-03-29 01:00:00,70790.01
2024-03-29 02:00:00,70619.27
2024-03-29 03:00:00,70442.22
2024-03-29 04:00:00,70365.05
2024-03-29 05:00:00,70180.7
2024-03-29 06:00:00,70438.02
2024-03-29 07:00:00,69794.0
2024-03-29 08:00:00,69932.99
2024-03-29 09:00:00,69733.73
2024-03-29 10:00:00,70108.0
2024-03-29 11:00:00,70142.78
2024-03-29 12:00:00,70150.01
2024-03-29 13:00:00,70426.7
2024-03-29 14:00:00,70061.83
2024-03-29 15:00:00,69180.0
2024-03-29 16:00:00,69176.47
2024-03-29 17:00:00,69404.29
2024-03-29 18:00:00,69513.98
2024-03-29 19:00:00,69665.99
2024-03-29 20:00:00,69615.59
2024-03-29 21:00:00,69419.99
2024-03-29 22:00:00,69808.0
2024-03-29 23:00:00,69850.54
2024-03-30 00:00:00,69932.9
2024-03-30 01:00:00,69976.07
2024-03-30 02:00:00,69934.0
2024-03-30 03:00:00,69773.99
2024-03-30 04:00:00,70068.52
2024-03-30 05:00:00,70006.81
2024-03-30 06:00:00,69960.0
2024-03-30 07:00:00,69852.18
2024-03-30 08:00:00,69966.01
2024-03-30 09:00:00,70008.31
2024-03-30 10:00:00,70042.19
2024-03-30 11:00:00,70183.55
2024-03-30 12:00:00,70218.89
2024-03-30 13:00:00,70148.05
2024-03-30 14:00:00,70038.01
2024-03-30 15:00:00,69999.99
2024-03-30 16:00:00,70178.16
2024-03-30 17:00:00,70036.01
2024-03-30 18:00:00,69924.91
2024-03-30 19:00:00,69896.34
2024-03-30 20:00:00,69812.5
2024-03-30 21:00:00,69722.08
2024-03-30 22:00:00,69720.91
2024-03-30 23:00:00,69582.18
2024-03-31 00:00:00,69872.29
2024-03-31 01:00:00,70043.54
2024-03-31 02:00:00,69990.01
2024-03-31 03:00:00,69916.61
2024-03-31 04:00:00,70116.01
2024-03-31 05:00:00,70345.64
2024-03-31 06:00:00,70215.0
2024-03-31 07:00:00,70301.73
2024-03-31 08:00:00,70266.0
2024-03-31 09:00:00,70225.32
2024-03-31 10:00:00,70267.12
2024-03-31 11:00:00,70369.99
2024-03-31 12:00:00,70500.0
2024-03-31 13:00:00,70585.99
2024-03-31 14:00:00,70535.48
2024-03-31 15:00:00,70381.13
2024-03-31 16:00:00,70469.21
2024-03-31 17:00:00,70509.11
2024-03-31 18:00:00,70856.6
2024-03-31 19:00:00,71023.5
2024-03-31 20:00:00,70840.0
2024-03-31 21:00:00,70856.0
2024-03-31 22:00:00,70970.0
2024-03-31 23:00:00,71280.01
2024-04-01 00:00:00,71152.86
2024-04-01 01:00:00,70819.25
2024-04-01 02:00:00,70866.98
2024-04-01 03:00:00,70588.01
2024-04-01 04:00:00,70429.99
2024-04-01 05:00:00,69167.48
2024-04-01 06:00:00,69614.96
2024-04-01 07:00:00,69594.94
2024-04-01 08:00:00,69388.64
2024-04-01 09:00:00,69395.0
2024-04-01 10:00:00,69554.01
2024-04-01 11:00:00,69460.01
2024-04-01 12:00:00,69841.13
2024-04-01 13:00:00,69880.0
2024-04-01 14:00:00,68906.07
2024-04-01 15:00:00,68237.15
2024-04-01 16:00:00,68566.16
2024-04-01 17:00:00,68750.01
2024-04-01 18:00:00,68927.1
2024-04-01 19:00:00,69648.01
2024-04-01 20:00:00,69730.06
2024-04-01 21:00:00,69586.0
2024-04-01 22:00:00,69711.79
2024-04-01 23:00:00,69649.8
2024-04-02 00:00:00,69349.08
2024-04-02 01:00:00,69391.12
2024-04-02 02:00:00,66996.0
2024-04-02 03:00:00,66703.97
2024-04-02 04:00:00,66592.08
2024-04-02 05:00:00,66764.65
2024-04-02 06:00:00,66866.97
2024-04-02 07:00:00,66455.5
2024-04-02 08:00:00,66240.02
2024-04-02 09:00:00,66080.74
2024-04-02 10:00:00,65984.0
2024-04-02 11:00:00,65622.69
2024-04-02 12:00:00,65345.59
2024-04-02 13:00:00,65224.2
2024-04-02 14:00:00,65702.31
2024-04-02 15:00:00,64890.0
2024-04-02 16:00:00,65543.91
2024-04-02 17:00:00,65608.01
2024-04-02 18:00:00,65811.01
2024-04-02 19:00:00,65914.9
2024-04-02 20:00:00,65650.43
2024-04-02 21:00:00,65692.78
2024-04-02 22:00:00,65815.96
2024-04-02 23:00:00,65463.99
2024-04-03 00:00:00,65387.99
2024-04-03 01:00:00,65792.43
2024-04-03 02:00:00,65906.49
2024-04-03 03:00:00,66225.79
2024-04-03 04:00:00,66320.41
2024-04-03 05:00:00,66077.1
2024-04-03 06:00:00,66350.79
2024-04-03 07:00:00,66135.99
2024-04-03 08:00:00,66518.04
2024-04-03 09:00:00,66484.58
2024-04-03 10:00:00,66197.62
2024-04-03 11:00:00,66059.76
2024-04-03 12:00:00,65899.99
2024-04-03 13:00:00,65804.01
2024-04-03 14:00:00,66627.93
2024-04-03 15:00:00,65836.01
2024-04-03 16:00:00,66194.5
2024-04-03 17:00:00,65952.01
2024-04-03 18:00:00,66003.07
2024-04-03 19:00:00,65784.0
2024-04-03 20:00:00,65712.01
2024-04-03 21:00:00,65918.71
2024-04-03 22:00:00,66140.0
2024-04-03 23:00:00,65963.28
2024-04-04 00:00:00,66288.0
2024-04-04 01:00:00,66143.99
2024-04-04 02:00:00,65744.38
2024-04-04 03:00:00,65620.01
2024-04-04 04:00:00,65480.41
2024-04-04 05:00:00,65591.57
2024-04-04 06:00:00,65768.0
2024-04-04 07:00:00,66091.6
2024-04-04 08:00:00,66220.01
2024-04-04 09:00:00,66273.37
2024-04-04 10:00:00,66278.62
2024-04-04 11:00:00,66353.67
2024-04-04 12:00:00,66709.0
2024-04-04 13:00:00,67242.15
2024-04-04 14:00:00,67691.97
2024-04-04 15:00:00,67647.99
2024-04-04 16:00:00,67807.64
2024-04-04 17:00:00,68849.18
2024-04-04 18:00:00,68593.5
2024-04-04 19:00:00,68500.0
2024-04-04 20:00:00,67931.26
2024-04-04 21:00:00,67787.9
2024-04-04 22:00:00,67937.05
2024-04-04 23:00:00,68487.79
2024-04-05 00:00:00,68606.0
2024-04-05 01:00:00,68160.0
2024-04-05 02:00:00,67600.0
2024-04-05 03:00:00,67863.99
2024-04-05 04:00:00,67647.99
2024-04-05 05:00:00,66888.04
2024-04-05 06:00:00,67140.56
2024-04-05 07:00:00,66930.74
2024-04-05 08:00:00,67151.21
2024-04-05 09:00:00,66805.98
2024-04-05 10:00:00,67034.65
2024-04-05 11:00:00,66478.0
2024-04-05 12:00:00,66883.99
2024-04-05 13:00:00,67500.0
2024-04-05 14:00:00,68139.39
2024-04-05 15:00:00,68190.62
2024-04-05 16:00:00,67953.8
2024-04-05 17:00:00,67442.49
2024-04-05 18:00:00,67629.02
2024-04-05 19:00:00,67412.4
2024-04-05 20:00:00,67643.48
2024-04-05 21:00:00,67515.45
2024-04-05 22:00:00,67628.53
2024-04-05 23:00:00,67820.62
2024-04-06 00:00:00,67900.57
2024-04-06 01:00:00,67689.99
2024-04-06 02:00:00,67574.59
2024-04-06 03:00:00,67788.01
2024-04-06 04:00:00,67735.84
2024-04-06 05:00:00,68038.74
2024-04-06 06:00:00,68109.42
2024-04-06 07:00:00,67992.02
2024-04-06 08:00:00,68012.14
2024-04-06 09:00:00,67792.0
2024-04-06 10:00:00,67842.17
2024-04-06 11:00:00,67668.16
2024-04-06 12:00:00,67738.37
2024-04-06 13:00:00,67699.99
2024-04-06 14:00:00,67993.99
2024-04-06 15:00:00,68104.0
2024-04-06 16:00:00,68143.48
2024-04-06 17:00:00,68287.3
2024-04-06 18:00:00,68307.28
2024-04-06 19:00:00,68259.98
2024-04-06 20:00:00,68390.0
2024-04-06 21:00:00,68299.65
2024-04-06 22:00:00,69056.0
2024-04-06 23:00:00,68896.0
2024-04-07 00:00:00,68999.99
2024-04-07 01:00:00,69541.65
2024-04-07 02:00:00,69300.0
2024-04-07 03:00:00,69408.05
2024-04-07 04:00:00,69304.44
2024-04-07 05:00:00,69397.76
2024-04-07 06:00:00,69244.09
2024-04-07 07:00:00,69364.01
2024-04-07 08:00:00,69479.99
2024-04-07 09:00:00,69289.99
2024-04-07 10:00:00,69328.14
2024-04-07 11:00:00,69357.0
2024-04-07 12:00:00,69335.99
2024-04-07 13:00:00,69349.93
2024-04-07 14:00:00,69578.44
2024-04-07 15:00:00,69543.74
2024-04-07 16:00:00,70074.0
2024-04-07 17:00:00,69798.01
2024-04-07 18:00:00,69390.01
2024-04-07 19:00:00,69068.01
2024-04-07 20:00:00,69309.69
2024-04-07 21:00:00,69031.3
2024-04-07 22:00:00,69200.0
2024-04-07 23:00:00,69360.39
2024-04-08 00:00:00,69325.99
2024-04-08 01:00:00,69437.02
2024-04-08 02:00:00,69228.0
2024-04-08 03:00:00,69458.95
2024-04-08 04:00:00,69382.0
2024-04-08 05:00:00,69701.99
2024-04-08 06:00:00,69790.29
2024-04-08 07:00:00,70698.63
2024-04-08 08:00:00,71968.0
2024-04-08 09:00:00,72197.25
2024-04-08 10:00:00,72323.98
2024-04-08 11:00:00,72404.0
2024-04-08 12:00:00,72180.02
2024-04-08 13:00:00,71944.31
2024-04-08 14:00:00,71726.0
2024-04-08 15:00:00,71773.98
2024-04-08 16:00:00,71740.1
2024-04-08 17:00:00,71699.23
2024-04-08 18:00:00,71908.61
2024-04-08 19:00:00,71766.0
2024-04-08 20:00:00,71711.99
2024-04-08 21:00:00,71692.01
2024-04-08 22:00:00,71916.09
2024-04-08 23:00:00,71620.0
2024-04-09 00:00:00,71419.99
2024-04-09 01:00:00,71275.46
2024-04-09 02:00:00,71477.44
2024-04-09 03:00:00,71285.0
2024-04-09 04:00:00,71208.01
2024-04-09 05:00:00,71056.0
2024-04-09 06:00:00,70765.69
2024-04-09 07:00:00,70383.99
2024-04-09 08:00:00,70500.01
2024-04-09 09:00:00,70392.18
2024-04-09 10:00:00,70566.64
2024-04-09 11:00:00,70794.85
2024-04-09 12:00:00,70690.0
2024-04-09 13:00:00,69928.0
2024-04-09 14:00:00,69358.32
2024-04-09 15:00:00,69264.0
2024-04-09 16:00:00,68601.24
2024-04-09 17:00:00,68823.99
2024-04-09 18:00:00,68879.23
2024-04-09 19:00:00,69000.77
2024-04-09 20:00:00,69171.19
2024-04-09 21:00:00,69213.83
2024-04-09 22:00:00,69325.65
2024-04-09 23:00:00,69146.0
2024-04-10 00:00:00,69138.81
2024-04-10 01:00:00,69269.75
2024-04-10 02:00:00,68651.98
2024-04-10 03:00:00,69150.18
2024-04-10 04:00:00,69134.33
2024-04-10 05:00:00,69255.82
2024-04-10 06:00:00,69369.25
2024-04-10 07:00:00,69336.28
2024-04-10 08:00:00,69011.92
2024-04-10 09:00:00,69139.2
2024-04-10 10:00:00,68932.01
2024-04-10 11:00:00,69043.0
2024-04-10 12:00:00,67976.0
2024-04-10 13:00:00,68259.77
2024-04-10 14:00:00,68703.05
2024-04-10 15:00:00,68657.32
2024-04-10 16:00:00,69500.0
2024-04-10 17:00:00,69350.11
2024-04-10 18:00:00,69314.33
2024-04-10 19:00:00,70083.99
2024-04-10 20:00:00,69812.01
2024-04-10 21:00:00,70017.0
2024-04-10 22:00:00,70528.0
2024-04-10 23:00:00,70631.08
2024-04-11 00:00:00,70520.01
2024-04-11 01:00:00,70553.28
2024-04-11 02:00:00,70995.66
2024-04-11 03:00:00,70851.67
2024-04-11 04:00:00,70604.01
2024-04-11 05:00:00,70583.99
2024-04-11 06:00:00,70717.82
2024-04-11 07:00:00,70735.99
2024-04-11 08:00:00,71039.39
2024-04-11 09:00:00,70604.0
2024-04-11 10:00:00,70459.99
2024-04-11 11:00:00,69983.16
2024-04-11 12:00:00,70858.83
2024-04-11 13:00:00,70284.0
2024-04-11 14:00:00,69600.54
2024-04-11 15:00:00,70000.0
2024-04-11 16:00:00,70011.99
2024-04-11 17:00:00,70203.99
2024-04-11 18:00:00,70099.75
2024-04-11 19:00:00,70459.67
2024-04-11 20:00:00,70499.62
2024-04-11 21:00:00,70115.41
2024-04-11 22:00:00,70151.26
2024-04-11 23:00:00,70006.23
2024-04-12 00:00:00,70301.63
2024-04-12 01:00:00,70280.01
2024-04-12 02:00:00,70635.93
2024-04-12 03:00:00,70977.27
2024-04-12 04:00:00,71115.99
2024-04-12 05:00:00,70956.32
2024-04-12 06:00:00,70871.05
2024-04-12 07:00:00,70764.01
2024-04-12 08:00:00,70759.99
2024-04-12 09:00:00,70652.0
2024-04-12 10:00:00,70786.4
2024-04-12 11:00:00,70904.01
2024-04-12 12:00:00,70534.24
2024-04-12 13:00:00,69888.0
2024-04-12 14:00:00,69270.01
2024-04-12 15:00:00,69347.3
2024-04-12 16:00:00,68840.54
2024-04-12 17:00:00,68140.02
2024-04-12 18:00:00,66492.0
2024-04-12 19:00:00,66843.98
2024-04-12 20:00:00,67120.0
2024-04-12 21:00:00,66960.01
2024-04-12 22:00:00,67053.33
2024-04-12 23:00:00,67116.52
2024-04-13 00:00:00,66913.27
2024-04-13 01:00:00,65886.63
2024-04-13 02:00:00,66535.99
2024-04-13 03:00:00,67160.55
2024-04-13 04:00:00,67587.62
2024-04-13 05:00:00,67345.48
2024-04-13 06:00:00,67476.02
2024-04-13 07:00:00,67446.52
2024-04-13 08:00:00,67176.0
2024-04-13 09:00:00,67393.85
2024-04-13 10:00:00,67428.25
2024-04-13 11:00:00,67360.0
2024-04-13 12:00:00,67514.69
2024-04-13 13:00:00,67552.03
2024-04-13 14:00:00,67559.56
2024-04-13 15:00:00,67676.0
2024-04-13 16:00:00,67432.37
2024-04-13 17:00:00,66730.87
2024-04-13 18:00:00,67156.27
2024-04-13 19:00:00,64788.01
2024-04-13 20:00:00,61816.02
2024-04-13 21:00:00,62928.01
2024-04-13 22:00:00,64293.46
2024-04-13 23:00:00,63924.51
2024-04-14 00:00:00,63672.18
2024-04-14 01:00:00,63743.11
2024-04-14 02:00:00,63084.18
2024-04-14 03:00:00,63437.55
2024-04-14 04:00:00,63956.99
2024-04-14 05:00:00,64383.99
2024-04-14 06:00:00,64649.96
2024-04-14 07:00:00,64464.3
2024-04-14 08:00:00,64530.67
2024-04-14 09:00:00,64134.19
2024-04-14 10:00:00,64457.23
2024-04-14 11:00:00,64166.05
2024-04-14 12:00:00,64525.25
2024-04-14 13:00:00,64373.42
2024-04-14 14:00:00,63918.01
2024-04-14 15:00:00,64180.97
2024-04-14 16:00:00,64412.37
2024-04-14 17:00:00,63868.58
2024-04-14 18:00:00,64397.67
2024-04-14 19:00:00,64168.62
2024-04-14 20:00:00,63842.36
2024-04-14 21:00:00,63682.15
2024-04-14 22:00:00,65330.3
2024-04-14 23:00:00,65661.84
2024-04-15 00:00:00,65485.23
2024-04-15 01:00:00,65275.62
2024-04-15 02:00:00,65129.74
2024-04-15 03:00:00,65138.19
2024-04-15 04:00:00,64906.14
2024-04-15 05:00:00,65466.74
2024-04-15 06:00:00,66463.63
2024-04-15 07:00:00,66263.84
2024-04-15 08:00:00,66287.21
2024-04-15 09:00:00,66578.39
2024-04-15 10:00:00,66465.56
2024-04-15 11:00:00,65860.12
2024-04-15 12:00:00,66028.17
2024-04-15 13:00:00,65865.77
2024-04-15 14:00:00,64235.24
2024-04-15 15:00:00,64568.81
2024-04-15 16:00:00,64148.61
2024-04-15 17:00:00,63908.48
2024-04-15 18:00:00,63170.87
2024-04-15 19:00:00,63301.11
2024-04-15 20:00:00,63112.96
2024-04-15 21:00:00,63262.94
2024-04-15 22:00:00,63459.98
2024-04-15 23:00:00,63419.99
2024-04-16 00:00:00,63254.74
2024-04-16 01:00:00,63147.5
2024-04-16 02:00:00,63401.55
2024-04-16 03:00:00,62956.0
2024-04-16 04:00:00,62487.0
2024-04-16 05:00:00,62700.41
2024-04-16 06:00:00,63195.12
2024-04-16 07:00:00,63516.19
2024-04-16 08:00:00,63288.48
2024-04-16 09:00:00,63242.19
2024-04-16 10:00:00,62559.23
2024-04-16 11:00:00,63094.77
2024-04-16 12:00:00,63047.89
2024-04-16 13:00:00,62692.41
2024-04-16 14:00:00,62092.13
2024-04-16 15:00:00,61762.2
2024-04-16 16:00:00,62730.9
2024-04-16 17:00:00,62490.36
2024-04-16 18:00:00,63003.92
2024-04-16 19:00:00,62721.43
2024-04-16 20:00:00,63019.72
2024-04-16 21:00:00,64007.12
2024-04-16 22:00:00,63782.57
2024-04-16 23:00:00,63793.39
2024-04-17 00:00:00,64022.59
2024-04-17 01:00:00,64017.64
2024-04-17 02:00:00,63840.08
2024-04-17 03:00:00,63842.02
2024-04-17 04:00:00,64101.11
2024-04-17 05:00:00,63928.01
2024-04-17 06:00:00,63880.92
2024-04-17 07:00:00,63297.84
2024-04-17 08:00:00,63325.75
2024-04-17 09:00:00,63320.16
2024-04-17 10:00:00,62898.04
2024-04-17 11:00:00,62595.04
2024-04-17 12:00:00,62317.75
2024-04-17 13:00:00,62635.88
2024-04-17 14:00:00,61279.66
2024-04-17 15:00:00,60304.95
2024-04-17 16:00:00,60194.95
2024-04-17 17:00:00,61275.37
2024-04-17 18:00:00,61445.57
2024-04-17 19:00:00,61022.35
2024-04-17 20:00:00,60846.79
2024-04-17 21:00:00,61300.92
2024-04-17 22:00:00,61689.94
2024-04-17 23:00:00,61277.37
2024-04-18 00:00:00,61514.69
2024-04-18 01:00:00,61639.26
2024-04-18 02:00:00,61666.43
2024-04-18 03:00:00,61988.0
2024-04-18 04:00:00,61640.06
2024-04-18 05:00:00,61072.02
2024-04-18 06:00:00,61147.83
2024-04-18 07:00:00,61178.08
2024-04-18 08:00:00,61335.99
2024-04-18 09:00:00,61636.5
2024-04-18 10:00:00,61821.75
2024-04-18 11:00:00,62597.92
2024-04-18 12:00:00,62232.96
2024-04-18 13:00:00,62810.0
2024-04-18 14:00:00,63816.57
2024-04-18 15:00:00,63498.7
2024-04-18 16:00:00,63536.72
2024-04-18 17:00:00,62782.75
2024-04-18 18:00:00,63104.68
2024-04-18 19:00:00,63477.04
2024-04-18 20:00:00,63490.98
2024-04-18 21:00:00,63473.28
2024-04-18 22:00:00,63499.73
2024-04-18 23:00:00,63470.08
2024-04-19 00:00:00,62711.08
2024-04-19 01:00:00,61022.0
2024-04-19 02:00:00,61359.58
2024-04-19 03:00:00,61785.14
2024-04-19 04:00:00,62439.49
2024-04-19 05:00:00,62073.38
2024-04-19 06:00:00,64624.37
2024-04-19 07:00:00,64547.18
2024-04-19 08:00:00,64639.02
2024-04-19 09:00:00,64775.93
2024-04-19 10:00:00,64777.7
2024-04-19 11:00:00,64870.74
2024-04-19 12:00:00,64965.19
2024-04-19 13:00:00,64903.71
2024-04-19 14:00:00,64452.12
2024-04-19 15:00:00,64437.17
2024-04-19 16:00:00,64005.76
2024-04-19 17:00:00,64627.8
2024-04-19 18:00:00,64202.63
2024-04-19 19:00:00,64325.25
2024-04-19 20:00:00,64044.11
2024-04-19 21:00:00,64398.32
2024-04-19 22:00:00,64012.5
2024-04-19 23:00:00,63818.01
2024-04-20 00:00:00,63444.51
2024-04-20 01:00:00,63656.0
2024-04-20 02:00:00,63834.02
2024-04-20 03:00:00,63956.0
2024-04-20 04:00:00,64133.07
2024-04-20 05:00:00,64159.0
2024-04-20 06:00:00,64046.07
2024-04-20 07:00:00,63961.22
2024-04-20 08:00:00,63729.45
2024-04-20 09:00:00,63615.01
2024-04-20 10:00:00,63567.28
2024-04-20 11:00:00,63707.17
2024-04-20 12:00:00,63824.08
2024-04-20 13:00:00,63875.53
2024-04-20 14:00:00,63935.33
2024-04-20 15:00:00,64808.35
2024-04-20 16:00:00,64739.24
2024-04-20 17:00:00,65200.0
2024-04-20 18:00:00,64964.09
2024-04-20 19:00:00,64866.44
2024-04-20 20:00:00,64727.64
2024-04-20 21:00:00,64725.98
2024-04-20 22:00:00,64613.51
2024-04-20 23:00:00,64940.59
2024-04-21 00:00:00,64759.98
2024-04-21 01:00:00,64946.0
2024-04-21 02:00:00,65297.99
2024-04-21 03:00:00,65170.0
2024-04-21 04:00:00,65056.0
2024-04-21 05:00:00,65027.81
2024-04-21 06:00:00,65048.01
2024-04-21 07:00:00,65150.66
2024-04-21 08:00:00,64926.83
2024-04-21 09:00:00,64900.32
2024-04-21 10:00:00,64954.51
2024-04-21 11:00:00,65234.01
2024-04-21 12:00:00,65004.24
2024-04-21 13:00:00,64882.0
2024-04-21 14:00:00,64893.5
2024-04-21 15:00:00,65043.69
2024-04-21 16:00:00,64578.37
2024-04-21 17:00:00,64822.0
2024-04-21 18:00:00,64772.0
2024-04-21 19:00:00,64538.0
2024-04-21 20:00:00,64646.17
2024-04-21 21:00:00,64661.7
2024-04-21 22:00:00,65030.42
2024-04-21 23:00:00,64941.15
2024-04-22 00:00:00,64908.96
2024-04-22 01:00:00,64658.0
2024-04-22 02:00:00,64806.69
2024-04-22 03:00:00,65703.5
2024-04-22 04:00:00,65738.48
2024-04-22 05:00:00,66377.99
2024-04-22 06:00:00,66300.0
2024-04-22 07:00:00,65980.0
2024-04-22 08:00:00,65961.59
2024-04-22 09:00:00,65938.0
2024-04-22 10:00:00,66048.18
2024-04-22 11:00:00,65877.47
2024-04-22 12:00:00,65995.48
2024-04-22 13:00:00,66114.0
2024-04-22 14:00:00,66031.77
2024-04-22 15:00:00,65994.38
2024-04-22 16:00:00,66154.73
2024-04-22 17:00:00,66540.0
2024-04-22 18:00:00,66331.17
2024-04-22 19:00:00,66524.77
2024-04-22 20:00:00,66509.5
2024-04-22 21:00:00,66526.94
2024-04-22 22:00:00,67027.97
2024-04-22 23:00:00,66819.32
2024-04-23 00:00:00,67028.14
2024-04-23 01:00:00,66780.0
2024-04-23 02:00:00,66615.79
2024-04-23 03:00:00,66435.01
2024-04-23 04:00:00,66244.02
2024-04-23 05:00:00,66490.01
2024-04-23 06:00:00,66378.16
2024-04-23 07:00:00,66099.79
2024-04-23 08:00:00,66215.07
2024-04-23 09:00:00,66058.99
2024-04-23 10:00:00,66210.74
2024-04-23 11:00:00,66043.99
2024-04-23 12:00:00,66134.91
2024-04-23 13:00:00,66509.29
2024-04-23 14:00:00,66909.78
2024-04-23 15:00:00,66419.56
2024-04-23 16:00:00,66747.36
2024-04-23 17:00:00,66753.71
2024-04-23 18:00:00,66783.56
2024-04-23 19:00:00,66484.43
2024-04-23 20:00:00,66352.94
2024-04-23 21:00:00,66352.01
2024-04-23 22:00:00,66362.85
2024-04-23 23:00:00,66414.0
2024-04-24 00:00:00,66742.19
2024-04-24 01:00:00,66743.25
2024-04-24 02:00:00,66530.01
2024-04-24 03:00:00,66608.14
2024-04-24 04:00:00,67008.0
2024-04-24 05:00:00,66735.06
2024-04-24 06:00:00,66778.26
2024-04-24 07:00:00,66630.9
2024-04-24 08:00:00,66533.99
2024-04-24 09:00:00,66366.01
2024-04-24 10:00:00,66432.25
2024-04-24 11:00:00,66571.52
2024-04-24 12:00:00,66353.02
2024-04-24 13:00:00,66054.99
2024-04-24 14:00:00,65234.85
2024-04-24 15:00:00,64610.11
2024-04-24 16:00:00,64798.0
2024-04-24 17:00:00,64889.47
2024-04-24 18:00:00,64127.04
2024-04-24 19:00:00,63976.06
2024-04-24 20:00:00,64110.0
2024-04-24 21:00:00,64399.37
2024-04-24 22:00:00,64096.0
2024-04-24 23:00:00,64289.59
2024-04-25 00:00:00,64557.25
2024-04-25 01:00:00,64067.98
2024-04-25 02:00:00,64299.98
2024-04-25 03:00:00,64282.01
2024-04-25 04:00:00,64337.99
2024-04-25 05:00:00,64223.36
2024-04-25 06:00:00,64288.0
2024-04-25 07:00:00,64017.99
2024-04-25 08:00:00,63948.78
2024-04-25 09:00:00,63966.02
2024-04-25 10:00:00,63462.01
2024-04-25 11:00:00,63861.23
2024-04-25 12:00:00,63429.82
2024-04-25 13:00:00,63428.97
2024-04-25 14:00:00,63384.96
2024-04-25 15:00:00,64135.94
2024-04-25 16:00:00,64445.45
2024-04-25 17:00:00,64704.0
2024-04-25 18:00:00,64712.1
2024-04-25 19:00:00,64747.11
2024-04-25 20:00:00,64794.29
2024-04-25 21:00:00,64710.01
2024-04-25 22:00:00,64602.99
2024-04-25 23:00:00,64498.34
2024-04-26 00:00:00,64307.03
2024-04-26 01:00:00,64402.97
2024-04-26 02:00:00,64499.91
2024-04-26 03:00:00,64381.24
2024-04-26 04:00:00,64210.85
2024-04-26 05:00:00,64553.99
2024-04-26 06:00:00,64377.57
2024-04-26 07:00:00,64276.95
2024-04-26 08:00:00,64412.5
2024-04-26 09:00:00,64474.99
2024-04-26 10:00:00,64100.01
2024-04-26 11:00:00,64244.02
2024-04-26 12:00:00,64142.79
2024-04-26 13:00:00,64500.01
2024-04-26 14:00:00,63854.16
2024-04-26 15:00:00,63503.22
2024-04-26 16:00:00,63662.51
2024-04-26 17:00:00,64008.4
2024-04-26 18:00:00,64060.0
2024-04-26 19:00:00,63742.05
2024-04-26 20:00:00,63966.39
2024-04-26 21:00:00,64059.97
2024-04-26 22:00:00,63821.93
2024-04-26 23:00:00,63770.01
2024-04-27 00:00:00,63181.99
2024-04-27 01:00:00,62593.28
2024-04-27 02:00:00,62929.97
2024-04-27 03:00:00,63082.01
2024-04-27 04:00:00,63048.57
2024-04-27 05:00:00,62988.25
2024-04-27 06:00:00,63028.0
2024-04-27 07:00:00,62966.83
2024-04-27 08:00:00,63016.01
2024-04-27 09:00:00,62984.45
2024-04-27 10:00:00,62796.0
2024-04-27 11:00:00,62862.14
2024-04-27 12:00:00,63034.62
2024-04-27 13:00:00,63227.09
2024-04-27 14:00:00,63131.65
2024-04-27 15:00:00,62951.75
2024-04-27 16:00:00,62750.0
2024-04-27 17:00:00,63416.21
2024-04-27 18:00:00,63339.05
2024-04-27 19:00:00,63352.11
2024-04-27 20:00:00,63277.99
2024-04-27 21:00:00,63289.57
2024-04-27 22:00:00,63259.99
2024-04-27 23:00:00,63461.98
2024-04-28 00:00:00,63616.57
2024-04-28 01:00:00,63603.6
2024-04-28 02:00:00,63950.0
2024-04-28 03:00:00,64021.62
2024-04-28 04:00:00,63843.14
2024-04-28 05:00:00,63953.99
2024-04-28 06:00:00,63967.14
2024-04-28 07:00:00,63915.5
2024-04-28 08:00:00,63709.98
2024-04-28 09:00:00,63759.33
2024-04-28 10:00:00,63694.5
2024-04-28 11:00:00,63484.01
2024-04-28 12:00:00,63590.03
2024-04-28 13:00:00,63775.43
2024-04-28 14:00:00,63607.19
2024-04-28 15:00:00,63540.0
2024-04-28 16:00:00,63705.38
2024-04-28 17:00:00,63768.47
2024-04-28 18:00:00,63923.99
2024-04-28 19:00:00,63730.49
2024-04-28 20:00:00,63686.0
2024-04-28 21:00:00,63661.99
2024-04-28 22:00:00,63151.05
2024-04-28 23:00:00,63118.62
2024-04-29 00:00:00,63257.43
2024-04-29 01:00:00,63232.0
2024-04-29 02:00:00,62706.33
2024-04-29 03:00:00,62279.67
2024-04-29 04:00:00,62542.0
2024-04-29 05:00:00,62444.88
2024-04-29 06:00:00,62199.69
2024-04-29 07:00:00,62399.98
2024-04-29 08:00:00,62398.0
2024-04-29 09:00:00,62536.01
2024-04-29 10:00:00,62388.97
2024-04-29 11:00:00,62256.0
2024-04-29 12:00:00,62602.33
2024-04-29 13:00:00,62014.0
2024-04-29 14:00:00,62834.99
2024-04-29 15:00:00,63039.07
2024-04-29 16:00:00,62792.02
2024-04-29 17:00:00,63033.23
2024-04-29 18:00:00,62870.0
2024-04-29 19:00:00,62987.37
2024-04-29 20:00:00,62968.82
2024-04-29 21:00:00,63092.24
2024-04-29 22:00:00,63890.0
2024-04-29 23:00:00,63866.0
2024-04-30 00:00:00,64580.0
2024-04-30 01:00:00,63606.01
2024-04-30 02:00:00,63780.91
2024-04-30 03:00:00,63647.99
2024-04-30 04:00:00,63403.98
2024-04-30 05:00:00,63330.0
2024-04-30 06:00:00,63412.0
2024-04-30 07:00:00,63148.74
2024-04-30 08:00:00,61919.32
2024-04-30 09:00:00,61688.01
2024-04-30 10:00:00,61782.19
2024-04-30 11:00:00,61204.42
2024-04-30 12:00:00,61230.16
2024-04-30 13:00:00,60820.57
2024-04-30 14:00:00,61247.87
2024-04-30 15:00:00,60796.85
2024-04-30 16:00:00,60336.68
2024-04-30 17:00:00,60368.81
2024-04-30 18:00:00,60403.67
2024-04-30 19:00:00,59292.95
2024-04-30 20:00:00,59958.62
2024-04-30 21:00:00,60180.0
2024-04-30 22:00:00,60589.79
2024-04-30 23:00:00,60672.0
2024-05-01 00:00:00,60240.57
2024-05-01 01:00:00,60133.78
2024-05-01 02:00:00,59927.99
2024-05-01 03:00:00,60246.03
2024-05-01 04:00:00,60283.99
2024-05-01 05:00:00,60050.0
2024-05-01 06:00:00,59529.94
2024-05-01 07:00:00,57499.99
2024-05-01 08:00:00,57169.69
2024-05-01 09:00:00,57115.61
2024-05-01 10:00:00,57768.68
2024-05-01 11:00:00,57898.47
2024-05-01 12:00:00,57969.98
2024-05-01 13:00:00,57301.29
2024-05-01 14:00:00,57482.0
2024-05-01 15:00:00,56886.0
2024-05-01 16:00:00,57043.99
2024-05-01 17:00:00,57424.65
2024-05-01 18:00:00,58913.99
2024-05-01 19:00:00,56954.47
2024-05-01 20:00:00,57361.7
2024-05-01 21:00:00,57909.03
2024-05-01 22:00:00,57880.58
2024-05-01 23:00:00,58364.97
2024-05-02 00:00:00,57767.29
2024-05-02 01:00:00,57112.37
2024-05-02 02:00:00,57463.87
2024-05-02 03:00:00,57442.88
2024-05-02 04:00:00,57396.22
2024-05-02 05:00:00,57484.57
2024-05-02 06:00:00,57628.56
2024-05-02 07:00:00,57681.08
2024-05-02 08:00:00,57834.82
2024-05-02 09:00:00,57804.36
2024-05-02 10:00:00,57801.41
2024-05-02 11:00:00,58559.66
2024-05-02 12:00:00,58556.59
2024-05-02 13:00:00,58450.22
2024-05-02 14:00:00,59055.25
2024-05-02 15:00:00,59264.15
2024-05-02 16:00:00,59017.54
2024-05-02 17:00:00,59190.24
2024-05-02 18:00:00,59383.52
2024-05-02 19:00:00,59351.11
2024-05-02 20:00:00,58727.45
2024-05-02 21:00:00,59112.58
2024-05-02 22:00:00,59328.0
2024-05-02 23:00:00,59060.61
2024-05-03 00:00:00,59031.81
2024-05-03 01:00:00,59311.11
2024-05-03 02:00:00,59543.76
2024-05-03 03:00:00,59720.3
2024-05-03 04:00:00,59604.0
2024-05-03 05:00:00,59522.67
2024-05-03 06:00:00,59254.74
2024-05-03 07:00:00,59190.74
2024-05-03 08:00:00,59225.99
2024-05-03 09:00:00,59481.12
2024-05-03 10:00:00,59040.0
2024-05-03 11:00:00,59291.09
2024-05-03 12:00:00,60641.0
2024-05-03 13:00:00,61689.94
2024-05-03 14:00:00,61618.17
2024-05-03 15:00:00,61690.74
2024-05-03 16:00:00,61681.99
2024-05-03 17:00:00,61805.85
2024-05-03 18:00:00,61829.16
2024-05-03 19:00:00,62067.32
2024-05-03 20:00:00,62900.0
2024-05-03 21:00:00,62738.0
2024-05-03 22:00:00,62782.43
2024-05-03 23:00:00,62882.01
2024-05-04 00:00:00,63083.99
2024-05-04 01:00:00,62856.03
2024-05-04 02:00:00,62699.07
2024-05-04 03:00:00,62724.0
2024-05-04 04:00:00,63057.99
2024-05-04 05:00:00,63384.01
2024-05-04 06:00:00,62966.93
2024-05-04 07:00:00,62959.03
2024-05-04 08:00:00,63160.95
2024-05-04 09:00:00,63179.8
2024-05-04 10:00:00,64420.91
2024-05-04 11:00:00,63873.31
2024-05-04 12:00:00,64066.35
2024-05-04 13:00:00,63730.01
2024-05-04 14:00:00,63819.09
2024-05-04 15:00:00,63609.17
2024-05-04 16:00:00,63683.01
2024-05-04 17:00:00,63463.3
2024-05-04 18:00:00,63643.63
2024-05-04 19:00:00,63921.18
2024-05-04 20:00:00,63867.73
2024-05-04 21:00:00,63903.91
2024-05-04 22:00:00,63613.92
2024-05-04 23:00:00,63892.04
2024-05-05 00:00:00,63509.52
2024-05-05 01:00:00,63315.47
2024-05-05 02:00:00,63141.71
2024-05-05 03:00:00,63235.93
2024-05-05 04:00:00,63345.2
2024-05-05 05:00:00,63211.67
2024-05-05 06:00:00,63382.84
2024-05-05 07:00:00,63736.87
2024-05-05 08:00:00,63668.0
2024-05-05 09:00:00,63673.42
2024-05-05 10:00:00,63688.48
2024-05-05 11:00:00,63859.63
2024-05-05 12:00:00,63725.33
2024-05-05 13:00:00,64119.92
2024-05-05 14:00:00,64100.0
2024-05-05 15:00:00,64428.65
2024-05-05 16:00:00,64321.99
2024-05-05 17:00:00,64218.0
2024-05-05 18:00:00,63932.6
2024-05-05 19:00:00,63879.94
2024-05-05 20:00:00,63738.78
2024-05-05 21:00:00,63868.41
2024-05-05 22:00:00,63860.01
2024-05-05 23:00:00,64012.0
2024-05-06 00:00:00,64218.02
2024-05-06 01:00:00,64147.22
2024-05-06 02:00:00,63826.09
2024-05-06 03:00:00,63866.59
2024-05-06 04:00:00,64166.0
2024-05-06 05:00:00,64186.93
2024-05-06 06:00:00,64230.02
2024-05-06 07:00:00,64540.75
2024-05-06 08:00:00,65143.04
2024-05-06 09:00:00,65166.2
2024-05-06 10:00:00,64007.17
2024-05-06 11:00:00,64203.56
2024-05-06 12:00:00,63593.99
2024-05-06 13:00:00,63870.0
2024-05-06 14:00:00,63271.97
2024-05-06 15:00:00,63632.01
2024-05-06 16:00:00,63192.43
2024-05-06 17:00:00,63169.93
2024-05-06 18:00:00,63400.0
2024-05-06 19:00:00,63220.0
2024-05-06 20:00:00,63308.28
2024-05-06 21:00:00,63550.29
2024-05-06 22:00:00,63495.67
2024-05-06 23:00:00,63165.19
2024-05-07 00:00:00,63545.45
2024-05-07 01:00:00,63895.72
2024-05-07 02:00:00,63702.76
2024-05-07 03:00:00,63239.49
2024-05-07 04:00:00,63466.26
2024-05-07 05:00:00,63563.48
2024-05-07 06:00:00,63623.81
2024-05-07 07:00:00,63669.69
2024-05-07 08:00:00,64232.0
2024-05-07 09:00:00,64119.98
2024-05-07 10:00:00,64086.37
2024-05-07 11:00:00,63490.43
2024-05-07 12:00:00,63663.02
2024-05-07 13:00:00,63213.16
2024-05-07 14:00:00,64024.47
2024-05-07 15:00:00,63740.48
2024-05-07 16:00:00,63634.0
2024-05-07 17:00:00,63391.79
2024-05-07 18:00:00,63169.99
2024-05-07 19:00:00,63060.01
2024-05-07 20:00:00,62974.94
2024-05-07 21:00:00,63074.01
2024-05-07 22:00:00,62850.92
2024-05-07 23:00:00,62312.08
2024-05-08 00:00:00,62586.01
2024-05-08 01:00:00,62530.31
2024-05-08 02:00:00,62756.01
2024-05-08 03:00:00,62893.99
2024-05-08 04:00:00,62520.15
2024-05-08 05:00:00,62617.71
2024-05-08 06:00:00,62505.98
2024-05-08 07:00:00,62208.0
2024-05-08 08:00:00,62375.99
2024-05-08 09:00:00,62302.01
2024-05-08 10:00:00,62450.05
2024-05-08 11:00:00,62243.4
2024-05-08 12:00:00,62238.29
2024-05-08 13:00:00,62447.61
2024-05-08 14:00:00,62560.01
2024-05-08 15:00:00,62273.08
2024-05-08 16:00:00,62444.45
2024-05-08 17:00:00,62594.18
2024-05-08 18:00:00,62515.46
2024-05-08 19:00:00,62179.45
2024-05-08 20:00:00,61570.01
2024-05-08 21:00:00,61485.94
2024-05-08 22:00:00,61251.01
2024-05-08 23:00:00,61193.03
2024-05-09 00:00:00,61400.0
2024-05-09 01:00:00,61551.0
2024-05-09 02:00:00,61664.64
2024-05-09 03:00:00,61680.4
2024-05-09 04:00:00,61511.12
2024-05-09 05:00:00,61580.01
2024-05-09 06:00:00,61616.01
2024-05-09 07:00:00,61253.16
2024-05-09 08:00:00,61310.0
2024-05-09 09:00:00,61289.99
2024-05-09 10:00:00,60805.99
2024-05-09 11:00:00,61053.99
2024-05-09 12:00:00,61516.66
2024-05-09 13:00:00,61182.33
2024-05-09 14:00:00,61540.61
2024-05-09 15:00:00,62159.06
2024-05-09 16:00:00,61859.81
2024-05-09 17:00:00,61946.29
2024-05-09 18:00:00,62259.69
2024-05-09 19:00:00,62454.92
2024-05-09 20:00:00,62624.7
2024-05-09 21:00:00,62543.34
2024-05-09 22:00:00,63280.47
2024-05-09 23:00:00,63074.01
2024-05-10 00:00:00,62840.73
2024-05-10 01:00:00,62883.5
2024-05-10 02:00:00,62910.61
2024-05-10 03:00:00,62916.16
2024-05-10 04:00:00,62929.99
2024-05-10 05:00:00,62767.99
2024-05-10 06:00:00,63166.0
2024-05-10 07:00:00,63078.02
2024-05-10 08:00:00,63039.99
2024-05-10 09:00:00,63126.98
2024-05-10 10:00:00,63025.45
2024-05-10 11:00:00,63299.63
2024-05-10 12:00:00,63007.92
2024-05-10 13:00:00,63004.0
2024-05-10 14:00:00,61063.87
2024-05-10 15:00:00,60928.02
2024-05-10 16:00:00,61071.54
2024-05-10 17:00:00,60383.72
2024-05-10 18:00:00,60717.07
2024-05-10 19:00:00,60716.97
2024-05-10 20:00:00,60516.92
2024-05-10 21:00:00,60710.0
2024-05-10 22:00:00,60854.01
2024-05-10 23:00:00,60799.99
2024-05-11 00:00:00,60779.99
2024-05-11 01:00:00,60876.69
2024-05-11 02:00:00,60895.23
2024-05-11 03:00:00,60731.9
2024-05-11 04:00:00,60766.01
2024-05-11 05:00:00,60922.0
2024-05-11 06:00:00,60953.01
2024-05-11 07:00:00,61018.52
2024-05-11 08:00:00,60790.0
2024-05-11 09:00:00,60904.43
2024-05-11 10:00:00,60745.99
2024-05-11 11:00:00,60684.01
2024-05-11 12:00:00,60710.01
2024-05-11 13:00:00,60972.0
2024-05-11 14:00:00,60840.01
2024-05-11 15:00:00,61174.18
2024-05-11 16:00:00,61201.19
2024-05-11 17:00:00,61099.05
2024-05-11 18:00:00,61214.54
2024-05-11 19:00:00,61144.0
2024-05-11 20:00:00,61016.58
2024-05-11 21:00:00,60919.55
2024-05-11 22:00:00,60909.99
2024-05-11 23:00:00,60825.99
2024-05-12 00:00:00,60978.0
2024-05-12 01:00:00,60867.99
2024-05-12 02:00:00,60929.85
2024-05-12 03:00:00,60930.0
2024-05-12 04:00:00,61100.0
2024-05-12 05:00:00,61050.01
2024-05-12 06:00:00,60946.49
2024-05-12 07:00:00,60820.0
2024-05-12 08:00:00,61049.97
2024-05-12 09:00:00,61000.0
2024-05-12 10:00:00,61159.99
2024-05-12 11:00:00,61146.0
2024-05-12 12:00:00,61155.75
2024-05-12 13:00:00,61191.29
2024-05-12 14:00:00,61168.82
2024-05-12 15:00:00,61419.0
2024-05-12 16:00:00,61346.77
2024-05-12 17:00:00,61616.3
2024-05-12 18:00:00,61373.94
2024-05-12 19:00:00,61406.1
2024-05-12 20:00:00,61284.03
2024-05-12 21:00:00,61236.0
2024-05-12 22:00:00,61326.0
2024-05-12 23:00:00,61483.99
2024-05-13 00:00:00,61512.89
2024-05-13 01:00:00,61415.87
2024-05-13 02:00:00,61044.26
2024-05-13 03:00:00,61170.0
2024-05-13 04:00:00,60976.96
2024-05-13 05:00:00,60858.97
2024-05-13 06:00:00,61504.1
2024-05-13 07:00:00,62334.37
2024-05-13 08:00:00,62767.18
2024-05-13 09:00:00,63060.6
2024-05-13 10:00:00,62674.7
2024-05-13 11:00:00,62738.0
2024-05-13 12:00:00,62844.04
2024-05-13 13:00:00,62779.66
2024-05-13 14:00:00,62747.87
2024-05-13 15:00:00,63002.0
2024-05-13 16:00:00,63178.89
2024-05-13 17:00:00,62810.51
2024-05-13 18:00:00,62786.9
2024-05-13 19:00:00,63172.69
2024-05-13 20:00:00,63091.89
2024-05-13 21:00:00,62901.75
2024-05-13 22:00:00,62770.0
2024-05-13 23:00:00,62940.08
2024-05-14 00:00:00,62815.03
2024-05-14 01:00:00,62652.02
2024-05-14 02:00:00,62541.99
2024-05-14 03:00:00,62488.46
2024-05-14 04:00:00,62550.22
2024-05-14 05:00:00,62717.22
2024-05-14 06:00:00,62042.0
2024-05-14 07:00:00,62035.39
2024-05-14 08:00:00,61861.0
2024-05-14 09:00:00,61797.85
2024-05-14 10:00:00,61719.01
2024-05-14 11:00:00,61798.57
2024-05-14 12:00:00,61566.52
2024-05-14 13:00:00,61695.98
2024-05-14 14:00:00,61803.74
2024-05-14 15:00:00,61787.61
2024-05-14 16:00:00,61427.54
2024-05-14 17:00:00,61314.98
2024-05-14 18:00:00,61429.99
2024-05-14 19:00:00,61596.52
2024-05-14 20:00:00,61610.04
2024-05-14 21:00:00,61694.56
2024-05-14 22:00:00,61708.79
2024-05-14 23:00:00,61577.49
2024-05-15 00:00:00,61438.35
2024-05-15 01:00:00,61696.0
2024-05-15 02:00:00,61774.01
2024-05-15 03:00:00,61949.99
2024-05-15 04:00:00,61900.0
2024-05-15 05:00:00,61928.68
2024-05-15 06:00:00,61962.75
2024-05-15 07:00:00,62195.04
2024-05-15 08:00:00,62143.51
2024-05-15 09:00:00,62649.98
2024-05-15 10:00:00,62674.71
2024-05-15 11:00:00,62467.18
2024-05-15 12:00:00,63757.56
2024-05-15 13:00:00,64145.99
2024-05-15 14:00:00,64500.0
2024-05-15 15:00:00,64725.11
2024-05-15 16:00:00,64759.27
2024-05-15 17:00:00,65046.56
2024-05-15 18:00:00,65717.28
2024-05-15 19:00:00,66006.23
2024-05-15 20:00:00,65930.87
2024-05-15 21:00:00,65859.99
2024-05-15 22:00:00,66116.3
2024-05-15 23:00:00,66206.5
2024-05-16 00:00:00,66083.9
2024-05-16 01:00:00,65985.99
2024-05-16 02:00:00,65909.51
2024-05-16 03:00:00,65975.39
2024-05-16 04:00:00,65813.33
2024-05-16 05:00:00,65781.99
2024-05-16 06:00:00,65958.14
2024-05-16 07:00:00,66142.62
2024-05-16 08:00:00,66297.12
2024-05-16 09:00:00,66364.69
2024-05-16 10:00:00,66169.99
2024-05-16 11:00:00,66503.8
2024-05-16 12:00:00,66011.01
2024-05-16 13:00:00,66328.05
2024-05-16 14:00:00,65598.7
2024-05-16 15:00:00,65818.88
2024-05-16 16:00:00,65154.99
2024-05-16 17:00:00,64994.99
2024-05-16 18:00:00,65122.18
2024-05-16 19:00:00,65186.85
2024-05-16 20:00:00,65273.9
2024-05-16 21:00:00,65461.99
2024-05-16 22:00:00,65418.97
2024-05-16 23:00:00,65235.21
2024-05-17 00:00:00,65508.69
2024-05-17 01:00:00,65340.84
2024-05-17 02:00:00,65386.01
2024-05-17 03:00:00,65584.53
2024-05-17 04:00:00,65451.81
2024-05-17 05:00:00,65700.0
2024-05-17 06:00:00,65955.56
2024-05-17 07:00:00,66386.94
2024-05-17 08:00:00,66146.01
2024-05-17 09:00:00,66344.44
2024-05-17 10:00:00,66500.48
2024-05-17 11:00:00,66218.0
2024-05-17 12:00:00,66379.97
2024-05-17 13:00:00,65944.02
2024-05-17 14:00:00,66806.66
2024-05-17 15:00:00,67195.1
2024-05-17 16:00:00,66929.99
2024-05-17 17:00:00,66702.52
2024-05-17 18:00:00,66821.98
2024-05-17 19:00:00,67047.99
2024-05-17 20:00:00,66890.0
2024-05-17 21:00:00,66810.65
2024-05-17 22:00:00,66771.6
2024-05-17 23:00:00,67024.0
2024-05-18 00:00:00,66891.59
2024-05-18 01:00:00,66980.0
2024-05-18 02:00:00,66907.84
2024-05-18 03:00:00,66945.05
2024-05-18 04:00:00,66883.61
2024-05-18 05:00:00,66854.71
2024-05-18 06:00:00,66920.03
2024-05-18 07:00:00,66887.0
2024-05-18 08:00:00,67027.59
2024-05-18 09:00:00,67125.04
2024-05-18 10:00:00,67222.22
2024-05-18 11:00:00,67190.82
2024-05-18 12:00:00,66948.0
2024-05-18 13:00:00,66863.17
2024-05-18 14:00:00,66793.66
2024-05-18 15:00:00,66823.63
2024-05-18 16:00:00,66888.17
2024-05-18 17:00:00,66866.51
2024-05-18 18:00:00,66796.36
2024-05-18 19:00:00,66912.62
2024-05-18 20:00:00,66964.01
2024-05-18 21:00:00,66899.29
2024-05-18 22:00:00,66932.01
2024-05-18 23:00:00,66915.2
2024-05-19 00:00:00,66906.53
2024-05-19 01:00:00,66920.01
2024-05-19 02:00:00,67211.61
2024-05-19 03:00:00,67170.21
2024-05-19 04:00:00,67151.75
2024-05-19 05:00:00,67097.62
2024-05-19 06:00:00,67022.65
2024-05-19 07:00:00,67324.44
2024-05-19 08:00:00,67160.01
2024-05-19 09:00:00,67180.01
2024-05-19 10:00:00,67269.99
2024-05-19 11:00:00,67330.0
2024-05-19 12:00:00,66832.99
2024-05-19 13:00:00,67049.99
2024-05-19 14:00:00,66928.0
2024-05-19 15:00:00,66889.88
2024-05-19 16:00:00,66662.01
2024-05-19 17:00:00,66720.01
2024-05-19 18:00:00,66586.21
2024-05-19 19:00:00,66034.01
2024-05-19 20:00:00,66163.99
2024-05-19 21:00:00,66280.0
2024-05-19 22:00:00,66363.61
2024-05-19 23:00:00,66274.01
2024-05-20 00:00:00,66459.99
2024-05-20 01:00:00,66520.4
2024-05-20 02:00:00,66674.02
2024-05-20 03:00:00,66675.22
2024-05-20 04:00:00,67132.43
2024-05-20 05:00:00,67136.36
2024-05-20 06:00:00,66410.0
2024-05-20 07:00:00,66825.14
2024-05-20 08:00:00,66762.0
2024-05-20 09:00:00,66894.01
2024-05-20 10:00:00,67109.99
2024-05-20 11:00:00,66994.2
2024-05-20 12:00:00,66936.39
2024-05-20 13:00:00,67099.98
2024-05-20 14:00:00,67006.01
2024-05-20 15:00:00,67419.99
2024-05-20 16:00:00,68190.06
2024-05-20 17:00:00,68331.51
2024-05-20 18:00:00,68728.41
2024-05-20 19:00:00,69999.99
2024-05-20 20:00:00,69500.0
2024-05-20 21:00:00,69717.79
2024-05-20 22:00:00,69590.77
2024-05-20 23:00:00,71446.62
2024-05-21 00:00:00,71312.32
2024-05-21 01:00:00,71089.96
2024-05-21 02:00:00,71283.8
2024-05-21 03:00:00,71284.0
2024-05-21 04:00:00,70910.0
2024-05-21 05:00:00,71209.86
2024-05-21 06:00:00,71205.41
2024-05-21 07:00:00,70878.29
2024-05-21 08:00:00,70916.0
2024-05-21 09:00:00,70990.02
2024-05-21 10:00:00,71056.0
2024-05-21 11:00:00,71130.0
2024-05-21 12:00:00,71349.99
2024-05-21 13:00:00,70595.92
2024-05-21 14:00:00,70213.2
2024-05-21 15:00:00,69826.99
2024-05-21 16:00:00,69668.03
2024-05-21 17:00:00,69857.05
2024-05-21 18:00:00,69829.74
2024-05-21 19:00:00,69285.99
2024-05-21 20:00:00,69727.01
2024-05-21 21:00:00,69727.76
2024-05-21 22:00:00,70222.22
2024-05-21 23:00:00,70148.34
2024-05-22 00:00:00,70120.01
2024-05-22 01:00:00,70159.58
2024-05-22 02:00:00,70003.01
2024-05-22 03:00:00,69955.72
2024-05-22 04:00:00,69599.98
2024-05-22 05:00:00,69898.12
2024-05-22 06:00:00,69854.08
2024-05-22 07:00:00,69715.0
2024-05-22 08:00:00,70010.27
2024-05-22 09:00:00,69987.44
2024-05-22 10:00:00,70190.0
2024-05-22 11:00:00,69736.13
2024-05-22 12:00:00,69643.88
2024-05-22 13:00:00,69586.87
2024-05-22 14:00:00,70114.63
2024-05-22 15:00:00,70455.9
2024-05-22 16:00:00,70229.88
2024-05-22 17:00:00,69863.52
2024-05-22 18:00:00,69574.6
2024-05-22 19:00:00,69637.47
2024-05-22 20:00:00,69442.01
2024-05-22 21:00:00,69497.77
2024-05-22 22:00:00,69141.28
2024-05-22 23:00:00,69166.62
2024-05-23 00:00:00,69499.81
2024-05-23 01:00:00,69483.16
2024-05-23 02:00:00,69505.86
2024-05-23 03:00:00,69446.14
2024-05-23 04:00:00,69550.01
2024-05-23 05:00:00,69478.89
2024-05-23 06:00:00,69561.4
2024-05-23 07:00:00,69734.04
2024-05-23 08:00:00,69687.99
2024-05-23 09:00:00,69645.06
2024-05-23 10:00:00,69537.21
2024-05-23 11:00:00,69982.72
2024-05-23 12:00:00,69428.53
2024-05-23 13:00:00,68036.14
2024-05-23 14:00:00,67748.63
2024-05-23 15:00:00,68076.0
2024-05-23 16:00:00,67822.78
2024-05-23 17:00:00,67639.25
2024-05-23 18:00:00,67393.06
2024-05-23 19:00:00,67199.98
2024-05-23 20:00:00,67802.89
2024-05-23 21:00:00,67992.77
2024-05-23 22:00:00,67686.47
2024-05-23 23:00:00,67969.65
2024-05-24 00:00:00,67852.0
2024-05-24 01:00:00,67742.01
2024-05-24 02:00:00,67978.37
2024-05-24 03:00:00,67891.83
2024-05-24 04:00:00,67708.23
2024-05-24 05:00:00,67299.99
2024-05-24 06:00:00,66887.01
2024-05-24 07:00:00,67155.93
2024-05-24 08:00:00,67190.15
2024-05-24 09:00:00,67375.26
2024-05-24 10:00:00,67353.43
2024-05-24 11:00:00,67349.99
2024-05-24 12:00:00,67490.0
2024-05-24 13:00:00,67077.12
2024-05-24 14:00:00,67869.48
2024-05-24 15:00:00,68326.46
2024-05-24 16:00:00,68394.33
2024-05-24 17:00:00,68919.02
2024-05-24 18:00:00,68970.43
2024-05-24 19:00:00,69115.98
2024-05-24 20:00:00,68836.96
2024-05-24 21:00:00,68876.0
2024-05-24 22:00:00,68787.99
2024-05-24 23:00:00,68549.99
2024-05-25 00:00:00,68530.89
2024-05-25 01:00:00,68613.46
2024-05-25 02:00:00,68817.22
2024-05-25 03:00:00,68757.85
2024-05-25 04:00:00,68784.37
2024-05-25 05:00:00,68718.21
2024-05-25 06:00:00,68660.4
2024-05-25 07:00:00,68753.92
2024-05-25 08:00:00,68876.69
2024-05-25 09:00:00,69095.27
2024-05-25 10:00:00,69387.99
2024-05-25 11:00:00,69104.67
2024-05-25 12:00:00,69116.3
2024-05-25 13:00:00,69025.98
2024-05-25 14:00:00,69021.65
2024-05-25 15:00:00,68930.4
2024-05-25 16:00:00,68936.62
2024-05-25 17:00:00,69065.14
2024-05-25 18:00:00,69213.2
2024-05-25 19:00:00,69155.32
2024-05-25 20:00:00,69100.01
2024-05-25 21:00:00,69139.01
2024-05-25 22:00:00,69129.0
2024-05-25 23:00:00,69290.57
2024-05-26 00:00:00,69156.0
2024-05-26 01:00:00,69161.44
2024-05-26 02:00:00,68904.01
2024-05-26 03:00:00,69073.62
2024-05-26 04:00:00,68974.0
2024-05-26 05:00:00,69139.6
2024-05-26 06:00:00,69105.63
2024-05-26 07:00:00,69340.15
2024-05-26 08:00:00,69160.33
2024-05-26 09:00:00,69086.54
2024-05-26 10:00:00,69222.92
2024-05-26 11:00:00,69134.91
2024-05-26 12:00:00,68993.22
2024-05-26 13:00:00,69136.14
2024-05-26 14:00:00,69287.12
2024-05-26 15:00:00,68847.99
2024-05-26 16:00:00,68808.62
2024-05-26 17:00:00,68778.14
2024-05-26 18:00:00,68800.16
2024-05-26 19:00:00,68903.54
2024-05-26 20:00:00,68720.84
2024-05-26 21:00:00,68518.02
2024-05-26 22:00:00,68560.0
2024-05-26 23:00:00,68507.67
2024-05-27 00:00:00,68821.71
2024-05-27 01:00:00,69074.01
2024-05-27 02:00:00,69111.35
2024-05-27 03:00:00,68873.43
2024-05-27 04:00:00,68770.01
2024-05-27 05:00:00,68524.61
2024-05-27 06:00:00,68393.23
2024-05-27 07:00:00,68643.36
2024-05-27 08:00:00,68624.0
2024-05-27 09:00:00,68595.37
2024-05-27 10:00:00,68577.79
2024-05-27 11:00:00,68434.26
2024-05-27 12:00:00,68621.42
2024-05-27 13:00:00,68919.24
2024-05-27 14:00:00,69500.0
2024-05-27 15:00:00,70373.85
2024-05-27 16:00:00,70161.22
2024-05-27 17:00:00,70184.01
2024-05-27 18:00:00,69985.5
2024-05-27 19:00:00,69260.01
2024-05-27 20:00:00,69660.01
2024-05-27 21:00:00,69805.0
2024-05-27 22:00:00,69591.58
2024-05-27 23:00:00,69436.43
2024-05-28 00:00:00,69377.41
2024-05-28 01:00:00,68614.11
2024-05-28 02:00:00,68680.0
2024-05-28 03:00:00,68050.3
2024-05-28 04:00:00,67797.29
2024-05-28 05:00:00,68049.67
2024-05-28 06:00:00,67972.8
2024-05-28 07:00:00,67694.0
2024-05-28 08:00:00,68159.99
2024-05-28 09:00:00,68336.24
2024-05-28 10:00:00,68592.01
2024-05-28 11:00:00,68389.87
2024-05-28 12:00:00,68208.63
2024-05-28 13:00:00,67792.0
2024-05-28 14:00:00,67969.0
2024-05-28 15:00:00,68374.08
2024-05-28 16:00:00,67713.22
2024-05-28 17:00:00,67782.67
2024-05-28 18:00:00,67879.43
2024-05-28 19:00:00,68424.29
2024-05-28 20:00:00,68325.86
2024-05-28 21:00:00,68401.47
2024-05-28 22:00:00,68615.4
2024-05-28 23:00:00,68398.39
2024-05-29 00:00:00,68496.0
2024-05-29 01:00:00,68570.0
2024-05-29 02:00:00,68684.6
2024-05-29 03:00:00,68829.42
2024-05-29 04:00:00,68843.53
2024-05-29 05:00:00,68584.73
2024-05-29 06:00:00,68513.33
2024-05-29 07:00:00,67946.9
2024-05-29 08:00:00,67872.41
2024-05-29 09:00:00,67905.72
2024-05-29 10:00:00,67989.89
2024-05-29 11:00:00,67763.59
2024-05-29 12:00:00,67898.15
2024-05-29 13:00:00,67879.99
2024-05-29 14:00:00,67635.01
2024-05-29 15:00:00,67379.13
2024-05-29 16:00:00,67555.18
2024-05-29 17:00:00,67611.12
2024-05-29 18:00:00,67392.83
2024-05-29 19:00:00,67266.78
2024-05-29 20:00:00,67485.76
2024-05-29 21:00:00,67700.42
2024-05-29 22:00:00,67680.01
2024-05-29 23:00:00,67652.42
2024-05-30 00:00:00,67583.0
2024-05-30 01:00:00,67800.0
2024-05-30 02:00:00,67949.1
2024-05-30 03:00:00,68118.2
2024-05-30 04:00:00,68163.0
2024-05-30 05:00:00,68134.14
2024-05-30 06:00:00,67831.25
2024-05-30 07:00:00,67584.56
2024-05-30 08:00:00,67688.96
2024-05-30 09:00:00,67745.94
2024-05-30 10:00:00,67942.08
2024-05-30 11:00:00,67817.01
2024-05-30 12:00:00,68133.34
2024-05-30 13:00:00,68623.99
2024-05-30 14:00:00,68359.6
2024-05-30 15:00:00,68530.76
2024-05-30 16:00:00,68676.0
2024-05-30 17:00:00,69315.1
2024-05-30 18:00:00,69360.13
2024-05-30 19:00:00,68653.02
2024-05-30 20:00:00,68475.99
2024-05-30 21:00:00,68416.76
2024-05-30 22:00:00,68314.93
2024-05-30 23:00:00,68352.17
2024-05-31 00:00:00,68460.0
2024-05-31 01:00:00,68440.0
2024-05-31 02:00:00,68539.99
2024-05-31 03:00:00,68535.81
2024-05-31 04:00:00,68516.59
2024-05-31 05:00:00,68442.72
2024-05-31 06:00:00,68272.0
2024-05-31 07:00:00,68174.99
2024-05-31 08:00:00,68136.0
2024-05-31 09:00:00,67950.0
2024-05-31 10:00:00,68333.33
2024-05-31 11:00:00,68349.73
2024-05-31 12:00:00,68643.59
2024-05-31 13:00:00,68078.34
2024-05-31 14:00:00,67501.76
2024-05-31 15:00:00,67215.58
2024-05-31 16:00:00,67200.01
2024-05-31 17:00:00,67342.77
2024-05-31 18:00:00,67414.88
2024-05-31 19:00:00,67681.0
2024-05-31 20:00:00,67709.04
2024-05-31 21:00:00,67564.91
2024-05-31 22:00:00,67509.52
2024-05-31 23:00:00,67540.01
2024-06-01 00:00:00,67655.66
2024-06-01 01:00:00,67560.0
2024-06-01 02:00:00,67729.05
2024-06-01 03:00:00,67715.31
2024-06-01 04:00:00,67680.01
2024-06-01 05:00:00,67686.35
2024-06-01 06:00:00,67693.32
2024-06-01 07:00:00,67632.08
2024-06-01 08:00:00,67704.0
2024-06-01 09:00:00,67706.69
2024-06-01 10:00:00,67627.33
2024-06-01 11:00:00,67660.57
2024-06-01 12:00:00,67717.76
2024-06-01 13:00:00,67720.01
2024-06-01 14:00:00,67803.34
2024-06-01 15:00:00,67691.28
2024-06-01 16:00:00,67700.01
2024-06-01 17:00:00,67791.02
2024-06-01 18:00:00,67750.71
2024-06-01 19:00:00,67753.76
2024-06-01 20:00:00,67796.54
2024-06-01 21:00:00,67760.01
2024-06-01 22:00:00,67765.4
2024-06-01 23:00:00,67766.85
2024-06-02 00:00:00,67889.0
2024-06-02 01:00:00,67755.0
2024-06-02 02:00:00,67733.26
2024-06-02 03:00:00,67789.47
2024-06-02 04:00:00,67852.62
2024-06-02 05:00:00,67728.4
2024-06-02 06:00:00,67841.09
2024-06-02 07:00:00,67721.0
2024-06-02 08:00:00,67750.67
2024-06-02 09:00:00,67529.99
2024-06-02 10:00:00,67529.99
2024-06-02 11:00:00,68251.52
2024-06-02 12:00:00,67934.99
2024-06-02 13:00:00,68165.98
2024-06-02 14:00:00,68252.5
2024-06-02 15:00:00,68142.17
2024-06-02 16:00:00,68103.63
2024-06-02 17:00:00,67879.28
2024-06-02 18:00:00,67697.14
2024-06-02 19:00:00,67736.95
2024-06-02 20:00:00,67831.2
2024-06-02 21:00:00,67816.14
2024-06-02 22:00:00,67927.99
2024-06-02 23:00:00,67765.63
2024-06-03 00:00:00,67823.99
2024-06-03 01:00:00,68476.01
2024-06-03 02:00:00,68416.08
2024-06-03 03:00:00,68382.81
2024-06-03 04:00:00,68510.0
2024-06-03 05:00:00,68700.0
2024-06-03 06:00:00,69038.94
2024-06-03 07:00:00,68906.7
2024-06-03 08:00:00,69142.55
2024-06-03 09:00:00,69014.88
2024-06-03 10:00:00,68907.99
2024-06-03 11:00:00,69080.0
2024-06-03 12:00:00,69746.23
2024-06-03 13:00:00,69795.34
2024-06-03 14:00:00,68776.01
2024-06-03 15:00:00,69615.28
2024-06-03 16:00:00,69080.02
2024-06-03 17:00:00,69268.97
2024-06-03 18:00:00,69288.41
2024-06-03 19:00:00,69204.0
2024-06-03 20:00:00,69101.28
2024-06-03 21:00:00,69081.17
2024-06-03 22:00:00,69042.51
2024-06-03 23:00:00,68809.9
2024-06-04 00:00:00,69001.41
2024-06-04 01:00:00,69215.4
2024-06-04 02:00:00,69139.57
2024-06-04 03:00:00,69170.22
2024-06-04 04:00:00,69061.22
2024-06-04 05:00:00,68956.01
2024-06-04 06:00:00,68905.43
2024-06-04 07:00:00,69013.63
2024-06-04 08:00:00,68836.54
2024-06-04 09:00:00,68717.92
2024-06-04 10:00:00,68890.66
2024-06-04 11:00:00,68955.85
2024-06-04 12:00:00,68946.56
2024-06-04 13:00:00,69527.99
2024-06-04 14:00:00,69651.49
2024-06-04 15:00:00,70445.0
2024-06-04 16:00:00,70800.0
2024-06-04 17:00:00,70564.0
2024-06-04 18:00:00,70693.67
2024-06-04 19:00:00,70423.6
2024-06-04 20:00:00,70402.69
2024-06-04 21:00:00,70620.0
2024-06-04 22:00:00,70561.3
2024-06-04 23:00:00,70537.84
2024-06-05 00:00:00,70776.0
2024-06-05 01:00:00,70986.3
2024-06-05 02:00:00,70837.96
2024-06-05 03:00:00,70947.58
2024-06-05 04:00:00,71168.53
2024-06-05 05:00:00,70999.99
2024-06-05 06:00:00,71119.05
2024-06-05 07:00:00,71200.0
2024-06-05 08:00:00,70927.57
2024-06-05 09:00:00,70894.19
2024-06-05 10:00:00,70800.33
2024-06-05 11:00:00,70971.71
2024-06-05 12:00:00,70940.01
2024-06-05 13:00:00,70730.7
2024-06-05 14:00:00,70867.99
2024-06-05 15:00:00,71580.0
2024-06-05 16:00:00,71312.77
2024-06-05 17:00:00,71628.98
2024-06-05 18:00:00,71096.81
2024-06-05 19:00:00,71279.95
2024-06-05 20:00:00,71196.02
2024-06-05 21:00:00,71138.42
2024-06-05 22:00:00,71144.86
2024-06-05 23:00:00,71108.0
2024-06-06 00:00:00,71018.06
2024-06-06 01:00:00,71124.0
2024-06-06 02:00:00,71160.0
2024-06-06 03:00:00,71050.0
2024-06-06 04:00:00,71054.52
2024-06-06 05:00:00,70895.45
2024-06-06 06:00:00,70887.99
2024-06-06 07:00:00,71021.47
2024-06-06 08:00:00,70904.01
2024-06-06 09:00:00,70978.88
2024-06-06 10:00:00,70988.0
2024-06-06 11:00:00,71170.01
2024-06-06 12:00:00,71187.17
2024-06-06 13:00:00,71123.09
2024-06-06 14:00:00,71464.57
2024-06-06 15:00:00,71300.0
2024-06-06 16:00:00,70948.95
2024-06-06 17:00:00,71098.31
2024-06-06 18:00:00,71075.0
2024-06-06 19:00:00,70479.49
2024-06-06 20:00:00,70720.01
2024-06-06 21:00:00,70740.51
2024-06-06 22:00:00,70901.01
2024-06-06 23:00:00,70799.06
2024-06-07 00:00:00,70883.05
2024-06-07 01:00:00,70840.01
2024-06-07 02:00:00,70824.08
2024-06-07 03:00:00,70989.68
2024-06-07 04:00:00,71226.52
2024-06-07 05:00:00,71290.6
2024-06-07 06:00:00,71265.7
2024-06-07 07:00:00,71110.0
2024-06-07 08:00:00,71117.2
2024-06-07 09:00:00,71302.07
2024-06-07 10:00:00,71377.38
2024-06-07 11:00:00,71699.99
2024-06-07 12:00:00,71234.09
2024-06-07 13:00:00,71534.6
2024-06-07 14:00:00,71430.94
2024-06-07 15:00:00,71111.54
2024-06-07 16:00:00,70873.47
2024-06-07 17:00:00,69803.59
2024-06-07 18:00:00,69154.43
2024-06-07 19:00:00,69255.0
2024-06-07 20:00:00,69307.99
2024-06-07 21:00:00,69250.01
2024-06-07 22:00:00,69499.0
2024-06-07 23:00:00,69355.6
2024-06-08 00:00:00,69401.5
2024-06-08 01:00:00,69465.25
2024-06-08 02:00:00,69422.11
2024-06-08 03:00:00,69432.0
2024-06-08 04:00:00,69316.73
2024-06-08 05:00:00,69319.99
2024-06-08 06:00:00,69333.45
2024-06-08 07:00:00,69582.2
2024-06-08 08:00:00,69436.42
2024-06-08 09:00:00,69443.24
2024-06-08 10:00:00,69453.4
2024-06-08 11:00:00,69365.93
2024-06-08 12:00:00,69360.22
2024-06-08 13:00:00,69430.0
2024-06-08 14:00:00,69461.69
2024-06-08 15:00:00,69430.01
2024-06-08 16:00:00,69387.15
2024-06-08 17:00:00,69439.99
2024-06-08 18:00:00,69454.89
2024-06-08 19:00:00,69460.01
2024-06-08 20:00:00,69372.73
2024-06-08 21:00:00,69404.91
2024-06-08 22:00:00,69338.15
2024-06-08 23:00:00,69310.46
2024-06-09 00:00:00,69268.7
2024-06-09 01:00:00,69285.0
2024-06-09 02:00:00,69174.93
2024-06-09 03:00:00,69259.38
2024-06-09 04:00:00,69304.44
2024-06-09 05:00:00,69293.47
2024-06-09 06:00:00,69391.01
2024-06-09 07:00:00,69295.64
2024-06-09 08:00:00,69352.15
2024-06-09 09:00:00,69369.98
2024-06-09 10:00:00,69346.49
2024-06-09 11:00:00,69367.69
2024-06-09 12:00:00,69712.95
2024-06-09 13:00:00,69467.03
2024-06-09 14:00:00,69490.12
2024-06-09 15:00:00,69508.64
2024-06-09 16:00:00,69622.88
2024-06-09 17:00:00,69660.51
2024-06-09 18:00:00,69738.1
2024-06-09 19:00:00,69710.26
2024-06-09 20:00:00,69686.85
2024-06-09 21:00:00,69749.96
2024-06-09 22:00:00,69634.35
2024-06-09 23:00:00,69648.14
2024-06-10 00:00:00,69559.99
2024-06-10 01:00:00,69625.52
2024-06-10 02:00:00,69716.0
2024-06-10 03:00:00,69613.2
2024-06-10 04:00:00,69674.33
2024-06-10 05:00:00,69580.48
2024-06-10 06:00:00,69429.87
2024-06-10 07:00:00,69303.99
2024-06-10 08:00:00,69387.5
2024-06-10 09:00:00,69449.99
2024-06-10 10:00:00,69439.99
2024-06-10 11:00:00,69473.89
2024-06-10 12:00:00,69363.99
2024-06-10 13:00:00,69408.21
2024-06-10 14:00:00,69662.09
2024-06-10 15:00:00,70066.12
2024-06-10 16:00:00,69972.17
2024-06-10 17:00:00,70043.0
2024-06-10 18:00:00,69860.01
2024-06-10 19:00:00,69490.8
2024-06-10 20:00:00,69632.51
2024-06-10 21:00:00,69585.48
2024-06-10 22:00:00,69495.99
2024-06-10 23:00:00,69540.0
2024-06-11 00:00:00,69410.85
2024-06-11 01:00:00,68724.01
2024-06-11 02:00:00,68268.62
2024-06-11 03:00:00,68464.0
2024-06-11 04:00:00,68024.04
2024-06-11 05:00:00,67903.57
2024-06-11 06:00:00,67692.0
2024-06-11 07:00:00,67570.18
2024-06-11 08:00:00,67516.74
2024-06-11 09:00:00,67084.34
2024-06-11 10:00:00,66961.99
2024-06-11 11:00:00,66890.01
2024-06-11 12:00:00,67019.99
2024-06-11 13:00:00,66812.0
2024-06-11 14:00:00,66851.26
2024-06-11 15:00:00,66244.48
2024-06-11 16:00:00,66487.47
2024-06-11 17:00:00,66770.99
2024-06-11 18:00:00,67117.3
2024-06-11 19:00:00,67407.01
2024-06-11 20:00:00,67290.07
2024-06-11 21:00:00,67396.61
2024-06-11 22:00:00,67360.22
2024-06-11 23:00:00,67314.24
2024-06-12 00:00:00,67199.99
2024-06-12 01:00:00,67180.01
2024-06-12 02:00:00,67415.25
2024-06-12 03:00:00,67407.0
2024-06-12 04:00:00,67481.59
2024-06-12 05:00:00,67243.21
2024-06-12 06:00:00,67281.64
2024-06-12 07:00:00,67453.63
2024-06-12 08:00:00,67393.46
2024-06-12 09:00:00,67753.32
2024-06-12 10:00:00,67991.98
2024-06-12 11:00:00,67778.43
2024-06-12 12:00:00,69339.29
2024-06-12 13:00:00,69320.0
2024-06-12 14:00:00,69960.57
2024-06-12 15:00:00,69734.0
2024-06-12 16:00:00,69616.0
2024-06-12 17:00:00,69799.99
2024-06-12 18:00:00,68828.01
2024-06-12 19:00:00,67532.92
2024-06-12 20:00:00,68103.97
2024-06-12 21:00:00,68536.0
2024-06-12 22:00:00,68345.82
2024-06-12 23:00:00,68263.99
2024-06-13 00:00:00,68330.02
2024-06-13 01:00:00,67979.63
2024-06-13 02:00:00,67734.81
2024-06-13 03:00:00,67474.94
2024-06-13 04:00:00,67328.01
2024-06-13 05:00:00,67604.04
2024-06-13 06:00:00,67518.57
2024-06-13 07:00:00,67724.81
2024-06-13 08:00:00,67565.56
2024-06-13 09:00:00,67419.86
2024-06-13 10:00:00,67820.4
2024-06-13 11:00:00,67739.99
2024-06-13 12:00:00,67749.54
2024-06-13 13:00:00,67589.99
2024-06-13 14:00:00,67365.62
2024-06-13 15:00:00,66470.01
2024-06-13 16:00:00,66976.0
2024-06-13 17:00:00,66920.0
2024-06-13 18:00:00,66862.99
2024-06-13 19:00:00,66604.01
2024-06-13 20:00:00,66712.98
2024-06-13 21:00:00,66969.99
2024-06-13 22:00:00,66896.0
2024-06-13 23:00:00,66773.01
2024-06-14 00:00:00,66727.73
2024-06-14 01:00:00,66806.17
2024-06-14 02:00:00,66952.0
2024-06-14 03:00:00,66744.0
2024-06-14 04:00:00,66717.39
2024-06-14 05:00:00,67052.49
2024-06-14 06:00:00,66962.41
2024-06-14 07:00:00,66904.98
2024-06-14 08:00:00,67152.04
2024-06-14 09:00:00,66920.01
2024-06-14 10:00:00,66873.14
2024-06-14 11:00:00,67036.0
2024-06-14 12:00:00,67083.3
2024-06-14 13:00:00,67070.5
2024-06-14 14:00:00,66982.98
2024-06-14 15:00:00,66392.0
2024-06-14 16:00:00,65293.4
2024-06-14 17:00:00,65416.01
2024-06-14 18:00:00,65524.86
2024-06-14 19:00:00,65520.02
2024-06-14 20:00:00,65766.41
2024-06-14 21:00:00,66196.01
2024-06-14 22:00:00,66014.01
2024-06-14 23:00:00,66043.99
2024-06-15 00:00:00,66185.62
2024-06-15 01:00:00,66076.01
2024-06-15 02:00:00,66215.35
2024-06-15 03:00:00,66267.87
2024-06-15 04:00:00,66246.85
2024-06-15 05:00:00,66231.82
2024-06-15 06:00:00,66168.57
2024-06-15 07:00:00,66076.99
2024-06-15 08:00:00,66221.31
2024-06-15 09:00:00,66227.0
2024-06-15 10:00:00,66300.01
2024-06-15 11:00:00,66319.95
2024-06-15 12:00:00,66348.01
2024-06-15 13:00:00,66313.47
2024-06-15 14:00:00,66220.52
2024-06-15 15:00:00,66316.02
2024-06-15 16:00:00,66184.0
2024-06-15 17:00:00,66250.01
2024-06-15 18:00:00,66145.19
2024-06-15 19:00:00,66154.7
2024-06-15 20:00:00,66048.02
2024-06-15 21:00:00,66126.89
2024-06-15 22:00:00,66200.0
2024-06-15 23:00:00,66228.25
2024-06-16 00:00:00,66161.96
2024-06-16 01:00:00,66175.68
2024-06-16 02:00:00,66142.86
2024-06-16 03:00:00,66146.0
2024-06-16 04:00:00,66166.02
2024-06-16 05:00:00,66264.0
2024-06-16 06:00:00,66312.01
2024-06-16 07:00:00,66266.3
2024-06-16 08:00:00,66272.51
2024-06-16 09:00:00,66409.97
2024-06-16 10:00:00,66716.31
2024-06-16 11:00:00,66492.83
2024-06-16 12:00:00,66597.47
2024-06-16 13:00:00,66762.49
2024-06-16 14:00:00,66519.02
2024-06-16 15:00:00,66712.8
2024-06-16 16:00:00,66592.19
2024-06-16 17:00:00,66578.02
2024-06-16 18:00:00,66590.01
2024-06-16 19:00:00,66562.52
2024-06-16 20:00:00,66517.55
2024-06-16 21:00:00,66525.0
2024-06-16 22:00:00,66755.99
2024-06-16 23:00:00,66676.87
2024-06-17 00:00:00,66583.96
2024-06-17 01:00:00,66472.26
2024-06-17 02:00:00,66344.02
2024-06-17 03:00:00,66222.0
2024-06-17 04:00:00,66447.88
2024-06-17 05:00:00,66351.62
2024-06-17 06:00:00,66132.4
2024-06-17 07:00:00,66172.0
2024-06-17 08:00:00,66194.51
2024-06-17 09:00:00,65722.08
2024-06-17 10:00:00,65890.0
2024-06-17 11:00:00,65817.2
2024-06-17 12:00:00,65625.01
2024-06-17 13:00:00,65200.01
2024-06-17 14:00:00,65472.98
2024-06-17 15:00:00,65368.0
2024-06-17 16:00:00,65898.0
2024-06-17 17:00:00,66607.28
2024-06-17 18:00:00,67101.48
2024-06-17 19:00:00,66691.99
2024-06-17 20:00:00,66397.94
2024-06-17 21:00:00,66572.0
2024-06-17 22:00:00,66656.0
2024-06-17 23:00:00,66504.33
2024-06-18 00:00:00,65749.99
2024-06-18 01:00:00,65133.99
2024-06-18 02:00:00,65467.43
2024-06-18 03:00:00,65500.0
2024-06-18 04:00:00,65574.21
2024-06-18 05:00:00,65596.01
2024-06-18 06:00:00,65500.0
2024-06-18 07:00:00,65672.51
2024-06-18 08:00:00,65727.53
2024-06-18 09:00:00,65469.92
2024-06-18 10:00:00,65435.52
2024-06-18 11:00:00,65366.0
2024-06-18 12:00:00,65231.95
2024-06-18 13:00:00,64844.0
2024-06-18 14:00:00,64633.99
2024-06-18 15:00:00,64706.0
2024-06-18 16:00:00,64700.99
2024-06-18 17:00:00,64610.0
2024-06-18 18:00:00,64678.01
2024-06-18 19:00:00,64412.19
2024-06-18 20:00:00,64936.51
2024-06-18 21:00:00,65220.02
2024-06-18 22:00:00,65279.99
2024-06-18 23:00:00,65175.32
2024-06-19 00:00:00,65142.54
2024-06-19 01:00:00,65035.59
2024-06-19 02:00:00,65327.94
2024-06-19 03:00:00,65404.0
2024-06-19 04:00:00,65425.56
2024-06-19 05:00:00,65413.09
2024-06-19 06:00:00,65599.99
2024-06-19 07:00:00,65326.89
2024-06-19 08:00:00,65183.89
2024-06-19 09:00:00,65306.65
2024-06-19 10:00:00,65520.0
2024-06-19 11:00:00,65210.0
2024-06-19 12:00:00,65192.21
2024-06-19 13:00:00,65090.22
2024-06-19 14:00:00,64952.02
2024-06-19 15:00:00,64922.0
2024-06-19 16:00:00,64922.26
2024-06-19 17:00:00,65083.99
2024-06-19 18:00:00,64973.0
2024-06-19 19:00:00,64882.01
2024-06-19 20:00:00,64874.76
2024-06-19 21:00:00,65004.38
2024-06-19 22:00:00,64836.01
2024-06-19 23:00:00,64974.37
2024-06-20 00:00:00,65098.01
2024-06-20 01:00:00,65158.56
2024-06-20 02:00:00,65197.45
2024-06-20 03:00:00,65189.99
2024-06-20 04:00:00,65306.01
2024-06-20 05:00:00,65513.93
2024-06-20 06:00:00,65465.24
2024-06-20 07:00:00,65858.84
2024-06-20 08:00:00,65690.63
2024-06-20 09:00:00,65719.99
2024-06-20 10:00:00,66209.49
2024-06-20 11:00:00,66169.85
2024-06-20 12:00:00,65979.99
2024-06-20 13:00:00,65142.65
2024-06-20 14:00:00,64952.02
2024-06-20 15:00:00,64831.23
2024-06-20 16:00:00,64888.0
2024-06-20 17:00:00,64970.02
2024-06-20 18:00:00,65116.01
2024-06-20 19:00:00,65050.0
2024-06-20 20:00:00,65099.99
2024-06-20 21:00:00,65050.46
2024-06-20 22:00:00,64989.95
2024-06-20 23:00:00,64869.99
2024-06-21 00:00:00,64832.0
2024-06-21 01:00:00,64967.98
2024-06-21 02:00:00,64786.0
2024-06-21 03:00:00,64506.14
2024-06-21 04:00:00,64670.0
2024-06-21 05:00:00,64661.47
2024-06-21 06:00:00,64627.64
2024-06-21 07:00:00,64201.63
2024-06-21 08:00:00,63639.64
2024-06-21 09:00:00,64100.0
2024-06-21 10:00:00,63896.02
2024-06-21 11:00:00,63770.0
2024-06-21 12:00:00,63827.39
2024-06-21 13:00:00,63615.21
2024-06-21 14:00:00,64222.84
2024-06-21 15:00:00,63732.02
2024-06-21 16:00:00,63657.29
2024-06-21 17:00:00,63671.04
2024-06-21 18:00:00,64172.01
2024-06-21 19:00:00,64232.01
2024-06-21 20:00:00,64200.52
2024-06-21 21:00:00,64084.43
2024-06-21 22:00:00,64155.02
2024-06-21 23:00:00,64143.56
2024-06-22 00:00:00,64056.47
2024-06-22 01:00:00,64144.33
2024-06-22 02:00:00,64303.4
2024-06-22 03:00:00,64327.45
2024-06-22 04:00:00,64364.11
2024-06-22 05:00:00,64424.21
2024-06-22 06:00:00,64430.0
2024-06-22 07:00:00,64520.0
2024-06-22 08:00:00,64289.15
2024-06-22 09:00:00,64325.99
2024-06-22 10:00:00,64311.71
2024-06-22 11:00:00,64265.26
2024-06-22 12:00:00,64297.84
2024-06-22 13:00:00,64284.0
2024-06-22 14:00:00,64287.96
2024-06-22 15:00:00,64307.08
2024-06-22 16:00:00,64321.28
2024-06-22 17:00:00,64256.37
2024-06-22 18:00:00,64260.81
2024-06-22 19:00:00,64295.01
2024-06-22 20:00:00,64283.99
2024-06-22 21:00:00,64330.0
2024-06-22 22:00:00,64315.79
2024-06-22 23:00:00,64262.01
2024-06-23 00:00:00,64476.43
2024-06-23 01:00:00,64476.19
2024-06-23 02:00:00,64507.17
2024-06-23 03:00:00,64416.14
2024-06-23 04:00:00,64378.02
2024-06-23 05:00:00,64380.0
2024-06-23 06:00:00,64386.5
2024-06-23 07:00:00,64415.27
2024-06-23 08:00:00,64395.43
2024-06-23 09:00:00,64418.81
2024-06-23 10:00:00,64305.6
2024-06-23 11:00:00,64341.45
2024-06-23 12:00:00,64375.99
2024-06-23 13:00:00,64297.79
2024-06-23 14:00:00,64192.01
2024-06-23 15:00:00,64094.0
2024-06-23 16:00:00,63927.49
2024-06-23 17:00:00,64120.39
2024-06-23 18:00:00,64111.98
2024-06-23 19:00:00,64149.78
2024-06-23 20:00:00,63740.01
2024-06-23 21:00:00,63844.67
2024-06-23 22:00:00,63657.99
2024-06-23 23:00:00,63210.01
2024-06-24 00:00:00,63080.0
2024-06-24 01:00:00,63315.99
2024-06-24 02:00:00,62880.94
2024-06-24 03:00:00,62862.0
2024-06-24 04:00:00,62840.97
2024-06-24 05:00:00,62314.01
2024-06-24 06:00:00,62405.0
2024-06-24 07:00:00,62456.0
2024-06-24 08:00:00,62730.92
2024-06-24 09:00:00,61402.28
2024-06-24 10:00:00,61167.15
2024-06-24 11:00:00,61291.95
2024-06-24 12:00:00,61215.21
2024-06-24 13:00:00,61569.2
2024-06-24 14:00:00,61303.41
2024-06-24 15:00:00,60843.99
2024-06-24 16:00:00,60168.01
2024-06-24 17:00:00,60244.89
2024-06-24 18:00:00,60412.01
2024-06-24 19:00:00,59306.72
2024-06-24 20:00:00,59514.0
2024-06-24 21:00:00,60119.24
2024-06-24 22:00:00,60048.98
2024-06-24 23:00:00,60293.3
2024-06-25 00:00:00,60409.11
2024-06-25 01:00:00,60492.0
2024-06-25 02:00:00,60676.01
2024-06-25 03:00:00,61302.59
2024-06-25 04:00:00,61371.27
2024-06-25 05:00:00,61024.01
2024-06-25 06:00:00,61139.67
2024-06-25 07:00:00,60685.16
2024-06-25 08:00:00,60860.12
2024-06-25 09:00:00,61468.01
2024-06-25 10:00:00,61317.17
2024-06-25 11:00:00,61187.64
2024-06-25 12:00:00,61048.51
2024-06-25 13:00:00,61200.0
2024-06-25 14:00:00,61763.44
2024-06-25 15:00:00,61810.0
2024-06-25 16:00:00,61390.01
2024-06-25 17:00:00,61381.44
2024-06-25 18:00:00,62159.09
2024-06-25 19:00:00,61975.46
2024-06-25 20:00:00,61924.01
2024-06-25 21:00:00,61916.53
2024-06-25 22:00:00,61909.99
2024-06-25 23:00:00,61806.01
2024-06-26 00:00:00,61767.72
2024-06-26 01:00:00,62090.01
2024-06-26 02:00:00,62028.01
2024-06-26 03:00:00,61936.07
2024-06-26 04:00:00,61712.96
2024-06-26 05:00:00,61562.01
2024-06-26 06:00:00,61577.21
2024-06-26 07:00:00,61720.02
2024-06-26 08:00:00,61472.48
2024-06-26 09:00:00,61376.73
2024-06-26 10:00:00,61264.3
2024-06-26 11:00:00,61445.26
2024-06-26 12:00:00,61431.47
2024-06-26 13:00:00,61760.0
2024-06-26 14:00:00,61728.13
2024-06-26 15:00:00,61467.86
2024-06-26 16:00:00,61274.01
2024-06-26 17:00:00,61242.0
2024-06-26 18:00:00,60910.02
2024-06-26 19:00:00,61000.01
2024-06-26 20:00:00,60993.36
2024-06-26 21:00:00,61054.35
2024-06-26 22:00:00,60924.61
2024-06-26 23:00:00,60864.99
2024-06-27 00:00:00,60982.0
2024-06-27 01:00:00,61064.01
2024-06-27 02:00:00,61029.49
2024-06-27 03:00:00,61037.31
2024-06-27 04:00:00,61114.02
2024-06-27 05:00:00,60805.5
2024-06-27 06:00:00,60742.01
2024-06-27 07:00:00,60794.01
2024-06-27 08:00:00,60866.0
2024-06-27 09:00:00,61282.78
2024-06-27 10:00:00,61110.01
2024-06-27 11:00:00,61196.02
2024-06-27 12:00:00,61341.88
2024-06-27 13:00:00,61990.0
2024-06-27 14:00:00,61729.99
2024-06-27 15:00:00,61576.0
2024-06-27 16:00:00,61714.57
2024-06-27 17:00:00,61842.11
2024-06-27 18:00:00,61882.39
2024-06-27 19:00:00,61450.0
2024-06-27 20:00:00,61493.11
2024-06-27 21:00:00,61536.04
2024-06-27 22:00:00,61640.01
2024-06-27 23:00:00,61706.47
2024-06-28 00:00:00,61560.0
2024-06-28 01:00:00,62091.99
2024-06-28 02:00:00,61730.67
2024-06-28 03:00:00,61828.17
2024-06-28 04:00:00,61750.44
2024-06-28 05:00:00,61604.01
2024-06-28 06:00:00,61620.96
2024-06-28 07:00:00,61350.01
2024-06-28 08:00:00,61480.21
2024-06-28 09:00:00,61547.55
2024-06-28 10:00:00,61548.14
2024-06-28 11:00:00,61690.0
2024-06-28 12:00:00,61395.09
2024-06-28 13:00:00,61297.99
2024-06-28 14:00:00,60928.02
2024-06-28 15:00:00,61062.01
2024-06-28 16:00:00,60940.01
2024-06-28 17:00:00,60826.63
2024-06-28 18:00:00,60828.02
2024-06-28 19:00:00,60123.73
2024-06-28 20:00:00,60229.92
2024-06-28 21:00:00,60366.01
2024-06-28 22:00:00,60367.99
2024-06-28 23:00:00,60427.84
2024-06-29 00:00:00,60770.71
2024-06-29 01:00:00,60901.03
2024-06-29 02:00:00,60766.05
2024-06-29 03:00:00,60762.0
2024-06-29 04:00:00,60773.55
2024-06-29 05:00:00,60762.02
2024-06-29 06:00:00,60847.75
2024-06-29 07:00:00,61052.3
2024-06-29 08:00:00,60982.03
2024-06-29 09:00:00,60970.0
2024-06-29 10:00:00,60994.36
2024-06-29 11:00:00,61102.33
2024-06-29 12:00:00,61045.43
2024-06-29 13:00:00,61102.98
2024-06-29 14:00:00,61018.01
2024-06-29 15:00:00,61106.0
2024-06-29 16:00:00,61009.91
2024-06-29 17:00:00,61040.77
2024-06-29 18:00:00,61059.04
2024-06-29 19:00:00,61057.39
2024-06-29 20:00:00,61050.0
2024-06-29 21:00:00,61044.99
2024-06-29 22:00:00,60970.0
2024-06-29 23:00:00,60986.68
2024-06-30 00:00:00,61024.55
2024-06-30 01:00:00,60961.99
2024-06-30 02:00:00,60834.27
2024-06-30 03:00:00,60898.32
2024-06-30 04:00:00,60777.55
2024-06-30 05:00:00,60789.26
2024-06-30 06:00:00,61040.18
2024-06-30 07:00:00,61528.01
2024-06-30 08:00:00,61556.01
2024-06-30 09:00:00,61529.7
2024-06-30 10:00:00,61540.0
2024-06-30 11:00:00,61560.0
2024-06-30 12:00:00,61496.0
2024-06-30 13:00:00,61719.61
2024-06-30 14:00:00,61587.11
2024-06-30 15:00:00,61717.9
2024-06-30 16:00:00,61603.54
2024-06-30 17:00:00,61707.99
2024-06-30 18:00:00,62055.31
2024-06-30 19:00:00,62026.83
2024-06-30 20:00:00,61990.01
2024-06-30 21:00:00,61940.01
2024-06-30 22:00:00,62901.01
2024-06-30 23:00:00,62772.01
2024-07-01 00:00:00,62931.99
2024-07-01 01:00:00,63640.82
2024-07-01 02:00:00,63435.86
2024-07-01 03:00:00,63437.69
2024-07-01 04:00:00,63279.79
2024-07-01 05:00:00,63432.94
2024-07-01 06:00:00,63404.0
2024-07-01 07:00:00,63277.84
2024-07-01 08:00:00,62923.91
2024-07-01 09:00:00,62938.97
2024-07-01 10:00:00,62852.24
2024-07-01 11:00:00,62662.09
2024-07-01 12:00:00,62882.0
2024-07-01 13:00:00,62685.27
2024-07-01 14:00:00,62826.02
2024-07-01 15:00:00,63132.9
2024-07-01 16:00:00,63119.33
2024-07-01 17:00:00,63697.66
2024-07-01 18:00:00,63649.99
2024-07-01 19:00:00,63226.78
2024-07-01 20:00:00,63292.53
2024-07-01 21:00:00,63130.01
2024-07-01 22:00:00,62975.1
2024-07-01 23:00:00,62899.99
2024-07-02 00:00:00,62926.65
2024-07-02 01:00:00,62926.0
2024-07-02 02:00:00,62999.56
2024-07-02 03:00:00,63138.67
2024-07-02 04:00:00,63038.01
2024-07-02 05:00:00,63024.0
2024-07-02 06:00:00,62866.0
2024-07-02 07:00:00,62629.99
2024-07-02 08:00:00,62670.01
2024-07-02 09:00:00,62650.01
2024-07-02 10:00:00,62715.98
2024-07-02 11:00:00,62832.01
2024-07-02 12:00:00,62878.45
2024-07-02 13:00:00,62626.92
2024-07-02 14:00:00,62035.43
2024-07-02 15:00:00,61948.08
2024-07-02 16:00:00,61920.89
2024-07-02 17:00:00,62147.98
2024-07-02 18:00:00,62330.01
2024-07-02 19:00:00,61939.1
2024-07-02 20:00:00,62012.01
2024-07-02 21:00:00,61958.02
2024-07-02 22:00:00,62090.01
2024-07-02 23:00:00,62135.47
2024-07-03 00:00:00,62094.02
2024-07-03 01:00:00,61617.91
2024-07-03 02:00:00,61362.0
2024-07-03 03:00:00,60987.99
2024-07-03 04:00:00,60883.9
2024-07-03 05:00:00,61121.52
2024-07-03 06:00:00,61014.0
2024-07-03 07:00:00,60870.01
2024-07-03 08:00:00,60497.59
2024-07-03 09:00:00,60606.01
2024-07-03 10:00:00,60383.99
2024-07-03 11:00:00,60386.01
2024-07-03 12:00:00,60028.01
2024-07-03 13:00:00,60589.99
2024-07-03 14:00:00,60281.15
2024-07-03 15:00:00,60186.25
2024-07-03 16:00:00,60495.98
2024-07-03 17:00:00,60371.34
2024-07-03 18:00:00,60248.01
2024-07-03 19:00:00,59671.1
2024-07-03 20:00:00,59609.26
2024-07-03 21:00:00,60247.59
2024-07-03 22:00:00,60316.01
2024-07-03 23:00:00,60208.58
2024-07-04 00:00:00,60430.01
2024-07-04 01:00:00,58561.1
2024-07-04 02:00:00,58972.13
2024-07-04 03:00:00,59102.0
2024-07-04 04:00:00,58968.36
2024-07-04 05:00:00,58902.0
2024-07-04 06:00:00,58795.99
2024-07-04 07:00:00,58219.99
2024-07-04 08:00:00,57688.46
2024-07-04 09:00:00,57748.0
2024-07-04 10:00:00,57946.43
2024-07-04 11:00:00,57761.94
2024-07-04 12:00:00,57247.98
2024-07-04 13:00:00,57420.02
2024-07-04 14:00:00,57450.25
2024-07-04 15:00:00,58140.0
2024-07-04 16:00:00,58304.59
2024-07-04 17:00:00,58240.0
2024-07-04 18:00:00,58168.0
2024-07-04 19:00:00,58283.62
2024-07-04 20:00:00,58358.99
2024-07-04 21:00:00,58494.01
2024-07-04 22:00:00,58038.84
2024-07-04 23:00:00,57050.01
2024-07-05 00:00:00,57375.99
2024-07-05 01:00:00,57172.01
2024-07-05 02:00:00,55766.32
2024-07-05 03:00:00,55227.99
2024-07-05 04:00:00,53941.1
2024-07-05 05:00:00,54806.02
2024-07-05 06:00:00,54283.99
2024-07-05 07:00:00,54415.05
2024-07-05 08:00:00,54088.0
2024-07-05 09:00:00,54528.0
2024-07-05 10:00:00,54987.99
2024-07-05 11:00:00,55486.5
2024-07-05 12:00:00,55052.81
2024-07-05 13:00:00,55829.99
2024-07-05 14:00:00,55753.98
2024-07-05 15:00:00,56662.0
2024-07-05 16:00:00,56448.15
2024-07-05 17:00:00,56453.18
2024-07-05 18:00:00,56546.16
2024-07-05 19:00:00,56465.42
2024-07-05 20:00:00,56351.1
2024-07-05 21:00:00,56517.61
2024-07-05 22:00:00,56621.09
2024-07-05 23:00:00,56628.79
2024-07-06 00:00:00,56601.1
2024-07-06 01:00:00,56219.64
2024-07-06 02:00:00,56440.0
2024-07-06 03:00:00,56410.0
2024-07-06 04:00:00,56059.49
2024-07-06 05:00:00,56362.54
2024-07-06 06:00:00,56417.35
2024-07-06 07:00:00,56606.0
2024-07-06 08:00:00,56557.81
2024-07-06 09:00:00,56766.0
2024-07-06 10:00:00,56780.0
2024-07-06 11:00:00,56731.42
2024-07-06 12:00:00,56755.47
2024-07-06 13:00:00,56991.1
2024-07-06 14:00:00,57058.91
2024-07-06 15:00:00,57317.98
2024-07-06 16:00:00,57852.62
2024-07-06 17:00:00,57965.19
2024-07-06 18:00:00,57786.98
2024-07-06 19:00:00,57857.99
2024-07-06 20:00:00,57971.99
2024-07-06 21:00:00,57868.01
2024-07-06 22:00:00,58106.46
2024-07-06 23:00:00,58230.13
2024-07-07 00:00:00,57931.79
2024-07-07 01:00:00,58114.0
2024-07-07 02:00:00,58359.99
2024-07-07 03:00:00,57963.45
2024-07-07 04:00:00,57598.0
2024-07-07 05:00:00,57648.0
2024-07-07 06:00:00,57646.15
2024-07-07 07:00:00,57369.99
2024-07-07 08:00:00,57650.45
2024-07-07 09:00:00,57733.4
2024-07-07 10:00:00,57510.2
2024-07-07 11:00:00,57460.0
2024-07-07 12:00:00,57341.09
2024-07-07 13:00:00,56872.0
2024-07-07 14:00:00,56771.51
2024-07-07 15:00:00,56825.42
2024-07-07 16:00:00,57122.0
2024-07-07 17:00:00,57231.1
2024-07-07 18:00:00,57172.01
2024-07-07 19:00:00,57151.1
2024-07-07 20:00:00,57274.18
2024-07-07 21:00:00,56596.0
2024-07-07 22:00:00,56395.54
2024-07-07 23:00:00,55857.81
2024-07-08 00:00:00,55094.0
2024-07-08 01:00:00,54958.19
2024-07-08 02:00:00,55384.79
2024-07-08 03:00:00,55160.01
2024-07-08 04:00:00,55496.0
2024-07-08 05:00:00,55478.7
2024-07-08 06:00:00,55633.98
2024-07-08 07:00:00,55852.01
2024-07-08 08:00:00,57792.0
2024-07-08 09:00:00,57512.14
2024-07-08 10:00:00,56815.98
2024-07-08 11:00:00,57154.01
2024-07-08 12:00:00,57151.11
2024-07-08 13:00:00,57236.01
2024-07-08 14:00:00,56185.24
2024-07-08 15:00:00,55761.52
2024-07-08 16:00:00,55812.0
2024-07-08 17:00:00,56287.38
2024-07-08 18:00:00,56280.32
2024-07-08 19:00:00,56477.31
2024-07-08 20:00:00,56259.9
2024-07-08 21:00:00,56642.47
2024-07-08 22:00:00,56684.48
2024-07-08 23:00:00,56714.62
2024-07-09 00:00:00,56531.05
2024-07-09 01:00:00,56560.39
2024-07-09 02:00:00,57261.9
2024-07-09 03:00:00,57168.36
2024-07-09 04:00:00,57286.0
2024-07-09 05:00:00,57291.49
2024-07-09 06:00:00,57475.99
2024-07-09 07:00:00,57116.84
2024-07-09 08:00:00,57615.54
2024-07-09 09:00:00,57588.01
2024-07-09 10:00:00,57426.46
2024-07-09 11:00:00,57428.01
2024-07-09 12:00:00,57338.01
2024-07-09 13:00:00,57325.27
2024-07-09 14:00:00,57060.0
2024-07-09 15:00:00,57477.01
2024-07-09 16:00:00,57690.01
2024-07-09 17:00:00,57523.01
2024-07-09 18:00:00,57907.5
2024-07-09 19:00:00,57862.01
2024-07-09 20:00:00,57929.25
2024-07-09 21:00:00,57800.01
2024-07-09 22:00:00,57936.0
2024-07-09 23:00:00,58050.0
2024-07-10 00:00:00,57486.37
2024-07-10 01:00:00,57798.89
2024-07-10 02:00:00,57882.55
2024-07-10 03:00:00,58180.01
2024-07-10 04:00:00,59347.44
2024-07-10 05:00:00,58975.01
2024-07-10 06:00:00,59238.47
2024-07-10 07:00:00,58977.99
2024-07-10 08:00:00,58756.01
2024-07-10 09:00:00,58490.0
2024-07-10 10:00:00,58656.01
2024-07-10 11:00:00,58492.0
2024-07-10 12:00:00,58150.44
2024-07-10 13:00:00,57760.0
2024-07-10 14:00:00,57713.03
2024-07-10 15:00:00,57699.69
2024-07-10 16:00:00,57696.73
2024-07-10 17:00:00,57627.81
2024-07-10 18:00:00,57630.16
2024-07-10 19:00:00,57392.03
2024-07-10 20:00:00,57409.23
2024-07-10 21:00:00,57434.41
2024-07-10 22:00:00,57710.73
2024-07-10 23:00:00,57725.85
2024-07-11 00:00:00,57628.89
2024-07-11 01:00:00,58280.35
2024-07-11 02:00:00,57869.99
2024-07-11 03:00:00,57568.0
2024-07-11 04:00:00,57779.99
2024-07-11 05:00:00,57994.01
2024-07-11 06:00:00,57996.0
2024-07-11 07:00:00,58191.5
2024-07-11 08:00:00,58159.09
2024-07-11 09:00:00,58290.13
2024-07-11 10:00:00,58462.29
2024-07-11 11:00:00,58777.99
2024-07-11 12:00:00,58816.35
2024-07-11 13:00:00,58566.16
2024-07-11 14:00:00,57790.01
2024-07-11 15:00:00,57402.01
2024-07-11 16:00:00,57640.84
2024-07-11 17:00:00,57797.32
2024-07-11 18:00:00,57841.27
2024-07-11 19:00:00,57378.01
2024-07-11 20:00:00,57554.0
2024-07-11 21:00:00,57460.02
2024-07-11 22:00:00,57338.58
2024-07-11 23:00:00,57339.89
2024-07-12 00:00:00,57178.0
2024-07-12 01:00:00,56950.01
2024-07-12 02:00:00,57332.88
2024-07-12 03:00:00,56914.01
2024-07-12 04:00:00,57018.0
2024-07-12 05:00:00,57026.0
2024-07-12 06:00:00,57210.0
2024-07-12 07:00:00,57106.94
2024-07-12 08:00:00,57323.02
2024-07-12 09:00:00,56949.99
2024-07-12 10:00:00,57172.84
2024-07-12 11:00:00,57203.54
2024-07-12 12:00:00,57382.3
2024-07-12 13:00:00,57850.2
2024-07-12 14:00:00,57820.01
2024-07-12 15:00:00,58214.0
2024-07-12 16:00:00,58116.01
2024-07-12 17:00:00,58161.82
2024-07-12 18:00:00,58296.9
2024-07-12 19:00:00,57576.01
2024-07-12 20:00:00,57542.01
2024-07-12 21:00:00,57597.03
2024-07-12 22:00:00,57792.01
2024-07-12 23:00:00,57889.1
2024-07-13 00:00:00,57835.58
2024-07-13 01:00:00,57880.0
2024-07-13 02:00:00,57946.43
2024-07-13 03:00:00,57814.0
2024-07-13 04:00:00,57775.86
2024-07-13 05:00:00,58076.02
2024-07-13 06:00:00,58038.55
2024-07-13 07:00:00,58170.32
2024-07-13 08:00:00,57949.93
2024-07-13 09:00:00,58678.02
2024-07-13 10:00:00,58436.67
2024-07-13 11:00:00,58534.0
2024-07-13 12:00:00,58768.01
2024-07-13 13:00:00,58617.72
2024-07-13 14:00:00,58800.0
2024-07-13 15:00:00,58830.63
2024-07-13 16:00:00,58621.99
2024-07-13 17:00:00,58708.0
2024-07-13 18:00:00,58643.8
2024-07-13 19:00:00,58624.38
2024-07-13 20:00:00,58596.01
2024-07-13 21:00:00,58686.0
2024-07-13 22:00:00,59464.53
2024-07-13 23:00:00,59204.02
2024-07-14 00:00:00,59753.99
2024-07-14 01:00:00,59705.99
2024-07-14 02:00:00,59356.0
2024-07-14 03:00:00,59466.15
2024-07-14 04:00:00,59950.0
2024-07-14 05:00:00,60265.38
2024-07-14 06:00:00,59875.99
2024-07-14 07:00:00,60062.01
2024-07-14 08:00:00,60202.0
2024-07-14 09:00:00,60186.01
2024-07-14 10:00:00,59920.51
2024-07-14 11:00:00,60099.1
2024-07-14 12:00:00,59583.86
2024-07-14 13:00:00,59701.93
2024-07-14 14:00:00,60012.0
2024-07-14 15:00:00,60084.0
2024-07-14 16:00:00,60107.33
2024-07-14 17:00:00,60005.56
2024-07-14 18:00:00,60020.11
2024-07-14 19:00:00,59915.99
2024-07-14 20:00:00,60084.0
2024-07-14 21:00:00,61276.36
2024-07-14 22:00:00,60861.4
2024-07-14 23:00:00,60797.91
2024-07-15 00:00:00,61211.99
2024-07-15 01:00:00,61390.0
2024-07-15 02:00:00,62482.0
2024-07-15 03:00:00,62647.87
2024-07-15 04:00:00,62610.0
2024-07-15 05:00:00,62799.99
2024-07-15 06:00:00,62870.02
2024-07-15 07:00:00,62840.12
2024-07-15 08:00:00,62879.54
2024-07-15 09:00:00,62637.64
2024-07-15 10:00:00,62535.96
2024-07-15 11:00:00,62454.0
2024-07-15 12:00:00,62616.0
2024-07-15 13:00:00,62908.01
2024-07-15 14:00:00,63218.06
2024-07-15 15:00:00,63026.0
2024-07-15 16:00:00,63411.77
2024-07-15 17:00:00,63081.97
2024-07-15 18:00:00,63499.0
2024-07-15 19:00:00,63342.0
2024-07-15 20:00:00,63731.36
2024-07-15 21:00:00,63532.44
2024-07-15 22:00:00,64343.6
2024-07-15 23:00:00,64724.14
2024-07-16 00:00:00,64611.44
2024-07-16 01:00:00,64848.08
2024-07-16 02:00:00,64819.91
2024-07-16 03:00:00,64752.14
2024-07-16 04:00:00,64487.01
2024-07-16 05:00:00,63654.92
2024-07-16 06:00:00,62899.64
2024-07-16 07:00:00,62895.01
2024-07-16 08:00:00,62820.67
2024-07-16 09:00:00,63187.54
2024-07-16 10:00:00,63443.54
2024-07-16 11:00:00,63746.11
2024-07-16 12:00:00,63743.31
2024-07-16 13:00:00,63419.99
2024-07-16 14:00:00,63836.09
2024-07-16 15:00:00,64878.24
2024-07-16 16:00:00,64500.0
2024-07-16 17:00:00,64547.52
2024-07-16 18:00:00,64795.44
2024-07-16 19:00:00,65165.43
2024-07-16 20:00:00,64651.82
2024-07-16 21:00:00,64500.01
2024-07-16 22:00:00,64616.92
2024-07-16 23:00:00,65043.99
2024-07-17 00:00:00,65505.41
2024-07-17 01:00:00,65670.19
2024-07-17 02:00:00,65612.86
2024-07-17 03:00:00,65701.66
2024-07-17 04:00:00,65830.0
2024-07-17 05:00:00,65624.01
2024-07-17 06:00:00,65575.87
2024-07-17 07:00:00,65258.0
2024-07-17 08:00:00,65179.63
2024-07-17 09:00:00,65331.98
2024-07-17 10:00:00,65120.02
2024-07-17 11:00:00,64723.73
2024-07-17 12:00:00,64730.72
2024-07-17 13:00:00,65141.95
2024-07-17 14:00:00,65032.09
2024-07-17 15:00:00,64724.01
2024-07-17 16:00:00,64242.0
2024-07-17 17:00:00,64278.83
2024-07-17 18:00:00,64504.0
2024-07-17 19:00:00,64585.78
2024-07-17 20:00:00,64510.31
2024-07-17 21:00:00,64318.0
2024-07-17 22:00:00,64269.2
2024-07-17 23:00:00,64087.99
2024-07-18 00:00:00,64443.54
2024-07-18 01:00:00,64678.99
2024-07-18 02:00:00,64701.35
2024-07-18 03:00:00,64865.08
2024-07-18 04:00:00,64574.0
2024-07-18 05:00:00,64756.77
2024-07-18 06:00:00,65000.01
2024-07-18 07:00:00,64668.0
2024-07-18 08:00:00,64936.9
2024-07-18 09:00:00,64865.99
2024-07-18 10:00:00,64609.99
2024-07-18 11:00:00,64758.0
2024-07-18 12:00:00,64850.66
2024-07-18 13:00:00,64594.2
2024-07-18 14:00:00,63995.4
2024-07-18 15:00:00,63538.12
2024-07-18 16:00:00,63904.0
2024-07-18 17:00:00,63555.52
2024-07-18 18:00:00,63520.01
2024-07-18 19:00:00,63555.0
2024-07-18 20:00:00,63826.01
2024-07-18 21:00:00,63850.0
2024-07-18 22:00:00,64032.0
2024-07-18 23:00:00,63987.92
2024-07-19 00:00:00,63600.0
2024-07-19 01:00:00,63816.0
2024-07-19 02:00:00,63828.0
2024-07-19 03:00:00,64325.0
2024-07-19 04:00:00,64141.92
2024-07-19 05:00:00,64164.0
2024-07-19 06:00:00,64210.01
2024-07-19 07:00:00,63694.01
2024-07-19 08:00:00,63809.0
2024-07-19 09:00:00,63700.0
2024-07-19 10:00:00,63994.01
2024-07-19 11:00:00,64116.0
2024-07-19 12:00:00,64414.0
2024-07-19 13:00:00,65135.9
2024-07-19 14:00:00,65747.04
2024-07-19 15:00:00,65836.77
2024-07-19 16:00:00,66419.43
2024-07-19 17:00:00,66755.42
2024-07-19 18:00:00,66787.99
2024-07-19 19:00:00,67157.26
2024-07-19 20:00:00,66931.8
2024-07-19 21:00:00,66892.28
2024-07-19 22:00:00,66721.19
2024-07-19 23:00:00,66660.0
2024-07-20 00:00:00,66419.88
2024-07-20 01:00:00,66361.99
2024-07-20 02:00:00,66570.57
2024-07-20 03:00:00,66602.01
2024-07-20 04:00:00,66660.84
2024-07-20 05:00:00,66537.32
2024-07-20 06:00:00,66625.77
2024-07-20 07:00:00,66562.28
2024-07-20 08:00:00,66510.71
2024-07-20 09:00:00,66582.79
2024-07-20 10:00:00,66524.99
2024-07-20 11:00:00,66483.69
2024-07-20 12:00:00,66476.28
2024-07-20 13:00:00,66539.89
2024-07-20 14:00:00,66590.0
2024-07-20 15:00:00,66825.0
2024-07-20 16:00:00,66804.91
2024-07-20 17:00:00,67403.01
2024-07-20 18:00:00,67467.99
2024-07-20 19:00:00,67224.0
2024-07-20 20:00:00,67339.28
2024-07-20 21:00:00,67092.41
2024-07-20 22:00:00,67114.0
2024-07-20 23:00:00,67139.96
2024-07-21 00:00:00,67066.02
2024-07-21 01:00:00,67276.33
2024-07-21 02:00:00,67287.01
2024-07-21 03:00:00,67171.33
2024-07-21 04:00:00,67040.01
2024-07-21 05:00:00,67046.0
2024-07-21 06:00:00,66721.99
2024-07-21 07:00:00,66701.99
2024-07-21 08:00:00,66796.01
2024-07-21 09:00:00,66976.0
2024-07-21 10:00:00,66798.87
2024-07-21 11:00:00,66879.99
2024-07-21 12:00:00,66928.02
2024-07-21 13:00:00,66760.01
2024-07-21 14:00:00,67290.76
2024-07-21 15:00:00,67164.0
2024-07-21 16:00:00,67554.0
2024-07-21 17:00:00,66648.01
2024-07-21 18:00:00,66864.42
2024-07-21 19:00:00,67422.02
2024-07-21 20:00:00,67723.91
2024-07-21 21:00:00,68193.99
2024-07-21 22:00:00,68012.0
2024-07-21 23:00:00,68165.34
2024-07-22 00:00:00,68188.01
2024-07-22 01:00:00,67850.01
2024-07-22 02:00:00,68070.62
2024-07-22 03:00:00,67880.01
2024-07-22 04:00:00,67923.98
2024-07-22 05:00:00,67626.01
2024-07-22 06:00:00,67412.0
2024-07-22 07:00:00,67236.0
2024-07-22 08:00:00,67080.48
2024-07-22 09:00:00,67427.22
2024-07-22 10:00:00,67422.01
2024-07-22 11:00:00,67516.01
2024-07-22 12:00:00,67697.11
2024-07-22 13:00:00,67098.0
2024-07-22 14:00:00,66712.0
2024-07-22 15:00:00,67063.87
2024-07-22 16:00:00,67052.0
2024-07-22 17:00:00,67468.0
2024-07-22 18:00:00,67445.49
2024-07-22 19:00:00,68232.07
2024-07-22 20:00:00,68124.0
2024-07-22 21:00:00,67841.6
2024-07-22 22:00:00,67635.01
2024-07-22 23:00:00,67532.01
2024-07-23 00:00:00,67490.01
2024-07-23 01:00:00,67410.01
2024-07-23 02:00:00,67647.65
2024-07-23 03:00:00,67473.99
2024-07-23 04:00:00,66936.0
2024-07-23 05:00:00,66428.0
2024-07-23 06:00:00,66519.34
2024-07-23 07:00:00,66576.0
2024-07-23 08:00:00,66888.0
2024-07-23 09:00:00,66938.2
2024-07-23 10:00:00,66870.01
2024-07-23 11:00:00,66676.01
2024-07-23 12:00:00,66504.68
2024-07-23 13:00:00,66092.01
2024-07-23 14:00:00,67227.8
2024-07-23 15:00:00,66584.01
2024-07-23 16:00:00,65857.99
2024-07-23 17:00:00,65940.29
2024-07-23 18:00:00,65860.0
2024-07-23 19:00:00,65536.01
2024-07-23 20:00:00,65836.01
2024-07-23 21:00:00,65872.0
2024-07-23 22:00:00,65917.99
2024-07-23 23:00:00,65936.01
2024-07-24 00:00:00,65784.7
2024-07-24 01:00:00,65666.01
2024-07-24 02:00:00,65878.16
2024-07-24 03:00:00,66052.71
2024-07-24 04:00:00,65860.0
2024-07-24 05:00:00,65814.01
2024-07-24 06:00:00,65898.0
2024-07-24 07:00:00,66078.0
2024-07-24 08:00:00,66437.01
2024-07-24 09:00:00,66398.1
2024-07-24 10:00:00,66491.53
2024-07-24 11:00:00,66367.99
2024-07-24 12:00:00,66215.1
2024-07-24 13:00:00,66344.0
2024-07-24 14:00:00,66760.01
2024-07-24 15:00:00,66176.0
2024-07-24 16:00:00,66394.0
2024-07-24 17:00:00,66586.01
2024-07-24 18:00:00,65754.0
2024-07-24 19:00:00,65652.0
2024-07-24 20:00:00,66044.01
2024-07-24 21:00:00,65647.05
2024-07-24 22:00:00,65288.01
2024-07-24 23:00:00,65376.0
2024-07-25 00:00:00,65514.8
2024-07-25 01:00:00,64478.0
2024-07-25 02:00:00,64208.01
2024-07-25 03:00:00,64093.59
2024-07-25 04:00:00,64220.0
2024-07-25 05:00:00,64263.01
2024-07-25 06:00:00,64324.01
2024-07-25 07:00:00,64134.0
2024-07-25 08:00:00,64352.01
2024-07-25 09:00:00,64306.71
2024-07-25 10:00:00,64165.68
2024-07-25 11:00:00,64096.0
2024-07-25 12:00:00,64124.0
2024-07-25 13:00:00,64050.01
2024-07-25 14:00:00,64835.0
2024-07-25 15:00:00,64790.88
2024-07-25 16:00:00,64868.0
2024-07-25 17:00:00,65051.98
2024-07-25 18:00:00,64568.0
2024-07-25 19:00:00,64692.01
2024-07-25 20:00:00,65298.01
2024-07-25 21:00:00,65838.0
2024-07-25 22:00:00,65644.0
2024-07-25 23:00:00,65799.95
2024-07-26 00:00:00,66384.0
2024-07-26 01:00:00,66430.01
2024-07-26 02:00:00,67014.01
2024-07-26 03:00:00,67042.01
2024-07-26 04:00:00,67075.83
2024-07-26 05:00:00,66924.0
2024-07-26 06:00:00,67062.01
2024-07-26 07:00:00,66890.56
2024-07-26 08:00:00,67106.01
2024-07-26 09:00:00,67296.01
2024-07-26 10:00:00,67304.01
2024-07-26 11:00:00,67322.0
2024-07-26 12:00:00,67314.01
2024-07-26 13:00:00,67887.88
2024-07-26 14:00:00,67328.01
2024-07-26 15:00:00,67560.01
2024-07-26 16:00:00,67396.0
2024-07-26 17:00:00,67372.0
2024-07-26 18:00:00,67573.75
2024-07-26 19:00:00,67990.0
2024-07-26 20:00:00,67435.17
2024-07-26 21:00:00,67946.01
2024-07-26 22:00:00,67926.0
2024-07-26 23:00:00,67907.99
2024-07-27 00:00:00,67872.27
2024-07-27 01:00:00,67657.99
2024-07-27 02:00:00,68028.0
2024-07-27 03:00:00,67798.0
2024-07-27 04:00:00,67866.01
2024-07-27 05:00:00,67895.21
2024-07-27 06:00:00,68092.89
2024-07-27 07:00:00,68036.68
2024-07-27 08:00:00,67986.0
2024-07-27 09:00:00,68217.21
2024-07-27 10:00:00,68155.41
2024-07-27 11:00:00,68209.88
2024-07-27 12:00:00,68400.0
2024-07-27 13:00:00,69226.01
2024-07-27 14:00:00,68981.69
2024-07-27 15:00:00,68844.0
2024-07-27 16:00:00,68684.01
2024-07-27 17:00:00,68540.01
2024-07-27 18:00:00,68542.76
2024-07-27 19:00:00,68246.0
2024-07-27 20:00:00,67791.22
2024-07-27 21:00:00,68860.0
2024-07-27 22:00:00,68619.97
2024-07-27 23:00:00,67896.5
2024-07-28 00:00:00,67958.0
2024-07-28 01:00:00,68090.01
2024-07-28 02:00:00,68149.45
2024-07-28 03:00:00,67940.95
2024-07-28 04:00:00,67338.0
2024-07-28 05:00:00,67422.0
2024-07-28 06:00:00,67486.01
2024-07-28 07:00:00,67560.86
2024-07-28 08:00:00,67380.0
2024-07-28 09:00:00,67433.65
2024-07-28 10:00:00,67560.01
2024-07-28 11:00:00,67836.0
2024-07-28 12:00:00,68000.01
2024-07-28 13:00:00,67988.01
2024-07-28 14:00:00,67746.0
2024-07-28 15:00:00,67645.0
2024-07-28 16:00:00,67680.01
2024-07-28 17:00:00,67988.47
2024-07-28 18:00:00,68236.01
2024-07-28 19:00:00,68112.0
2024-07-28 20:00:00,68007.99
2024-07-28 21:00:00,68021.93
2024-07-28 22:00:00,68010.24
2024-07-28 23:00:00,68249.88
2024-07-29 00:00:00,68714.01
2024-07-29 01:00:00,68547.99
2024-07-29 02:00:00,69559.0
2024-07-29 03:00:00,69347.67
2024-07-29 04:00:00,69368.0
2024-07-29 05:00:00,69662.07
2024-07-29 06:00:00,69588.01
2024-07-29 07:00:00,69528.01
2024-07-29 08:00:00,69457.5
2024-07-29 09:00:00,69520.0
2024-07-29 10:00:00,69620.0
2024-07-29 11:00:00,69580.01
2024-07-29 12:00:00,69799.38
2024-07-29 13:00:00,69273.6
2024-07-29 14:00:00,68228.01
2024-07-29 15:00:00,68104.0
2024-07-29 16:00:00,66940.01
2024-07-29 17:00:00,67015.08
2024-07-29 18:00:00,67419.99
2024-07-29 19:00:00,67303.05
2024-07-29 20:00:00,67369.99
2024-07-29 21:00:00,67500.0
2024-07-29 22:00:00,67227.36
2024-07-29 23:00:00,66784.69
2024-07-30 00:00:00,66610.0
2024-07-30 01:00:00,66211.33
2024-07-30 02:00:00,66418.01
2024-07-30 03:00:00,66610.0
2024-07-30 04:00:00,66808.04
2024-07-30 05:00:00,66484.01
2024-07-30 06:00:00,66766.01
2024-07-30 07:00:00,66952.0
2024-07-30 08:00:00,66772.01
2024-07-30 09:00:00,66608.01
2024-07-30 10:00:00,66581.87
2024-07-30 11:00:00,66574.01
2024-07-30 12:00:00,66668.0
2024-07-30 13:00:00,66381.99
2024-07-30 14:00:00,65810.0
2024-07-30 15:00:00,66216.01
2024-07-30 16:00:00,66180.01
2024-07-30 17:00:00,65868.01
2024-07-30 18:00:00,65824.01
2024-07-30 19:00:00,65931.02
2024-07-30 20:00:00,66186.01
2024-07-30 21:00:00,66304.0
2024-07-30 22:00:00,66222.0
2024-07-30 23:00:00,66188.0
2024-07-31 00:00:00,66344.0
2024-07-31 01:00:00,66296.0
2024-07-31 02:00:00,66122.16
2024-07-31 03:00:00,66058.0
2024-07-31 04:00:00,65804.0
2024-07-31 05:00:00,66175.52
2024-07-31 06:00:00,66459.99
2024-07-31 07:00:00,66224.0
2024-07-31 08:00:00,66312.01
2024-07-31 09:00:00,66262.0
2024-07-31 10:00:00,65992.0
2024-07-31 11:00:00,66094.01
2024-07-31 12:00:00,66153.82
2024-07-31 13:00:00,66508.0
2024-07-31 14:00:00,66440.0
2024-07-31 15:00:00,66379.99
2024-07-31 16:00:00,66362.0
2024-07-31 17:00:00,66686.0
2024-07-31 18:00:00,66527.99
2024-07-31 19:00:00,65256.83
2024-07-31 20:00:00,64595.81
2024-07-31 21:00:00,64978.0
2024-07-31 22:00:00,64980.01
2024-07-31 23:00:00,64628.0
2024-08-01 00:00:00,64645.9
2024-08-01 01:00:00,64202.0
2024-08-01 02:00:00,64110.01
2024-08-01 03:00:00,63936.01
2024-08-01 04:00:00,63740.41
2024-08-01 05:00:00,64303.99
2024-08-01 06:00:00,64226.0
2024-08-01 07:00:00,64328.59
2024-08-01 08:00:00,64507.17
2024-08-01 09:00:00,64466.0
2024-08-01 10:00:00,64584.55
2024-08-01 11:00:00,64674.25
2024-08-01 12:00:00,64883.98
2024-08-01 13:00:00,64754.03
2024-08-01 14:00:00,63935.83
2024-08-01 15:00:00,62906.6
2024-08-01 16:00:00,62908.0
2024-08-01 17:00:00,63220.0
2024-08-01 18:00:00,62954.0
2024-08-01 19:00:00,63422.01
2024-08-01 20:00:00,64760.0
2024-08-01 21:00:00,64889.03
2024-08-01 22:00:00,65184.37
2024-08-01 23:00:00,65354.02
2024-08-02 00:00:00,64897.99
2024-08-02 01:00:00,64647.99
2024-08-02 02:00:00,64359.91
2024-08-02 03:00:00,64609.18
2024-08-02 04:00:00,64531.99
2024-08-02 05:00:00,64170.01
2024-08-02 06:00:00,64477.21
2024-08-02 07:00:00,64164.07
2024-08-02 08:00:00,64598.01
2024-08-02 09:00:00,64511.99
2024-08-02 10:00:00,64764.93
2024-08-02 11:00:00,64660.01
2024-08-02 12:00:00,64846.0
2024-08-02 13:00:00,65229.99
2024-08-02 14:00:00,63157.95
2024-08-02 15:00:00,63416.01
2024-08-02 16:00:00,63307.38
2024-08-02 17:00:00,63098.01
2024-08-02 18:00:00,62898.25
2024-08-02 19:00:00,62633.57
2024-08-02 20:00:00,62622.01
2024-08-02 21:00:00,61987.01
2024-08-02 22:00:00,61386.01
2024-08-02 23:00:00,61498.33
2024-08-03 00:00:00,61132.01
2024-08-03 01:00:00,61342.01
2024-08-03 02:00:00,61450.01
2024-08-03 03:00:00,61895.99
2024-08-03 04:00:00,61566.25
2024-08-03 05:00:00,61693.99
2024-08-03 06:00:00,61827.89
2024-08-03 07:00:00,61662.01
2024-08-03 08:00:00,61629.68
2024-08-03 09:00:00,61735.99
2024-08-03 10:00:00,61822.01
2024-08-03 11:00:00,61919.38
2024-08-03 12:00:00,62002.71
2024-08-03 13:00:00,62007.99
2024-08-03 14:00:00,61990.0
2024-08-03 15:00:00,60879.0
2024-08-03 16:00:00,60912.01
2024-08-03 17:00:00,60576.0
2024-08-03 18:00:00,60243.97
2024-08-03 19:00:00,60246.0
2024-08-03 20:00:00,60395.97
2024-08-03 21:00:00,60648.0
2024-08-03 22:00:00,60629.84
2024-08-03 23:00:00,60697.99
2024-08-04 00:00:00,60747.0
2024-08-04 01:00:00,60743.58
2024-08-04 02:00:00,60886.95
2024-08-04 03:00:00,60735.0
2024-08-04 04:00:00,60564.12
2024-08-04 05:00:00,60792.0
2024-08-04 06:00:00,60819.61
2024-08-04 07:00:00,60373.99
2024-08-04 08:00:00,60565.41
2024-08-04 09:00:00,60708.0
2024-08-04 10:00:00,60812.01
2024-08-04 11:00:00,60896.0
2024-08-04 12:00:00,61062.0
2024-08-04 13:00:00,60822.01
2024-08-04 14:00:00,59586.7
2024-08-04 15:00:00,59086.01
2024-08-04 16:00:00,58663.9
2024-08-04 17:00:00,57864.43
2024-08-04 18:00:00,58770.6
2024-08-04 19:00:00,59257.66
2024-08-04 20:00:00,59158.0
2024-08-04 21:00:00,58459.98
2024-08-04 22:00:00,58715.83
2024-08-04 23:00:00,58161.0
2024-08-05 00:00:00,56174.02
2024-08-05 01:00:00,54432.65
2024-08-05 02:00:00,54697.98
2024-08-05 03:00:00,53890.87
2024-08-05 04:00:00,53528.01
2024-08-05 05:00:00,52718.0
2024-08-05 06:00:00,51588.0
2024-08-05 07:00:00,52674.19
2024-08-05 08:00:00,52752.0
2024-08-05 09:00:00,52667.8
2024-08-05 10:00:00,51386.0
2024-08-05 11:00:00,51340.0
2024-08-05 12:00:00,49804.0
2024-08-05 13:00:00,51951.0
2024-08-05 14:00:00,54061.68
2024-08-05 15:00:00,54321.09
2024-08-05 16:00:00,54039.11
2024-08-05 17:00:00,54707.99
2024-08-05 18:00:00,53096.84
2024-08-05 19:00:00,53470.09
2024-08-05 20:00:00,54393.85
2024-08-05 21:00:00,54372.01
2024-08-05 22:00:00,54695.87
2024-08-05 23:00:00,54018.81
2024-08-06 00:00:00,56038.0
2024-08-06 01:00:00,55723.98
2024-08-06 02:00:00,55845.44
2024-08-06 03:00:00,55665.73
2024-08-06 04:00:00,55493.98
2024-08-06 05:00:00,55925.97
2024-08-06 06:00:00,55782.0
2024-08-06 07:00:00,55999.99
2024-08-06 08:00:00,54992.0
2024-08-06 09:00:00,55211.99
2024-08-06 10:00:00,55062.0
2024-08-06 11:00:00,55210.01
2024-08-06 12:00:00,54772.01
2024-08-06 13:00:00,55204.0
2024-08-06 14:00:00,56132.01
2024-08-06 15:00:00,56405.99
2024-08-06 16:00:00,56775.52
2024-08-06 17:00:00,56494.0
2024-08-06 18:00:00,56729.99
2024-08-06 19:00:00,56765.48
2024-08-06 20:00:00,56541.99
2024-08-06 21:00:00,56458.01
2024-08-06 22:00:00,56200.26
2024-08-06 23:00:00,56022.01
2024-08-07 00:00:00,56269.99
2024-08-07 01:00:00,56965.99
2024-08-07 02:00:00,56762.01
2024-08-07 03:00:00,56862.0
2024-08-07 04:00:00,57048.02
2024-08-07 05:00:00,56796.01
2024-08-07 06:00:00,56838.57
2024-08-07 07:00:00,56920.91
2024-08-07 08:00:00,57348.0
2024-08-07 09:00:00,57350.01
2024-08-07 10:00:00,57323.0
2024-08-07 11:00:00,56963.38
2024-08-07 12:00:00,57292.0
2024-08-07 13:00:00,56834.0
2024-08-07 14:00:00,56085.83
2024-08-07 15:00:00,56094.5
2024-08-07 16:00:00,56125.47
2024-08-07 17:00:00,55570.59
2024-08-07 18:00:00,54805.01
2024-08-07 19:00:00,54759.22
2024-08-07 20:00:00,55141.31
2024-08-07 21:00:00,55416.0
2024-08-07 22:00:00,55284.01
2024-08-07 23:00:00,55134.16
2024-08-08 00:00:00,55300.0
2024-08-08 01:00:00,56868.0
2024-08-08 02:00:00,57364.0
2024-08-08 03:00:00,57049.74
2024-08-08 04:00:00,56765.34
2024-08-08 05:00:00,56955.62
2024-08-08 06:00:00,57216.0
2024-08-08 07:00:00,57193.49
2024-08-08 08:00:00,57230.0
2024-08-08 09:00:00,57339.19
2024-08-08 10:00:00,57377.09
2024-08-08 11:00:00,57320.51
2024-08-08 12:00:00,57924.62
2024-08-08 13:00:00,57266.73
2024-08-08 14:00:00,58922.25
2024-08-08 15:00:00,59428.03
2024-08-08 16:00:00,59568.56
2024-08-08 17:00:00,59469.88
2024-08-08 18:00:00,59328.09
2024-08-08 19:00:00,59414.51
2024-08-08 20:00:00,59506.29
2024-08-08 21:00:00,61173.69
2024-08-08 22:00:00,62332.0
2024-08-08 23:00:00,61685.99
2024-08-09 00:00:00,61214.0
2024-08-09 01:00:00,61400.0
2024-08-09 02:00:00,61235.51
2024-08-09 03:00:00,61358.39
2024-08-09 04:00:00,60720.01
2024-08-09 05:00:00,60989.0
2024-08-09 06:00:00,60890.01
2024-08-09 07:00:00,60863.57
2024-08-09 08:00:00,61095.73
2024-08-09 09:00:00,60759.99
2024-08-09 10:00:00,60600.01
2024-08-09 11:00:00,60655.24
2024-08-09 12:00:00,60551.99
2024-08-09 13:00:00,60450.01
2024-08-09 14:00:00,60341.07
2024-08-09 15:00:00,59810.23
2024-08-09 16:00:00,60432.65
2024-08-09 17:00:00,60197.5
2024-08-09 18:00:00,60314.23
2024-08-09 19:00:00,60681.42
2024-08-09 20:00:00,60745.96
2024-08-09 21:00:00,60732.01
2024-08-09 22:00:00,60763.58
2024-08-09 23:00:00,60837.99
2024-08-10 00:00:00,60541.92
2024-08-10 01:00:00,60464.0
2024-08-10 02:00:00,60536.25
2024-08-10 03:00:00,60437.84
2024-08-10 04:00:00,60413.49
2024-08-10 05:00:00,60355.46
2024-08-10 06:00:00,60458.0
2024-08-10 07:00:00,60842.0
2024-08-10 08:00:00,60733.58
2024-08-10 09:00:00,60896.5
2024-08-10 10:00:00,60788.01
2024-08-10 11:00:00,60920.88
2024-08-10 12:00:00,60722.81
2024-08-10 13:00:00,60431.56
2024-08-10 14:00:00,60585.38
2024-08-10 15:00:00,60515.89
2024-08-10 16:00:00,60672.59
2024-08-10 17:00:00,60767.8
2024-08-10 18:00:00,60953.38
2024-08-10 19:00:00,61016.45
2024-08-10 20:00:00,60986.19
2024-08-10 21:00:00,61075.99
2024-08-10 22:00:00,60930.27
2024-08-10 23:00:00,60923.51
2024-08-11 00:00:00,61095.15
2024-08-11 01:00:00,61112.1
2024-08-11 02:00:00,61026.78
2024-08-11 03:00:00,61085.01
2024-08-11 04:00:00,60895.99
2024-08-11 05:00:00,61114.29
2024-08-11 06:00:00,61120.01
2024-08-11 07:00:00,61257.0
2024-08-11 08:00:00,61260.42
2024-08-11 09:00:00,61110.0
2024-08-11 10:00:00,61037.63
2024-08-11 11:00:00,60669.15
2024-08-11 12:00:00,60492.09
2024-08-11 13:00:00,60457.54
2024-08-11 14:00:00,60350.0
2024-08-11 15:00:00,60127.29
2024-08-11 16:00:00,60182.2
2024-08-11 17:00:00,60265.07
2024-08-11 18:00:00,60263.11
2024-08-11 19:00:00,59621.11
2024-08-11 20:00:00,58504.92
2024-08-11 21:00:00,59009.8
2024-08-11 22:00:00,58996.0
2024-08-11 23:00:00,58712.59
2024-08-12 00:00:00,58450.0
2024-08-12 01:00:00,58584.01
2024-08-12 02:00:00,58717.25
2024-08-12 03:00:00,58509.5
2024-08-12 04:00:00,58523.83
2024-08-12 05:00:00,58571.57
2024-08-12 06:00:00,58403.76
2024-08-12 07:00:00,58674.61
2024-08-12 08:00:00,58317.43
2024-08-12 09:00:00,58296.67
2024-08-12 10:00:00,58969.6
2024-08-12 11:00:00,59851.7
2024-08-12 12:00:00,59728.23
2024-08-12 13:00:00,58157.55
2024-08-12 14:00:00,60299.98
2024-08-12 15:00:00,60207.37
2024-08-12 16:00:00,59608.06
2024-08-12 17:00:00,59296.11
2024-08-12 18:00:00,58526.78
2024-08-12 19:00:00,59043.98
2024-08-12 20:00:00,58841.96
2024-08-12 21:00:00,58969.44
2024-08-12 22:00:00,59051.68
2024-08-12 23:00:00,59346.64
2024-08-13 00:00:00,59798.17
2024-08-13 01:00:00,59740.0
2024-08-13 02:00:00,59481.99
2024-08-13 03:00:00,59040.0
2024-08-13 04:00:00,59219.99
2024-08-13 05:00:00,59211.99
2024-08-13 06:00:00,59368.0
2024-08-13 07:00:00,59238.05
2024-08-13 08:00:00,59099.98
2024-08-13 09:00:00,58946.01
2024-08-13 10:00:00,58672.1
2024-08-13 11:00:00,58830.0
2024-08-13 12:00:00,59124.0
2024-08-13 13:00:00,59395.25
2024-08-13 14:00:00,59643.63
2024-08-13 15:00:00,59472.26
2024-08-13 16:00:00,61157.59
2024-08-13 17:00:00,61167.58
2024-08-13 18:00:00,60795.41
2024-08-13 19:00:00,60820.15
2024-08-13 20:00:00,60569.14
2024-08-13 21:00:00,61030.03
2024-08-13 22:00:00,60585.14
2024-08-13 23:00:00,60587.15
2024-08-14 00:00:00,60786.85
2024-08-14 01:00:00,60520.4
2024-08-14 02:00:00,60805.49
2024-08-14 03:00:00,60952.83
2024-08-14 04:00:00,60943.51
2024-08-14 05:00:00,60834.64
2024-08-14 06:00:00,60861.5
2024-08-14 07:00:00,60914.02
2024-08-14 08:00:00,60896.0
2024-08-14 09:00:00,60857.21
2024-08-14 10:00:00,61100.0
2024-08-14 11:00:00,61296.87
2024-08-14 12:00:00,61064.53
2024-08-14 13:00:00,59611.92
2024-08-14 14:00:00,59502.67
2024-08-14 15:00:00,59435.69
2024-08-14 16:00:00,59131.99
2024-08-14 17:00:00,59168.36
2024-08-14 18:00:00,58990.05
2024-08-14 19:00:00,58891.13
2024-08-14 20:00:00,59149.16
2024-08-14 21:00:00,58913.56
2024-08-14 22:00:00,58986.0
2024-08-14 23:00:00,58683.39
2024-08-15 00:00:00,58993.99
2024-08-15 01:00:00,58204.93
2024-08-15 02:00:00,58412.25
2024-08-15 03:00:00,58442.98
2024-08-15 04:00:00,58388.71
2024-08-15 05:00:00,58315.01
2024-08-15 06:00:00,58101.44
2024-08-15 07:00:00,58060.37
2024-08-15 08:00:00,58378.3
2024-08-15 09:00:00,58412.64
2024-08-15 10:00:00,58361.9
2024-08-15 11:00:00,58745.36
2024-08-15 12:00:00,58800.26
2024-08-15 13:00:00,59451.34
2024-08-15 14:00:00,59416.35
2024-08-15 15:00:00,59682.84
2024-08-15 16:00:00,59538.01
2024-08-15 17:00:00,58875.1
2024-08-15 18:00:00,57872.82
2024-08-15 19:00:00,57047.46
2024-08-15 20:00:00,56671.06
2024-08-15 21:00:00,57622.21
2024-08-15 22:00:00,57617.36
2024-08-15 23:00:00,57541.06
2024-08-16 00:00:00,57469.99
2024-08-16 01:00:00,57540.96
2024-08-16 02:00:00,58199.99
2024-08-16 03:00:00,57890.0
2024-08-16 04:00:00,58309.99
2024-08-16 05:00:00,58196.01
2024-08-16 06:00:00,58527.59
2024-08-16 07:00:00,58456.99
2024-08-16 08:00:00,58360.0
2024-08-16 09:00:00,58672.51
2024-08-16 10:00:00,58433.95
2024-08-16 11:00:00,58400.0
2024-08-16 12:00:00,57868.13
2024-08-16 13:00:00,58343.66
2024-08-16 14:00:00,58018.86
2024-08-16 15:00:00,58071.06
2024-08-16 16:00:00,58563.18
2024-08-16 17:00:00,59215.85
2024-08-16 18:00:00,59467.0
2024-08-16 19:00:00,59683.39
2024-08-16 20:00:00,59257.06
2024-08-16 21:00:00,59023.98
2024-08-16 22:00:00,58966.56
2024-08-16 23:00:00,58874.6
2024-08-17 00:00:00,59187.25
2024-08-17 01:00:00,59248.49
2024-08-17 02:00:00,59146.36
2024-08-17 03:00:00,59158.37
2024-08-17 04:00:00,59216.74
2024-08-17 05:00:00,59163.17
2024-08-17 06:00:00,59158.18
2024-08-17 07:00:00,59248.0
2024-08-17 08:00:00,59279.08
2024-08-17 09:00:00,59326.34
2024-08-17 10:00:00,59106.4
2024-08-17 11:00:00,59137.12
2024-08-17 12:00:00,59230.07
2024-08-17 13:00:00,59324.28
2024-08-17 14:00:00,59535.37
2024-08-17 15:00:00,59388.11
2024-08-17 16:00:00,59610.1
2024-08-17 17:00:00,59428.57
2024-08-17 18:00:00,59417.67
2024-08-17 19:00:00,59473.19
2024-08-17 20:00:00,59397.12
2024-08-17 21:00:00,59303.8
2024-08-17 22:00:00,59314.19
2024-08-17 23:00:00,59491.99
2024-08-18 00:00:00,59678.93
2024-08-18 01:00:00,59435.95
2024-08-18 02:00:00,60126.0
2024-08-18 03:00:00,59337.42
2024-08-18 04:00:00,59456.0
2024-08-18 05:00:00,59490.0
2024-08-18 06:00:00,59595.99
2024-08-18 07:00:00,59573.39
2024-08-18 08:00:00,59706.02
2024-08-18 09:00:00,59880.0
2024-08-18 10:00:00,59870.73
2024-08-18 11:00:00,60024.01
2024-08-18 12:00:00,59969.55
2024-08-18 13:00:00,59828.0
2024-08-18 14:00:00,59806.01
2024-08-18 15:00:00,59863.99
2024-08-18 16:00:00,59840.45
2024-08-18 17:00:00,59527.58
2024-08-18 18:00:00,59602.17
2024-08-18 19:00:00,59708.38
2024-08-18 20:00:00,59814.53
2024-08-18 21:00:00,59439.33
2024-08-18 22:00:00,59350.0
2024-08-18 23:00:00,58427.35
2024-08-19 00:00:00,58346.03
2024-08-19 01:00:00,58564.0
2024-08-19 02:00:00,58670.51
2024-08-19 03:00:00,58736.85
2024-08-19 04:00:00,58582.0
2024-08-19 05:00:00,58475.18
2024-08-19 06:00:00,58570.0
2024-08-19 07:00:00,58502.19
2024-08-19 08:00:00,58608.27
2024-08-19 09:00:00,58006.59
2024-08-19 10:00:00,58046.01
2024-08-19 11:00:00,58396.95
2024-08-19 12:00:00,58412.0
2024-08-19 13:00:00,58199.99
2024-08-19 14:00:00,58617.42
2024-08-19 15:00:00,58539.24
2024-08-19 16:00:00,58705.99
2024-08-19 17:00:00,59021.61
2024-08-19 18:00:00,59011.99
2024-08-19 19:00:00,58967.53
2024-08-19 20:00:00,59080.01
2024-08-19 21:00:00,58967.54
2024-08-19 22:00:00,59241.0
2024-08-19 23:00:00,59438.5
2024-08-20 00:00:00,60482.78
2024-08-20 01:00:00,60446.03
2024-08-20 02:00:00,60528.83
2024-08-20 03:00:00,60619.18
2024-08-20 04:00:00,60865.61
2024-08-20 05:00:00,61119.99
2024-08-20 06:00:00,60960.84
2024-08-20 07:00:00,60924.33
2024-08-20 08:00:00,60765.13
2024-08-20 09:00:00,60856.04
2024-08-20 10:00:00,60716.01
2024-08-20 11:00:00,60518.82
2024-08-20 12:00:00,60693.71
2024-08-20 13:00:00,60891.99
2024-08-20 14:00:00,59461.8
2024-08-20 15:00:00,58825.53
2024-08-20 16:00:00,58801.15
2024-08-20 17:00:00,59039.48
2024-08-20 18:00:00,59191.45
2024-08-20 19:00:00,59511.99
2024-08-20 20:00:00,59317.57
2024-08-20 21:00:00,59296.94
2024-08-20 22:00:00,59368.0
2024-08-20 23:00:00,59013.8
2024-08-21 00:00:00,58989.0
2024-08-21 01:00:00,59281.58
2024-08-21 02:00:00,59363.32
2024-08-21 03:00:00,59320.0
2024-08-21 04:00:00,59358.0
2024-08-21 05:00:00,59379.99
2024-08-21 06:00:00,59627.32
2024-08-21 07:00:00,59712.0
2024-08-21 08:00:00,59443.0
2024-08-21 09:00:00,59290.51
2024-08-21 10:00:00,59468.4
2024-08-21 11:00:00,59361.14
2024-08-21 12:00:00,59506.9
2024-08-21 13:00:00,59928.0
2024-08-21 14:00:00,59410.41
2024-08-21 15:00:00,59511.8
2024-08-21 16:00:00,59885.58
2024-08-21 17:00:00,59928.42
2024-08-21 18:00:00,60771.28
2024-08-21 19:00:00,61570.0
2024-08-21 20:00:00,61236.0
2024-08-21 21:00:00,61235.97
2024-08-21 22:00:00,61176.47
2024-08-21 23:00:00,61156.03
2024-08-22 00:00:00,60818.15
2024-08-22 01:00:00,60970.0
2024-08-22 02:00:00,60186.48
2024-08-22 03:00:00,60548.9
2024-08-22 04:00:00,60834.52
2024-08-22 05:00:00,60724.0
2024-08-22 06:00:00,60762.91
2024-08-22 07:00:00,60984.31
2024-08-22 08:00:00,60926.81
2024-08-22 09:00:00,60887.98
2024-08-22 10:00:00,61350.01
2024-08-22 11:00:00,61336.09
2024-08-22 12:00:00,60879.19
2024-08-22 13:00:00,60815.99
2024-08-22 14:00:00,60510.48
2024-08-22 15:00:00,60407.4
2024-08-22 16:00:00,60329.7
2024-08-22 17:00:00,60164.7
2024-08-22 18:00:00,60331.16
2024-08-22 19:00:00,60308.0
2024-08-22 20:00:00,60680.01
2024-08-22 21:00:00,60545.47
2024-08-22 22:00:00,60435.05
2024-08-22 23:00:00,60375.84
2024-08-23 00:00:00,60726.16
2024-08-23 01:00:00,60768.45
2024-08-23 02:00:00,60625.7
2024-08-23 03:00:00,60593.31
2024-08-23 04:00:00,60707.51
2024-08-23 05:00:00,60856.26
2024-08-23 06:00:00,61189.58
2024-08-23 07:00:00,61069.27
2024-08-23 08:00:00,61321.4
2024-08-23 09:00:00,61022.13
2024-08-23 10:00:00,61060.75
2024-08-23 11:00:00,60741.68
2024-08-23 12:00:00,61146.58
2024-08-23 13:00:00,61119.99
2024-08-23 14:00:00,60994.91
2024-08-23 15:00:00,61533.05
2024-08-23 16:00:00,61731.99
2024-08-23 17:00:00,62999.89
2024-08-23 18:00:00,63152.6
2024-08-23 19:00:00,63628.84
2024-08-23 20:00:00,63627.74
2024-08-23 21:00:00,64392.58
2024-08-23 22:00:00,64084.96
2024-08-23 23:00:00,64037.24
2024-08-24 00:00:00,63961.78
2024-08-24 01:00:00,63836.48
2024-08-24 02:00:00,63949.99
2024-08-24 03:00:00,63832.01
2024-08-24 04:00:00,63897.61
2024-08-24 05:00:00,63987.98
2024-08-24 06:00:00,64048.0
2024-08-24 07:00:00,64315.0
2024-08-24 08:00:00,64416.0
2024-08-24 09:00:00,64328.66
2024-08-24 10:00:00,64117.76
2024-08-24 11:00:00,63905.01
2024-08-24 12:00:00,64086.99
2024-08-24 13:00:00,64221.49
2024-08-24 14:00:00,64171.84
2024-08-24 15:00:00,63976.0
2024-08-24 16:00:00,64298.01
2024-08-24 17:00:00,64050.99
2024-08-24 18:00:00,64223.06
2024-08-24 19:00:00,64210.6
2024-08-24 20:00:00,64131.0
2024-08-24 21:00:00,63612.37
2024-08-24 22:00:00,63833.98
2024-08-24 23:00:00,64157.01
2024-08-25 00:00:00,64175.99
2024-08-25 01:00:00,64150.08
2024-08-25 02:00:00,64137.0
2024-08-25 03:00:00,64101.01
2024-08-25 04:00:00,64150.99
2024-08-25 05:00:00,64137.5
2024-08-25 06:00:00,63994.0
2024-08-25 07:00:00,63868.26
2024-08-25 08:00:00,63931.0
2024-08-25 09:00:00,63861.31
2024-08-25 10:00:00,63881.01
2024-08-25 11:00:00,63873.91
2024-08-25 12:00:00,63924.0
2024-08-25 13:00:00,64082.02
2024-08-25 14:00:00,64148.01
2024-08-25 15:00:00,64132.16
2024-08-25 16:00:00,64033.99
2024-08-25 17:00:00,64140.99
2024-08-25 18:00:00,64166.99
2024-08-25 19:00:00,64187.41
2024-08-25 20:00:00,64206.99
2024-08-25 21:00:00,64383.73
2024-08-25 22:00:00,64482.01
2024-08-25 23:00:00,64220.0
2024-08-26 00:00:00,64111.01
2024-08-26 01:00:00,63939.98
2024-08-26 02:00:00,64070.0
2024-08-26 03:00:00,64114.99
2024-08-26 04:00:00,64019.0
2024-08-26 05:00:00,63950.01
2024-08-26 06:00:00,63728.44
2024-08-26 07:00:00,63627.01
2024-08-26 08:00:00,63738.0
2024-08-26 09:00:00,63856.99
2024-08-26 10:00:00,63780.0
2024-08-26 11:00:00,63859.0
2024-08-26 12:00:00,63633.0
2024-08-26 13:00:00,63766.0
2024-08-26 14:00:00,63500.6
2024-08-26 15:00:00,63532.53
2024-08-26 16:00:00,63705.0
2024-08-26 17:00:00,63375.99
2024-08-26 18:00:00,63643.94
2024-08-26 19:00:00,63342.99
2024-08-26 20:00:00,63417.01
2024-08-26 21:00:00,63155.81
2024-08-26 22:00:00,62973.01
2024-08-26 23:00:00,62834.0
2024-08-27 00:00:00,62722.0
2024-08-27 01:00:00,62994.8
2024-08-27 02:00:00,62900.07
2024-08-27 03:00:00,62970.0
2024-08-27 04:00:00,63038.99
2024-08-27 05:00:00,63150.02
2024-08-27 06:00:00,62761.0
2024-08-27 07:00:00,62902.31
2024-08-27 08:00:00,62813.38
2024-08-27 09:00:00,62679.99
2024-08-27 10:00:00,62332.05
2024-08-27 11:00:00,62417.0
2024-08-27 12:00:00,62419.56
2024-08-27 13:00:00,62232.64
2024-08-27 14:00:00,61851.01
2024-08-27 15:00:00,61709.13
2024-08-27 16:00:00,61560.12
2024-08-27 17:00:00,61933.32
2024-08-27 18:00:00,62096.01
2024-08-27 19:00:00,62102.01
2024-08-27 20:00:00,61859.0
2024-08-27 21:00:00,60419.99
2024-08-27 22:00:00,59506.94
2024-08-27 23:00:00,59415.0
2024-08-28 00:00:00,59088.94
2024-08-28 01:00:00,59383.63
2024-08-28 02:00:00,59336.02
2024-08-28 03:00:00,59629.01
2024-08-28 04:00:00,59325.33
2024-08-28 05:00:00,59287.94
2024-08-28 06:00:00,59186.91
2024-08-28 07:00:00,58600.98
2024-08-28 08:00:00,59223.99
2024-08-28 09:00:00,60200.12
2024-08-28 10:00:00,59756.99
2024-08-28 11:00:00,59935.0
2024-08-28 12:00:00,59946.22
2024-08-28 13:00:00,59334.0
2024-08-28 14:00:00,59195.26
2024-08-28 15:00:00,59000.0
2024-08-28 16:00:00,59198.01
2024-08-28 17:00:00,58650.0
2024-08-28 18:00:00,59487.0
2024-08-28 19:00:00,58898.85
2024-08-28 20:00:00,59312.01
2024-08-28 21:00:00,59113.91
2024-08-28 22:00:00,59195.43
2024-08-28 23:00:00,59034.9
2024-08-29 00:00:00,59205.83
2024-08-29 01:00:00,58997.99
2024-08-29 02:00:00,59137.0
2024-08-29 03:00:00,59141.1
2024-08-29 04:00:00,59197.96
2024-08-29 05:00:00,59436.17
2024-08-29 06:00:00,59570.65
2024-08-29 07:00:00,59583.88
2024-08-29 08:00:00,59551.97
2024-08-29 09:00:00,59586.0
2024-08-29 10:00:00,59673.01
2024-08-29 11:00:00,60067.06
2024-08-29 12:00:00,60322.0
2024-08-29 13:00:00,60626.01
2024-08-29 14:00:00,60814.99
2024-08-29 15:00:00,60779.99
2024-08-29 16:00:00,60295.0
2024-08-29 17:00:00,60533.0
2024-08-29 18:00:00,59161.0
2024-08-29 19:00:00,59258.0
2024-08-29 20:00:00,59529.0
2024-08-29 21:00:00,59496.0
2024-08-29 22:00:00,59211.99
2024-08-29 23:00:00,59359.01
2024-08-30 00:00:00,59204.01
2024-08-30 01:00:00,59217.0
2024-08-30 02:00:00,59202.51
2024-08-30 03:00:00,59032.01
2024-08-30 04:00:00,59013.01
2024-08-30 05:00:00,58784.0
2024-08-30 06:00:00,59361.0
2024-08-30 07:00:00,59271.1
2024-08-30 08:00:00,59445.0
2024-08-30 09:00:00,59580.64
2024-08-30 10:00:00,59581.13
2024-08-30 11:00:00,59396.0
2024-08-30 12:00:00,59539.0
2024-08-30 13:00:00,59653.0
2024-08-30 14:00:00,58462.89
2024-08-30 15:00:00,58094.99
2024-08-30 16:00:00,58551.11
2024-08-30 17:00:00,58630.91
2024-08-30 18:00:00,59370.99
2024-08-30 19:00:00,58700.02
2024-08-30 20:00:00,59048.0
2024-08-30 21:00:00,59055.99
2024-08-30 22:00:00,59237.5
2024-08-30 23:00:00,59123.99
2024-08-31 00:00:00,59246.01
2024-08-31 01:00:00,59285.0
2024-08-31 02:00:00,59196.5
2024-08-31 03:00:00,59232.01
2024-08-31 04:00:00,59350.0
2024-08-31 05:00:00,59212.0
2024-08-31 06:00:00,59154.01
2024-08-31 07:00:00,59095.0
2024-08-31 08:00:00,58985.01
2024-08-31 09:00:00,58905.01
2024-08-31 10:00:00,59136.99
2024-08-31 11:00:00,59120.99
2024-08-31 12:00:00,59192.26
2024-08-31 13:00:00,58954.99
2024-08-31 14:00:00,59126.0
2024-08-31 15:00:00,59006.54
2024-08-31 16:00:00,58971.55
2024-08-31 17:00:00,59013.16
2024-08-31 18:00:00,58920.52
2024-08-31 19:00:00,58856.0
2024-08-31 20:00:00,58951.08
2024-08-31 21:00:00,59061.01
2024-08-31 22:00:00,59024.0
2024-08-31 23:00:00,58973.99
2024-09-01 00:00:00,58930.0
2024-09-01 01:00:00,58828.01
2024-09-01 02:00:00,58540.25
2024-09-01 03:00:00,58524.21
2024-09-01 04:00:00,58442.0
2024-09-01 05:00:00,57986.0
2024-09-01 06:00:00,58201.1
2024-09-01 07:00:00,58478.64
2024-09-01 08:00:00,58233.99
2024-09-01 09:00:00,58205.0
2024-09-01 10:00:00,57931.0
2024-09-01 11:00:00,58240.52
2024-09-01 12:00:00,58020.0
2024-09-01 13:00:00,58175.01
2024-09-01 14:00:00,57879.99
2024-09-01 15:00:00,58217.0
2024-09-01 16:00:00,58132.06
2024-09-01 17:00:00,58127.98
2024-09-01 18:00:00,58541.1
2024-09-01 19:00:00,58514.0
2024-09-01 20:00:00,58431.1
2024-09-01 21:00:00,58351.11
2024-09-01 22:00:00,57309.01
2024-09-01 23:00:00,57301.86
2024-09-02 00:00:00,57467.24
2024-09-02 01:00:00,57423.23
2024-09-02 02:00:00,57509.01
2024-09-02 03:00:00,57742.01
2024-09-02 04:00:00,57459.51
2024-09-02 05:00:00,57785.01
2024-09-02 06:00:00,57688.0
2024-09-02 07:00:00,57547.99
2024-09-02 08:00:00,58056.01
2024-09-02 09:00:00,58402.35
2024-09-02 10:00:00,58498.51
2024-09-02 11:00:00,58422.01
2024-09-02 12:00:00,58393.94
2024-09-02 13:00:00,58181.22
2024-09-02 14:00:00,58597.0
2024-09-02 15:00:00,58537.99
2024-09-02 16:00:00,58345.0
2024-09-02 17:00:00,58514.01
2024-09-02 18:00:00,58486.01
2024-09-02 19:00:00,58439.99
2024-09-02 20:00:00,58992.0
2024-09-02 21:00:00,59047.0
2024-09-02 22:00:00,59349.99
2024-09-02 23:00:00,59132.13
2024-09-03 00:00:00,59257.99
2024-09-03 01:00:00,59388.01
2024-09-03 02:00:00,59311.01
2024-09-03 03:00:00,59110.99
2024-09-03 04:00:00,59099.01
2024-09-03 05:00:00,59186.0
2024-09-03 06:00:00,58891.0
2024-09-03 07:00:00,59112.0
2024-09-03 08:00:00,58789.02
2024-09-03 09:00:00,58874.0
2024-09-03 10:00:00,59078.94
2024-09-03 11:00:00,59072.0
2024-09-03 12:00:00,59135.01
2024-09-03 13:00:00,58398.99
2024-09-03 14:00:00,57672.84
2024-09-03 15:00:00,57725.0
2024-09-03 16:00:00,57708.0
2024-09-03 17:00:00,57698.0
2024-09-03 18:00:00,57926.0
2024-09-03 19:00:00,58046.0
2024-09-03 20:00:00,58228.0
2024-09-03 21:00:00,58134.61
2024-09-03 22:00:00,57865.0
2024-09-03 23:00:00,57487.73
2024-09-04 00:00:00,57140.02
2024-09-04 01:00:00,56784.01
2024-09-04 02:00:00,56648.01
2024-09-04 03:00:00,56653.98
2024-09-04 04:00:00,56694.0
2024-09-04 05:00:00,56252.01
2024-09-04 06:00:00,56277.0
2024-09-04 07:00:00,56746.0
2024-09-04 08:00:00,56783.01
2024-09-04 09:00:00,56596.99
2024-09-04 10:00:00,56456.45
2024-09-04 11:00:00,56573.0
2024-09-04 12:00:00,56599.99
2024-09-04 13:00:00,56490.0
2024-09-04 14:00:00,57511.1
2024-09-04 15:00:00,58134.0
2024-09-04 16:00:00,58406.07
2024-09-04 17:00:00,57878.0
2024-09-04 18:00:00,57684.01
2024-09-04 19:00:00,58058.01
2024-09-04 20:00:00,58048.01
2024-09-04 21:00:00,58100.0
2024-09-04 22:00:00,58130.99
2024-09-04 23:00:00,57970.9
2024-09-05 00:00:00,57997.75
2024-09-05 01:00:00,58021.99
2024-09-05 02:00:00,57692.99
2024-09-05 03:00:00,57135.42
2024-09-05 04:00:00,57206.4
2024-09-05 05:00:00,57194.99
2024-09-05 06:00:00,56914.01
2024-09-05 07:00:00,57155.1
2024-09-05 08:00:00,57004.0
2024-09-05 09:00:00,56797.0
2024-09-05 10:00:00,56771.0
2024-09-05 11:00:00,56698.01
2024-09-05 12:00:00,56662.0
2024-09-05 13:00:00,57028.62
2024-09-05 14:00:00,56558.01
2024-09-05 15:00:00,55976.01
2024-09-05 16:00:00,56335.0
2024-09-05 17:00:00,56602.99
2024-09-05 18:00:00,56548.99
2024-09-05 19:00:00,56060.01
2024-09-05 20:00:00,56094.0
2024-09-05 21:00:00,56150.6
2024-09-05 22:00:00,56104.6
2024-09-05 23:00:00,56180.0
2024-09-06 00:00:00,56182.0
2024-09-06 01:00:00,56558.99
2024-09-06 02:00:00,56738.0
2024-09-06 03:00:00,56588.0
2024-09-06 04:00:00,56594.66
2024-09-06 05:00:00,56491.01
2024-09-06 06:00:00,56430.01
2024-09-06 07:00:00,55804.29
2024-09-06 08:00:00,55783.01
2024-09-06 09:00:00,55889.86
2024-09-06 10:00:00,56178.01
2024-09-06 11:00:00,55999.09
2024-09-06 12:00:00,56873.99
2024-09-06 13:00:00,55896.01
2024-09-06 14:00:00,54733.24
2024-09-06 15:00:00,54045.01
2024-09-06 16:00:00,54074.0
2024-09-06 17:00:00,53935.0
2024-09-06 18:00:00,53352.67
2024-09-06 19:00:00,53534.28
2024-09-06 20:00:00,52887.99
2024-09-06 21:00:00,53766.57
2024-09-06 22:00:00,53644.01
2024-09-06 23:00:00,53962.97
2024-09-07 00:00:00,53914.0
2024-09-07 01:00:00,53813.37
2024-09-07 02:00:00,53802.0
2024-09-07 03:00:00,53818.91
2024-09-07 04:00:00,54060.59
2024-09-07 05:00:00,54185.01
2024-09-07 06:00:00,54320.23
2024-09-07 07:00:00,54286.0
2024-09-07 08:00:00,54370.99
2024-09-07 09:00:00,54251.11
2024-09-07 10:00:00,54346.01
2024-09-07 11:00:00,54326.0
2024-09-07 12:00:00,54578.71
2024-09-07 13:00:00,54546.99
2024-09-07 14:00:00,54632.17
2024-09-07 15:00:00,54780.0
2024-09-07 16:00:00,54465.97
2024-09-07 17:00:00,54134.0
2024-09-07 18:00:00,54291.1
2024-09-07 19:00:00,54404.01
2024-09-07 20:00:00,54166.01
2024-09-07 21:00:00,53926.99
2024-09-07 22:00:00,53954.0
2024-09-07 23:00:00,54160.86
2024-09-08 00:00:00,54137.5
2024-09-08 01:00:00,54275.0
2024-09-08 02:00:00,54337.43
2024-09-08 03:00:00,54402.99
2024-09-08 04:00:00,54491.99
2024-09-08 05:00:00,54344.01
2024-09-08 06:00:00,54292.01
2024-09-08 07:00:00,54436.25
2024-09-08 08:00:00,54480.0
2024-09-08 09:00:00,54456.02
2024-09-08 10:00:00,54608.01
2024-09-08 11:00:00,54556.08
2024-09-08 12:00:00,54194.7
2024-09-08 13:00:00,54399.0
2024-09-08 14:00:00,54149.5
2024-09-08 15:00:00,53687.0
2024-09-08 16:00:00,53907.18
2024-09-08 17:00:00,54510.01
2024-09-08 18:00:00,54412.01
2024-09-08 19:00:00,54337.01
2024-09-08 20:00:00,54379.02
2024-09-08 21:00:00,54464.0
2024-09-08 22:00:00,54530.0
2024-09-08 23:00:00,54869.95
2024-09-09 00:00:00,55045.0
2024-09-09 01:00:00,55103.99
2024-09-09 02:00:00,55113.0
2024-09-09 03:00:00,55115.0
2024-09-09 04:00:00,54849.65
2024-09-09 05:00:00,54668.0
2024-09-09 06:00:00,54898.0
2024-09-09 07:00:00,54974.01
2024-09-09 08:00:00,55244.0
2024-09-09 09:00:00,55152.0
2024-09-09 10:00:00,55364.0
2024-09-09 11:00:00,55264.87
2024-09-09 12:00:00,55341.1
2024-09-09 13:00:00,55686.92
2024-09-09 14:00:00,54840.01
2024-09-09 15:00:00,55386.0
2024-09-09 16:00:00,56430.11
2024-09-09 17:00:00,56514.0
2024-09-09 18:00:00,56530.0
2024-09-09 19:00:00,57089.54
2024-09-09 20:00:00,57007.98
2024-09-09 21:00:00,57454.27
2024-09-09 22:00:00,57216.0
2024-09-09 23:00:00,57042.0
2024-09-10 00:00:00,56982.01
2024-09-10 01:00:00,56900.0
2024-09-10 02:00:00,56775.28
2024-09-10 03:00:00,56524.74
2024-09-10 04:00:00,56609.99
2024-09-10 05:00:00,56945.45
2024-09-10 06:00:00,56825.99
2024-09-10 07:00:00,57218.57
2024-09-10 08:00:00,57046.99
2024-09-10 09:00:00,57086.01
2024-09-10 10:00:00,57170.0
2024-09-10 11:00:00,57228.0
2024-09-10 12:00:00,57203.19
2024-09-10 13:00:00,56741.09
2024-09-10 14:00:00,56941.09
2024-09-10 15:00:00,56596.0
2024-09-10 16:00:00,56819.6
2024-09-10 17:00:00,57175.96
2024-09-10 18:00:00,57581.99
2024-09-10 19:00:00,57952.01
2024-09-10 20:00:00,57567.89
2024-09-10 21:00:00,57507.99
2024-09-10 22:00:00,57615.85
2024-09-10 23:00:00,57635.99
2024-09-11 00:00:00,57640.5
2024-09-11 01:00:00,56717.99
2024-09-11 02:00:00,56921.1
2024-09-11 03:00:00,56819.55
2024-09-11 04:00:00,56530.5
2024-09-11 05:00:00,56244.0
2024-09-11 06:00:00,56460.0
2024-09-11 07:00:00,56712.0
2024-09-11 08:00:00,56398.0
2024-09-11 09:00:00,56677.99
2024-09-11 10:00:00,56510.0
2024-09-11 11:00:00,56797.99
2024-09-11 12:00:00,56748.01
2024-09-11 13:00:00,55740.0
2024-09-11 14:00:00,55974.0
2024-09-11 15:00:00,56701.23
2024-09-11 16:00:00,57312.0
2024-09-11 17:00:00,57694.0
2024-09-11 18:00:00,57500.0
2024-09-11 19:00:00,57585.5
2024-09-11 20:00:00,57486.0
2024-09-11 21:00:00,57352.0
2024-09-11 22:00:00,57467.99
2024-09-11 23:00:00,57338.0
2024-09-12 00:00:00,57626.01
2024-09-12 01:00:00,58137.74
2024-09-12 02:00:00,57946.28
2024-09-12 03:00:00,58232.72
2024-09-12 04:00:00,58181.98
2024-09-12 05:00:00,57968.01
2024-09-12 06:00:00,57947.99
2024-09-12 07:00:00,58138.16
2024-09-12 08:00:00,58171.06
2024-09-12 09:00:00,58022.0
2024-09-12 10:00:00,57930.41
2024-09-12 11:00:00,58057.99
2024-09-12 12:00:00,57691.56
2024-09-12 13:00:00,57627.99
2024-09-12 14:00:00,57541.29
2024-09-12 15:00:00,57512.03
2024-09-12 16:00:00,58065.99
2024-09-12 17:00:00,58389.1
2024-09-12 18:00:00,58181.99
2024-09-12 19:00:00,58388.0
2024-09-12 20:00:00,58199.99
2024-09-12 21:00:00,57921.11
2024-09-12 22:00:00,58143.34
2024-09-12 23:00:00,58132.32
2024-09-13 00:00:00,58031.14
2024-09-13 01:00:00,58129.99
2024-09-13 02:00:00,58050.8
2024-09-13 03:00:00,57845.97
2024-09-13 04:00:00,57844.0
2024-09-13 05:00:00,57946.0
2024-09-13 06:00:00,57767.01
2024-09-13 07:00:00,58109.31
2024-09-13 08:00:00,57953.64
2024-09-13 09:00:00,58058.6
2024-09-13 10:00:00,58343.99
2024-09-13 11:00:00,57871.1
2024-09-13 12:00:00,57910.0
2024-09-13 13:00:00,58056.01
2024-09-13 14:00:00,58456.89
2024-09-13 15:00:00,59667.38
2024-09-13 16:00:00,59452.31
2024-09-13 17:00:00,59584.0
2024-09-13 18:00:00,59752.17
2024-09-13 19:00:00,59743.99
2024-09-13 20:00:00,59838.52
2024-09-13 21:00:00,60283.86
2024-09-13 22:00:00,60608.0
2024-09-13 23:00:00,60498.0
2024-09-14 00:00:00,60414.39
2024-09-14 01:00:00,60406.06
2024-09-14 02:00:00,60287.99
2024-09-14 03:00:00,60329.37
2024-09-14 04:00:00,60213.05
2024-09-14 05:00:00,59926.0
2024-09-14 06:00:00,60046.0
2024-09-14 07:00:00,60138.14
2024-09-14 08:00:00,59973.99
2024-09-14 09:00:00,60070.2
2024-09-14 10:00:00,59851.09
2024-09-14 11:00:00,59706.39
2024-09-14 12:00:00,59794.03
2024-09-14 13:00:00,59769.11
2024-09-14 14:00:00,59914.0
2024-09-14 15:00:00,59876.0
2024-09-14 16:00:00,59981.99
2024-09-14 17:00:00,59885.26
2024-09-14 18:00:00,59786.0
2024-09-14 19:00:00,59810.0
2024-09-14 20:00:00,60024.01
2024-09-14 21:00:00,60036.0
2024-09-14 22:00:00,60006.97
2024-09-14 23:00:00,59993.03
2024-09-15 00:00:00,60025.95
2024-09-15 01:00:00,60235.22
2024-09-15 02:00:00,60238.01
2024-09-15 03:00:00,60155.93
2024-09-15 04:00:00,60117.99
2024-09-15 05:00:00,60160.0
2024-09-15 06:00:00,60164.01
2024-09-15 07:00:00,60196.0
2024-09-15 08:00:00,60069.99
2024-09-15 09:00:00,60016.0
2024-09-15 10:00:00,59991.3
2024-09-15 11:00:00,60000.51
2024-09-15 12:00:00,60104.39
2024-09-15 13:00:00,60189.98
2024-09-15 14:00:00,60279.52
2024-09-15 15:00:00,60335.41
2024-09-15 16:00:00,59950.05
2024-09-15 17:00:00,59814.07
2024-09-15 18:00:00,59971.09
2024-09-15 19:00:00,59878.22
2024-09-15 20:00:00,59795.99
2024-09-15 21:00:00,59651.69
2024-09-15 22:00:00,59430.31
2024-09-15 23:00:00,59132.0
2024-09-16 00:00:00,58666.36
2024-09-16 01:00:00,58607.07
2024-09-16 02:00:00,58263.99
2024-09-16 03:00:00,58575.09
2024-09-16 04:00:00,58352.0
2024-09-16 05:00:00,58670.0
2024-09-16 06:00:00,58707.43
2024-09-16 07:00:00,58911.1
2024-09-16 08:00:00,58924.98
2024-09-16 09:00:00,58636.54
2024-09-16 10:00:00,58749.99
2024-09-16 11:00:00,58663.99
2024-09-16 12:00:00,58527.99
2024-09-16 13:00:00,58497.1
2024-09-16 14:00:00,57604.0
2024-09-16 15:00:00,57881.69
2024-09-16 16:00:00,57809.98
2024-09-16 17:00:00,58176.01
2024-09-16 18:00:00,57896.0
2024-09-16 19:00:00,57943.99
2024-09-16 20:00:00,57687.99
2024-09-16 21:00:00,57995.5
2024-09-16 22:00:00,57970.01
2024-09-16 23:00:00,58213.99
2024-09-17 00:00:00,57630.01
2024-09-17 01:00:00,57896.0
2024-09-17 02:00:00,58115.52
2024-09-17 03:00:00,58060.0
2024-09-17 04:00:00,58246.01
2024-09-17 05:00:00,58642.76
2024-09-17 06:00:00,58488.0
2024-09-17 07:00:00,58695.39
2024-09-17 08:00:00,58792.0
2024-09-17 09:00:00,58966.48
2024-09-17 10:00:00,59236.0
2024-09-17 11:00:00,59080.99
2024-09-17 12:00:00,59381.1
2024-09-17 13:00:00,58966.0
2024-09-17 14:00:00,60265.17
2024-09-17 15:00:00,61135.5
2024-09-17 16:00:00,60873.86
2024-09-17 17:00:00,60958.37
2024-09-17 18:00:00,60540.17
2024-09-17 19:00:00,59967.99
2024-09-17 20:00:00,60120.0
2024-09-17 21:00:00,60334.07
2024-09-17 22:00:00,60240.01
2024-09-17 23:00:00,60313.99
2024-09-18 00:00:00,60240.0
2024-09-18 01:00:00,60114.0
2024-09-18 02:00:00,60352.0
2024-09-18 03:00:00,60509.99
2024-09-18 04:00:00,60429.99
2024-09-18 05:00:00,60241.07
2024-09-18 06:00:00,60453.99
2024-09-18 07:00:00,60428.01
2024-09-18 08:00:00,60198.05
2024-09-18 09:00:00,59654.77
2024-09-18 10:00:00,59907.49
2024-09-18 11:00:00,59846.0
2024-09-18 12:00:00,59978.24
2024-09-18 13:00:00,59508.5
2024-09-18 14:00:00,59487.6
2024-09-18 15:00:00,59429.18
2024-09-18 16:00:00,59915.26
2024-09-18 17:00:00,60013.01
2024-09-18 18:00:00,60629.79
2024-09-18 19:00:00,60057.99
2024-09-18 20:00:00,60230.01
2024-09-18 21:00:00,60199.46
2024-09-18 22:00:00,60684.78
2024-09-18 23:00:00,61759.99
2024-09-19 00:00:00,62226.0
2024-09-19 01:00:00,62005.99
2024-09-19 02:00:00,62204.32
2024-09-19 03:00:00,62117.99
2024-09-19 04:00:00,62082.0
2024-09-19 05:00:00,61990.42
2024-09-19 06:00:00,62020.6
2024-09-19 07:00:00,62093.99
2024-09-19 08:00:00,61932.0
2024-09-19 09:00:00,62272.01
2024-09-19 10:00:00,62320.01
2024-09-19 11:00:00,62645.44
2024-09-19 12:00:00,62924.07
2024-09-19 13:00:00,63035.98
2024-09-19 14:00:00,62935.83
2024-09-19 15:00:00,63154.04
2024-09-19 16:00:00,63556.92
2024-09-19 17:00:00,63709.22
2024-09-19 18:00:00,63628.0
2024-09-19 19:00:00,63251.99
2024-09-19 20:00:00,63016.74
2024-09-19 21:00:00,62879.76
2024-09-19 22:00:00,62940.01
2024-09-19 23:00:00,62947.99
2024-09-20 00:00:00,62756.4
2024-09-20 01:00:00,63037.99
2024-09-20 02:00:00,63125.01
2024-09-20 03:00:00,63742.16
2024-09-20 04:00:00,63843.81
2024-09-20 05:00:00,63809.99
2024-09-20 06:00:00,63795.33
2024-09-20 07:00:00,63524.8
2024-09-20 08:00:00,63298.91
2024-09-20 09:00:00,63468.0
2024-09-20 10:00:00,63664.0
2024-09-20 11:00:00,63440.0
2024-09-20 12:00:00,63417.45
2024-09-20 13:00:00,62836.46
2024-09-20 14:00:00,63037.53
2024-09-20 15:00:00,63153.99
2024-09-20 16:00:00,62872.5
2024-09-20 17:00:00,62704.0
2024-09-20 18:00:00,62865.45
2024-09-20 19:00:00,62809.13
2024-09-20 20:00:00,62814.0
2024-09-20 21:00:00,63116.03
2024-09-20 22:00:00,63180.24
2024-09-20 23:00:00,63201.05
2024-09-21 00:00:00,63174.0
2024-09-21 01:00:00,62836.98
2024-09-21 02:00:00,62917.11
2024-09-21 03:00:00,62889.57
2024-09-21 04:00:00,62860.0
2024-09-21 05:00:00,62908.82
2024-09-21 06:00:00,62999.98
2024-09-21 07:00:00,63091.02
2024-09-21 08:00:00,63028.0
2024-09-21 09:00:00,63115.99
2024-09-21 10:00:00,62979.05
2024-09-21 11:00:00,63089.77
2024-09-21 12:00:00,63151.98
2024-09-21 13:00:00,63188.0
2024-09-21 14:00:00,63300.0
2024-09-21 15:00:00,63167.98
2024-09-21 16:00:00,63215.13
2024-09-21 17:00:00,63279.99
2024-09-21 18:00:00,63267.99
2024-09-21 19:00:00,63203.59
2024-09-21 20:00:00,63139.99
2024-09-21 21:00:00,63088.0
2024-09-21 22:00:00,63230.32
2024-09-21 23:00:00,63348.96
2024-09-22 00:00:00,63230.93
2024-09-22 01:00:00,63046.0
2024-09-22 02:00:00,62957.31
2024-09-22 03:00:00,63106.0
2024-09-22 04:00:00,63080.01
2024-09-22 05:00:00,62938.51
2024-09-22 06:00:00,62876.24
2024-09-22 07:00:00,62936.0
2024-09-22 08:00:00,63025.35
2024-09-22 09:00:00,62702.94
2024-09-22 10:00:00,62655.99
2024-09-22 11:00:00,62784.0
2024-09-22 12:00:00,62781.99
2024-09-22 13:00:00,62589.99
2024-09-22 14:00:00,62668.0
2024-09-22 15:00:00,62652.12
2024-09-22 16:00:00,62776.03
2024-09-22 17:00:00,63062.66
2024-09-22 18:00:00,62955.99
2024-09-22 19:00:00,63160.0
2024-09-22 20:00:00,63208.0
2024-09-22 21:00:00,62779.99
2024-09-22 22:00:00,63881.51
2024-09-22 23:00:00,63578.76
2024-09-23 00:00:00,63577.88
2024-09-23 01:00:00,63826.8
2024-09-23 02:00:00,63940.47
2024-09-23 03:00:00,64354.0
2024-09-23 04:00:00,63912.3
2024-09-23 05:00:00,63754.0
2024-09-23 06:00:00,63671.42
2024-09-23 07:00:00,63548.82
2024-09-23 08:00:00,63492.01
2024-09-23 09:00:00,63635.69
2024-09-23 10:00:00,63496.96
2024-09-23 11:00:00,63435.04
2024-09-23 12:00:00,63315.8
2024-09-23 13:00:00,63185.21
2024-09-23 14:00:00,63394.5
2024-09-23 15:00:00,63618.0
2024-09-23 16:00:00,63227.55
2024-09-23 17:00:00,63318.01
2024-09-23 18:00:00,63430.19
2024-09-23 19:00:00,63298.56
2024-09-23 20:00:00,63308.0
2024-09-23 21:00:00,63380.0
2024-09-23 22:00:00,63219.0
2024-09-23 23:00:00,63339.99
2024-09-24 00:00:00,62906.0
2024-09-24 01:00:00,62942.01
2024-09-24 02:00:00,63123.99
2024-09-24 03:00:00,63124.0
2024-09-24 04:00:00,63088.0
2024-09-24 05:00:00,63215.99
2024-09-24 06:00:00,63305.43
2024-09-24 07:00:00,63559.92
2024-09-24 08:00:00,63851.05
2024-09-24 09:00:00,63524.5
2024-09-24 10:00:00,63526.0
2024-09-24 11:00:00,63478.34
2024-09-24 12:00:00,63446.01
2024-09-24 13:00:00,63519.85
2024-09-24 14:00:00,63194.89
2024-09-24 15:00:00,63159.99
2024-09-24 16:00:00,63262.0
2024-09-24 17:00:00,63775.86
2024-09-24 18:00:00,63727.58
2024-09-24 19:00:00,64292.34
2024-09-24 20:00:00,64215.01
2024-09-24 21:00:00,64030.0
2024-09-24 22:00:00,64579.9
2024-09-24 23:00:00,64262.7
2024-09-25 00:00:00,64126.93
2024-09-25 01:00:00,64390.01
2024-09-25 02:00:00,64422.52
2024-09-25 03:00:00,64460.0
2024-09-25 04:00:00,64172.85
2024-09-25 05:00:00,64170.63
2024-09-25 06:00:00,63806.0
2024-09-25 07:00:00,63843.33
2024-09-25 08:00:00,63819.1
2024-09-25 09:00:00,63609.89
2024-09-25 10:00:00,63630.45
2024-09-25 11:00:00,63838.01
2024-09-25 12:00:00,63600.01
2024-09-25 13:00:00,63761.34
2024-09-25 14:00:00,63936.5
2024-09-25 15:00:00,63495.66
2024-09-25 16:00:00,63463.88
2024-09-25 17:00:00,63168.0
2024-09-25 18:00:00,63351.0
2024-09-25 19:00:00,63181.5
2024-09-25 20:00:00,63505.78
2024-09-25 21:00:00,63437.99
2024-09-25 22:00:00,63261.99
2024-09-25 23:00:00,63152.01
2024-09-26 00:00:00,62946.01
2024-09-26 01:00:00,63154.74
2024-09-26 02:00:00,63353.99
2024-09-26 03:00:00,63514.34
2024-09-26 04:00:00,63427.51
2024-09-26 05:00:00,63594.0
2024-09-26 06:00:00,63721.48
2024-09-26 07:00:00,63852.07
2024-09-26 08:00:00,63709.5
2024-09-26 09:00:00,63798.0
2024-09-26 10:00:00,64391.99
2024-09-26 11:00:00,64393.99
2024-09-26 12:00:00,64481.82
2024-09-26 13:00:00,64428.21
2024-09-26 14:00:00,64426.64
2024-09-26 15:00:00,65229.03
2024-09-26 16:00:00,65338.0
2024-09-26 17:00:00,65132.54
2024-09-26 18:00:00,65285.52
2024-09-26 19:00:00,64711.06
2024-09-26 20:00:00,64664.26
2024-09-26 21:00:00,65052.0
2024-09-26 22:00:00,65086.33
2024-09-26 23:00:00,65173.99
2024-09-27 00:00:00,65241.98
2024-09-27 01:00:00,65119.9
2024-09-27 02:00:00,64878.12
2024-09-27 03:00:00,65366.01
2024-09-27 04:00:00,65303.96
2024-09-27 05:00:00,65354.58
2024-09-27 06:00:00,65344.79
2024-09-27 07:00:00,65460.02
2024-09-27 08:00:00,65725.99
2024-09-27 09:00:00,65754.01
2024-09-27 10:00:00,65490.01
2024-09-27 11:00:00,65437.35
2024-09-27 12:00:00,65741.19
2024-09-27 13:00:00,65678.01
2024-09-27 14:00:00,66242.66
2024-09-27 15:00:00,66006.01
2024-09-27 16:00:00,66303.03
2024-09-27 17:00:00,65915.61
2024-09-27 18:00:00,65876.42
2024-09-27 19:00:00,65657.99
2024-09-27 20:00:00,65804.87
2024-09-27 21:00:00,65816.62
2024-09-27 22:00:00,65870.0
2024-09-27 23:00:00,65769.95
2024-09-28 00:00:00,65899.1
2024-09-28 01:00:00,65994.0
2024-09-28 02:00:00,66168.74
2024-09-28 03:00:00,66063.76
2024-09-28 04:00:00,66006.5
2024-09-28 05:00:00,65953.8
2024-09-28 06:00:00,65800.0
2024-09-28 07:00:00,65824.01
2024-09-28 08:00:00,65635.9
2024-09-28 09:00:00,65628.2
2024-09-28 10:00:00,65764.01
2024-09-28 11:00:00,65798.01
2024-09-28 12:00:00,65548.12
2024-09-28 13:00:00,65528.03
2024-09-28 14:00:00,65720.74
2024-09-28 15:00:00,65619.13
2024-09-28 16:00:00,65516.0
2024-09-28 17:00:00,65633.2
2024-09-28 18:00:00,65715.01
2024-09-28 19:00:00,65724.0
2024-09-28 20:00:00,65645.99
2024-09-28 21:00:00,65692.0
2024-09-28 22:00:00,65680.01
2024-09-28 23:00:00,65858.0
2024-09-29 00:00:00,65687.1
2024-09-29 01:00:00,65872.9
2024-09-29 02:00:00,65824.0
2024-09-29 03:00:00,65815.92
2024-09-29 04:00:00,65741.99
2024-09-29 05:00:00,65594.01
2024-09-29 06:00:00,65499.99
2024-09-29 07:00:00,65477.01
2024-09-29 08:00:00,65559.91
2024-09-29 09:00:00,65579.91
2024-09-29 10:00:00,65571.99
2024-09-29 11:00:00,65691.92
2024-09-29 12:00:00,65631.68
2024-09-29 13:00:00,65817.98
2024-09-29 14:00:00,65694.07
2024-09-29 15:00:00,65751.34
2024-09-29 16:00:00,65764.99
2024-09-29 17:00:00,65818.01
2024-09-29 18:00:00,65789.45
2024-09-29 19:00:00,65958.82
2024-09-29 20:00:00,65812.0
2024-09-29 21:00:00,65868.6
2024-09-29 22:00:00,65674.42
2024-09-29 23:00:00,65602.01
2024-09-30 00:00:00,65463.85
2024-09-30 01:00:00,64769.99
2024-09-30 02:00:00,64376.01
2024-09-30 03:00:00,64553.68
2024-09-30 04:00:00,64441.7
2024-09-30 05:00:00,64525.99
2024-09-30 06:00:00,64356.0
2024-09-30 07:00:00,64562.01
2024-09-30 08:00:00,64311.58
2024-09-30 09:00:00,63541.01
2024-09-30 10:00:00,63645.99
2024-09-30 11:00:00,63819.44
2024-09-30 12:00:00,64048.0
2024-09-30 13:00:00,63874.54
2024-09-30 14:00:00,63740.72
2024-09-30 15:00:00,63561.41
2024-09-30 16:00:00,63486.98
2024-09-30 17:00:00,63696.0
2024-09-30 18:00:00,63330.55
2024-09-30 19:00:00,63488.0
2024-09-30 20:00:00,63809.99
2024-09-30 21:00:00,63706.93
2024-09-30 22:00:00,63481.98
2024-09-30 23:00:00,63327.59
2024-10-01 00:00:00,63531.99
2024-10-01 01:00:00,63458.0
2024-10-01 02:00:00,63443.76
2024-10-01 03:00:00,63723.48
2024-10-01 04:00:00,63868.94
2024-10-01 05:00:00,63749.99
2024-10-01 06:00:00,64033.98
2024-10-01 07:00:00,64045.92
2024-10-01 08:00:00,63956.0
2024-10-01 09:00:00,63864.46
2024-10-01 10:00:00,63910.12
2024-10-01 11:00:00,63734.0
2024-10-01 12:00:00,63668.21
2024-10-01 13:00:00,62866.8
2024-10-01 14:00:00,62598.0
2024-10-01 15:00:00,62628.85
2024-10-01 16:00:00,62448.0
2024-10-01 17:00:00,62151.99
2024-10-01 18:00:00,61987.99
2024-10-01 19:00:00,61755.99
2024-10-01 20:00:00,60809.02
2024-10-01 21:00:00,61142.01
2024-10-01 22:00:00,60767.99
2024-10-01 23:00:00,60805.78
2024-10-02 00:00:00,61046.26
2024-10-02 01:00:00,61522.89
2024-10-02 02:00:00,61782.89
2024-10-02 03:00:00,61750.47
2024-10-02 04:00:00,61495.79
2024-10-02 05:00:00,61489.71
2024-10-02 06:00:00,61700.01
2024-10-02 07:00:00,61727.4
2024-10-02 08:00:00,61806.01
2024-10-02 09:00:00,61271.25
2024-10-02 10:00:00,61188.28
2024-10-02 11:00:00,61164.01
2024-10-02 12:00:00,60798.8
2024-10-02 13:00:00,61350.0
2024-10-02 14:00:00,61077.78
2024-10-02 15:00:00,61874.01
2024-10-02 16:00:00,61800.0
2024-10-02 17:00:00,61628.01
2024-10-02 18:00:00,60762.09
2024-10-02 19:00:00,60190.01
2024-10-02 20:00:00,60924.0
2024-10-02 21:00:00,60831.99
2024-10-02 22:00:00,60851.74
2024-10-02 23:00:00,60649.28
2024-10-03 00:00:00,60988.01
2024-10-03 01:00:00,61024.0
2024-10-03 02:00:00,61185.17
2024-10-03 03:00:00,61463.99
2024-10-03 04:00:00,61326.0
2024-10-03 05:00:00,61176.01
2024-10-03 06:00:00,61334.01
2024-10-03 07:00:00,60926.0
2024-10-03 08:00:00,60354.0
2024-10-03 09:00:00,60720.48
2024-10-03 10:00:00,61025.98
2024-10-03 11:00:00,60764.74
2024-10-03 12:00:00,60469.95
2024-10-03 13:00:00,60382.05
2024-10-03 14:00:00,60172.01
2024-10-03 15:00:00,60641.5
2024-10-03 16:00:00,60168.0
2024-10-03 17:00:00,60632.0
2024-10-03 18:00:00,60722.31
2024-10-03 19:00:00,61036.0
2024-10-03 20:00:00,60773.99
2024-10-03 21:00:00,60807.13
2024-10-03 22:00:00,60895.27
2024-10-03 23:00:00,60752.71
2024-10-04 00:00:00,60504.01
2024-10-04 01:00:00,61218.0
2024-10-04 02:00:00,61036.14
2024-10-04 03:00:00,60951.99
2024-10-04 04:00:00,61001.44
2024-10-04 05:00:00,61224.34
2024-10-04 06:00:00,61119.99
2024-10-04 07:00:00,61443.64
2024-10-04 08:00:00,61449.73
2024-10-04 09:00:00,61339.43
2024-10-04 10:00:00,61284.01
2024-10-04 11:00:00,61449.84
2024-10-04 12:00:00,61932.24
2024-10-04 13:00:00,61580.02
2024-10-04 14:00:00,61239.99
2024-10-04 15:00:00,61873.04
2024-10-04 16:00:00,62244.0
2024-10-04 17:00:00,61983.32
2024-10-04 18:00:00,62345.0
2024-10-04 19:00:00,62368.0
2024-10-04 20:00:00,62407.69
2024-10-04 21:00:00,62274.45
2024-10-04 22:00:00,62213.14
2024-10-04 23:00:00,62086.0
2024-10-05 00:00:00,62170.0
2024-10-05 01:00:00,62069.99
2024-10-05 02:00:00,61812.0
2024-10-05 03:00:00,61861.99
2024-10-05 04:00:00,61950.01
2024-10-05 05:00:00,62149.47
2024-10-05 06:00:00,62224.0
2024-10-05 07:00:00,62076.19
2024-10-05 08:00:00,62151.52
2024-10-05 09:00:00,62252.0
2024-10-05 10:00:00,62213.84
2024-10-05 11:00:00,62180.0
2024-10-05 12:00:00,62302.03
2024-10-05 13:00:00,62153.35
2024-10-05 14:00:00,62196.01
2024-10-05 15:00:00,62167.66
2024-10-05 16:00:00,61958.39
2024-10-05 17:00:00,62016.01
2024-10-05 18:00:00,61864.0
2024-10-05 19:00:00,61848.48
2024-10-05 20:00:00,61723.38
2024-10-05 21:00:00,61857.64
2024-10-05 22:00:00,62039.52
2024-10-05 23:00:00,62058.0
2024-10-06 00:00:00,61920.0
2024-10-06 01:00:00,62081.01
2024-10-06 02:00:00,61966.01
2024-10-06 03:00:00,61878.66
2024-10-06 04:00:00,61878.03
2024-10-06 05:00:00,61938.51
2024-10-06 06:00:00,61961.99
2024-10-06 07:00:00,61949.01
2024-10-06 08:00:00,61989.81
2024-10-06 09:00:00,62066.38
2024-10-06 10:00:00,62023.83
2024-10-06 11:00:00,62101.92
2024-10-06 12:00:00,62222.0
2024-10-06 13:00:00,62257.73
2024-10-06 14:00:00,62715.99
2024-10-06 15:00:00,62720.01
2024-10-06 16:00:00,62602.0
2024-10-06 17:00:00,62591.2
2024-10-06 18:00:00,62718.36
2024-10-06 19:00:00,62631.38
2024-10-06 20:00:00,62620.62
2024-10-06 21:00:00,62303.03
2024-10-06 22:00:00,62618.85
2024-10-06 23:00:00,62819.91
2024-10-07 00:00:00,63677.98
2024-10-07 01:00:00,63819.0
2024-10-07 02:00:00,63637.29
2024-10-07 03:00:00,63530.51
2024-10-07 04:00:00,63466.66
2024-10-07 05:00:00,63380.01
2024-10-07 06:00:00,63706.0
2024-10-07 07:00:00,63531.99
2024-10-07 08:00:00,63554.62
2024-10-07 09:00:00,63210.83
2024-10-07 10:00:00,62891.48
2024-10-07 11:00:00,63135.44
2024-10-07 12:00:00,62883.33
2024-10-07 13:00:00,63457.36
2024-10-07 14:00:00,63991.89
2024-10-07 15:00:00,63651.6
2024-10-07 16:00:00,63819.9
2024-10-07 17:00:00,63819.99
2024-10-07 18:00:00,62848.0
2024-10-07 19:00:00,63382.0
2024-10-07 20:00:00,63020.0
2024-10-07 21:00:00,63373.99
2024-10-07 22:00:00,62471.08
2024-10-07 23:00:00,62224.0
2024-10-08 00:00:00,62552.98
2024-10-08 01:00:00,62630.01
2024-10-08 02:00:00,62785.78
2024-10-08 03:00:00,62629.8
2024-10-08 04:00:00,62694.9
2024-10-08 05:00:00,62517.35
2024-10-08 06:00:00,62509.42
2024-10-08 07:00:00,62319.99
2024-10-08 08:00:00,62409.46
2024-10-08 09:00:00,62537.38
2024-10-08 10:00:00,62519.78
2024-10-08 11:00:00,62624.01
2024-10-08 12:00:00,62440.0
2024-10-08 13:00:00,63035.27
2024-10-08 14:00:00,62778.0
2024-10-08 15:00:00,62288.01
2024-10-08 16:00:00,62570.0
2024-10-08 17:00:00,62393.94
2024-10-08 18:00:00,62110.72
2024-10-08 19:00:00,62245.53
2024-10-08 20:00:00,62400.02
2024-10-08 21:00:00,62443.74
2024-10-08 22:00:00,62175.01
2024-10-08 23:00:00,62160.49
2024-10-09 00:00:00,62154.0
2024-10-09 01:00:00,62414.55
2024-10-09 02:00:00,62264.01
2024-10-09 03:00:00,62394.07
2024-10-09 04:00:00,62347.78
2024-10-09 05:00:00,62524.09
2024-10-09 06:00:00,62430.0
2024-10-09 07:00:00,62276.78
2024-10-09 08:00:00,62149.99
2024-10-09 09:00:00,62264.02
2024-10-09 10:00:00,62150.0
2024-10-09 11:00:00,62200.0
2024-10-09 12:00:00,61980.0
2024-10-09 13:00:00,61800.99
2024-10-09 14:00:00,61872.99
2024-10-09 15:00:00,62316.0
2024-10-09 16:00:00,61814.01
2024-10-09 17:00:00,61748.0
2024-10-09 18:00:00,61196.01
2024-10-09 19:00:00,61031.98
2024-10-09 20:00:00,60420.01
2024-10-09 21:00:00,60902.01
2024-10-09 22:00:00,60798.01
2024-10-09 23:00:00,60636.02
2024-10-10 00:00:00,60437.61
2024-10-10 01:00:00,60803.02
2024-10-10 02:00:00,60882.08
2024-10-10 03:00:00,60865.29
2024-10-10 04:00:00,60865.9
2024-10-10 05:00:00,60941.48
2024-10-10 06:00:00,61143.85
2024-10-10 07:00:00,60900.0
2024-10-10 08:00:00,60815.7
2024-10-10 09:00:00,60935.15
2024-10-10 10:00:00,61075.56
2024-10-10 11:00:00,61262.0
2024-10-10 12:00:00,60962.0
2024-10-10 13:00:00,60940.01
2024-10-10 14:00:00,60593.95
2024-10-10 15:00:00,60789.36
2024-10-10 16:00:00,60298.12
2024-10-10 17:00:00,59611.01
2024-10-10 18:00:00,59502.01
2024-10-10 19:00:00,59727.28
2024-10-10 20:00:00,59799.83
2024-10-10 21:00:00,60198.77
2024-10-10 22:00:00,60148.01
2024-10-10 23:00:00,60326.39
2024-10-11 00:00:00,60194.01
2024-10-11 01:00:00,60578.55
2024-10-11 02:00:00,60553.31
2024-10-11 03:00:00,60614.0
2024-10-11 04:00:00,60699.99
2024-10-11 05:00:00,60600.0
2024-10-11 06:00:00,60800.0
2024-10-11 07:00:00,60674.69
2024-10-11 08:00:00,60669.39
2024-10-11 09:00:00,61086.0
2024-10-11 10:00:00,61160.0
2024-10-11 11:00:00,61174.87
2024-10-11 12:00:00,61379.0
2024-10-11 13:00:00,61676.0
2024-10-11 14:00:00,61753.65
2024-10-11 15:00:00,62259.05
2024-10-11 16:00:00,62272.0
2024-10-11 17:00:00,62918.0
2024-10-11 18:00:00,62922.08
2024-10-11 19:00:00,63086.01
2024-10-11 20:00:00,62993.68
2024-10-11 21:00:00,62848.48
2024-10-11 22:00:00,62450.27
2024-10-11 23:00:00,62540.0
2024-10-12 00:00:00,62840.0
2024-10-12 01:00:00,62733.67
2024-10-12 02:00:00,62554.97
2024-10-12 03:00:00,62568.0
2024-10-12 04:00:00,62583.58
2024-10-12 05:00:00,62778.01
2024-10-12 06:00:00,62679.91
2024-10-12 07:00:00,62767.57
2024-10-12 08:00:00,62725.58
2024-10-12 09:00:00,62843.32
2024-10-12 10:00:00,63043.73
2024-10-12 11:00:00,62936.91
2024-10-12 12:00:00,63056.26
2024-10-12 13:00:00,63072.12
2024-10-12 14:00:00,63234.99
2024-10-12 15:00:00,63157.49
2024-10-12 16:00:00,63064.06
2024-10-12 17:00:00,63103.47
2024-10-12 18:00:00,62936.01
2024-10-12 19:00:00,63000.01
2024-10-12 20:00:00,63043.29
2024-10-12 21:00:00,63221.16
2024-10-12 22:00:00,63296.63
2024-10-12 23:00:00,63206.22
2024-10-13 00:00:00,63190.23
2024-10-13 01:00:00,62879.26
2024-10-13 02:00:00,62867.2
2024-10-13 03:00:00,62712.31
2024-10-13 04:00:00,62814.0
2024-10-13 05:00:00,62853.92
2024-10-13 06:00:00,62867.29
2024-10-13 07:00:00,62843.48
2024-10-13 08:00:00,62809.99
2024-10-13 09:00:00,62830.0
2024-10-13 10:00:00,62700.99
2024-10-13 11:00:00,62561.33
2024-10-13 12:00:00,62664.01
2024-10-13 13:00:00,62660.0
2024-10-13 14:00:00,62249.6
2024-10-13 15:00:00,62229.31
2024-10-13 16:00:00,62629.1
2024-10-13 17:00:00,62515.59
2024-10-13 18:00:00,62414.0
2024-10-13 19:00:00,62734.32
2024-10-13 20:00:00,62762.91
2024-10-13 21:00:00,62895.11
2024-10-13 22:00:00,62837.99
2024-10-13 23:00:00,62870.02
2024-10-14 00:00:00,62520.18
2024-10-14 01:00:00,62631.83
2024-10-14 02:00:00,62614.0
2024-10-14 03:00:00,64299.99
2024-10-14 04:00:00,64137.99
2024-10-14 05:00:00,63941.54
2024-10-14 06:00:00,64095.99
2024-10-14 07:00:00,64620.87
2024-10-14 08:00:00,64427.99
2024-10-14 09:00:00,64822.23
2024-10-14 10:00:00,64860.18
2024-10-14 11:00:00,64920.06
2024-10-14 12:00:00,64868.05
2024-10-14 13:00:00,65150.01
2024-10-14 14:00:00,65922.0
2024-10-14 15:00:00,65870.0
2024-10-14 16:00:00,65703.99
2024-10-14 17:00:00,65640.01
2024-10-14 18:00:00,65769.59
2024-10-14 19:00:00,65939.4
2024-10-14 20:00:00,65925.97
2024-10-14 21:00:00,65782.14
2024-10-14 22:00:00,66454.0
2024-10-14 23:00:00,66083.99
2024-10-15 00:00:00,65929.99
2024-10-15 01:00:00,65866.48
2024-10-15 02:00:00,65759.99
2024-10-15 03:00:00,65400.0
2024-10-15 04:00:00,65599.99
2024-10-15 05:00:00,65363.24
2024-10-15 06:00:00,65564.98
2024-10-15 07:00:00,65638.74
2024-10-15 08:00:00,65754.0
2024-10-15 09:00:00,65637.99
2024-10-15 10:00:00,65679.94
2024-10-15 11:00:00,65399.69
2024-10-15 12:00:00,65802.01
2024-10-15 13:00:00,67658.0
2024-10-15 14:00:00,65376.0
2024-10-15 15:00:00,66022.0
2024-10-15 16:00:00,66868.2
2024-10-15 17:00:00,66808.01
2024-10-15 18:00:00,66901.15
2024-10-15 19:00:00,66970.18
2024-10-15 20:00:00,66469.41
2024-10-15 21:00:00,66432.0
2024-10-15 22:00:00,66747.58
2024-10-15 23:00:00,67074.14
2024-10-16 00:00:00,66874.04
2024-10-16 01:00:00,67375.99
2024-10-16 02:00:00,67280.01
2024-10-16 03:00:00,67095.98
2024-10-16 04:00:00,67000.0
2024-10-16 05:00:00,67218.74
2024-10-16 06:00:00,67050.0
2024-10-16 07:00:00,66972.53
2024-10-16 08:00:00,67129.82
2024-10-16 09:00:00,67420.01
2024-10-16 10:00:00,67733.54
2024-10-16 11:00:00,67894.72
2024-10-16 12:00:00,67832.0
2024-10-16 13:00:00,67386.0
2024-10-16 14:00:00,67671.91
2024-10-16 15:00:00,67749.99
2024-10-16 16:00:00,67823.88
2024-10-16 17:00:00,67942.0
2024-10-16 18:00:00,67822.74
2024-10-16 19:00:00,67728.0
2024-10-16 20:00:00,67630.01
2024-10-16 21:00:00,67566.9
2024-10-16 22:00:00,67790.01
2024-10-16 23:00:00,67620.01
2024-10-17 00:00:00,67709.99
2024-10-17 01:00:00,67893.98
2024-10-17 02:00:00,67472.01
2024-10-17 03:00:00,67601.4
2024-10-17 04:00:00,67260.0
2024-10-17 05:00:00,67340.82
2024-10-17 06:00:00,67162.87
2024-10-17 07:00:00,67303.18
2024-10-17 08:00:00,67450.0
2024-10-17 09:00:00,67191.4
2024-10-17 10:00:00,67214.0
2024-10-17 11:00:00,66872.43
2024-10-17 12:00:00,67171.42
2024-10-17 13:00:00,67021.99
2024-10-17 14:00:00,67123.8
2024-10-17 15:00:00,67590.66
2024-10-17 16:00:00,67384.42
2024-10-17 17:00:00,67290.0
2024-10-17 18:00:00,66938.01
2024-10-17 19:00:00,66840.0
2024-10-17 20:00:00,66940.0
2024-10-17 21:00:00,67084.0
2024-10-17 22:00:00,67444.02
2024-10-17 23:00:00,67421.78
2024-10-18 00:00:00,67214.42
2024-10-18 01:00:00,68085.5
2024-10-18 02:00:00,68103.99
2024-10-18 03:00:00,67555.4
2024-10-18 04:00:00,67742.72
2024-10-18 05:00:00,68000.79
2024-10-18 06:00:00,68108.0
2024-10-18 07:00:00,67969.7
2024-10-18 08:00:00,67922.45
2024-10-18 09:00:00,67802.0
2024-10-18 10:00:00,67874.92
2024-10-18 11:00:00,67702.0
2024-10-18 12:00:00,67662.0
2024-10-18 13:00:00,68196.0
2024-10-18 14:00:00,68426.98
2024-10-18 15:00:00,68735.35
2024-10-18 16:00:00,68787.88
2024-10-18 17:00:00,68710.14
2024-10-18 18:00:00,68892.42
2024-10-18 19:00:00,68608.01
2024-10-18 20:00:00,68432.0
2024-10-18 21:00:00,68412.0
2024-10-18 22:00:00,68205.6
2024-10-18 23:00:00,68428.0
2024-10-19 00:00:00,68334.2
2024-10-19 01:00:00,68340.02
2024-10-19 02:00:00,68459.59
2024-10-19 03:00:00,68450.01
2024-10-19 04:00:00,68334.01
2024-10-19 05:00:00,68390.01
2024-10-19 06:00:00,68335.83
2024-10-19 07:00:00,68346.54
2024-10-19 08:00:00,68409.99
2024-10-19 09:00:00,68352.0
2024-10-19 10:00:00,68244.0
2024-10-19 11:00:00,68090.3
2024-10-19 12:00:00,68222.0
2024-10-19 13:00:00,68114.7
2024-10-19 14:00:00,68300.01
2024-10-19 15:00:00,68226.93
2024-10-19 16:00:00,68042.0
2024-10-19 17:00:00,68121.99
2024-10-19 18:00:00,68179.99
2024-10-19 19:00:00,68181.98
2024-10-19 20:00:00,68245.18
2024-10-19 21:00:00,68222.43
2024-10-19 22:00:00,68330.0
2024-10-19 23:00:00,68378.0
2024-10-20 00:00:00,68231.24
2024-10-20 01:00:00,68158.0
2024-10-20 02:00:00,68177.01
2024-10-20 03:00:00,68188.0
2024-10-20 04:00:00,68235.99
2024-10-20 05:00:00,68214.0
2024-10-20 06:00:00,68400.01
2024-10-20 07:00:00,68378.0
2024-10-20 08:00:00,68394.0
2024-10-20 09:00:00,68434.2
2024-10-20 10:00:00,68376.05
2024-10-20 11:00:00,68420.01
2024-10-20 12:00:00,68268.36
2024-10-20 13:00:00,68451.85
2024-10-20 14:00:00,68637.99
2024-10-20 15:00:00,68625.99
2024-10-20 16:00:00,68505.47
2024-10-20 17:00:00,68562.0
2024-10-20 18:00:00,68604.0
2024-10-20 19:00:00,68508.29
2024-10-20 20:00:00,68781.98
2024-10-20 21:00:00,68770.0
2024-10-20 22:00:00,69137.28
2024-10-20 23:00:00,69031.99
2024-10-21 00:00:00,69160.0
2024-10-21 01:00:00,69210.89
2024-10-21 02:00:00,68710.0
2024-10-21 03:00:00,68939.99
2024-10-21 04:00:00,69039.0
2024-10-21 05:00:00,68979.97
2024-10-21 06:00:00,68699.36
2024-10-21 07:00:00,68514.0
2024-10-21 08:00:00,68301.46
2024-10-21 09:00:00,68378.0
2024-10-21 10:00:00,68281.49
2024-10-21 11:00:00,68238.01
2024-10-21 12:00:00,68207.27
2024-10-21 13:00:00,67312.0
2024-10-21 14:00:00,67268.0
2024-10-21 15:00:00,67341.02
2024-10-21 16:00:00,67327.0
2024-10-21 17:00:00,67526.01
2024-10-21 18:00:00,67335.05
2024-10-21 19:00:00,67763.0
2024-10-21 20:00:00,67749.99
2024-10-21 21:00:00,67803.21
2024-10-21 22:00:00,67781.07
2024-10-21 23:00:00,67377.5
2024-10-22 00:00:00,67149.73
2024-10-22 01:00:00,67508.29
2024-10-22 02:00:00,67317.23
2024-10-22 03:00:00,67390.02
2024-10-22 04:00:00,67493.34
2024-10-22 05:00:00,67579.99
2024-10-22 06:00:00,67572.01
2024-10-22 07:00:00,67402.0
2024-10-22 08:00:00,66934.07
2024-10-22 09:00:00,66960.02
2024-10-22 10:00:00,67184.56
2024-10-22 11:00:00,67299.15
2024-10-22 12:00:00,66984.0
2024-10-22 13:00:00,66998.21
2024-10-22 14:00:00,67559.03
2024-10-22 15:00:00,67282.27
2024-10-22 16:00:00,66966.07
2024-10-22 17:00:00,67331.58
2024-10-22 18:00:00,67385.0
2024-10-22 19:00:00,67482.98
2024-10-22 20:00:00,67532.0
2024-10-22 21:00:00,67534.85
2024-10-22 22:00:00,67724.0
2024-10-22 23:00:00,67426.0
2024-10-23 00:00:00,67179.13
2024-10-23 01:00:00,67348.46
2024-10-23 02:00:00,67096.0
2024-10-23 03:00:00,67082.1
2024-10-23 04:00:00,67217.48
2024-10-23 05:00:00,67087.06
2024-10-23 06:00:00,66917.55
2024-10-23 07:00:00,66852.34
2024-10-23 08:00:00,66530.0
2024-10-23 09:00:00,66516.0
2024-10-23 10:00:00,66398.19
2024-10-23 11:00:00,66414.0
2024-10-23 12:00:00,66416.72
2024-10-23 13:00:00,66800.0
2024-10-23 14:00:00,66490.0
2024-10-23 15:00:00,66223.44
2024-10-23 16:00:00,65878.02
2024-10-23 17:00:00,65723.32
2024-10-23 18:00:00,66057.79
2024-10-23 19:00:00,66472.0
2024-10-23 20:00:00,66669.0
2024-10-23 21:00:00,66414.01
2024-10-23 22:00:00,66472.96
2024-10-23 23:00:00,66668.65
2024-10-24 00:00:00,67432.01
2024-10-24 01:00:00,67268.17
2024-10-24 02:00:00,67459.63
2024-10-24 03:00:00,67213.16
2024-10-24 04:00:00,67382.19
2024-10-24 05:00:00,67364.0
2024-10-24 06:00:00,67119.99
2024-10-24 07:00:00,67123.08
2024-10-24 08:00:00,66852.87
2024-10-24 09:00:00,66876.0
2024-10-24 10:00:00,66999.99
2024-10-24 11:00:00,67285.99
2024-10-24 12:00:00,67517.75
2024-10-24 13:00:00,67905.99
2024-10-24 14:00:00,67786.27
2024-10-24 15:00:00,67701.22
2024-10-24 16:00:00,67574.14
2024-10-24 17:00:00,67653.44
2024-10-24 18:00:00,67832.0
2024-10-24 19:00:00,68309.79
2024-10-24 20:00:00,68196.0
2024-10-24 21:00:00,68348.01
2024-10-24 22:00:00,68183.78
2024-10-24 23:00:00,68198.28
2024-10-25 00:00:00,67989.27
2024-10-25 01:00:00,67969.7
2024-10-25 02:00:00,68066.99
2024-10-25 03:00:00,68008.0
2024-10-25 04:00:00,67744.0
2024-10-25 05:00:00,67757.21
2024-10-25 06:00:00,67646.21
2024-10-25 07:00:00,67531.97
2024-10-25 08:00:00,67658.5
2024-10-25 09:00:00,67837.28
2024-10-25 10:00:00,67855.23
2024-10-25 11:00:00,68105.79
2024-10-25 12:00:00,68061.9
2024-10-25 13:00:00,68334.0
2024-10-25 14:00:00,68311.31
2024-10-25 15:00:00,67690.01
2024-10-25 16:00:00,67670.0
2024-10-25 17:00:00,66836.01
2024-10-25 18:00:00,67026.61
2024-10-25 19:00:00,66850.0
2024-10-25 20:00:00,66937.99
2024-10-25 21:00:00,67297.9
2024-10-25 22:00:00,66626.42
2024-10-25 23:00:00,66698.33
2024-10-26 00:00:00,66736.0
2024-10-26 01:00:00,66711.99
2024-10-26 02:00:00,66847.18
2024-10-26 03:00:00,66914.0
2024-10-26 04:00:00,66948.07
2024-10-26 05:00:00,67132.0
2024-10-26 06:00:00,67170.03
2024-10-26 07:00:00,67007.99
2024-10-26 08:00:00,67134.65
2024-10-26 09:00:00,67054.75
2024-10-26 10:00:00,67053.96
2024-10-26 11:00:00,67138.0
2024-10-26 12:00:00,67034.11
2024-10-26 13:00:00,66894.0
2024-10-26 14:00:00,66797.99
2024-10-26 15:00:00,66886.49
2024-10-26 16:00:00,66979.99
2024-10-26 17:00:00,67062.0
2024-10-26 18:00:00,67042.0
2024-10-26 19:00:00,67177.99
2024-10-26 20:00:00,67265.46
2024-10-26 21:00:00,67176.82
2024-10-26 22:00:00,67132.0
2024-10-26 23:00:00,67092.76
2024-10-27 00:00:00,67014.85
2024-10-27 01:00:00,67074.94
2024-10-27 02:00:00,67054.0
2024-10-27 03:00:00,67289.57
2024-10-27 04:00:00,67160.0
2024-10-27 05:00:00,67181.82
2024-10-27 06:00:00,67186.0
2024-10-27 07:00:00,67204.01
2024-10-27 08:00:00,67226.0
2024-10-27 09:00:00,67149.45
2024-10-27 10:00:00,67088.0
2024-10-27 11:00:00,67128.04
2024-10-27 12:00:00,67400.0
2024-10-27 13:00:00,67616.0
2024-10-27 14:00:00,67695.99
2024-10-27 15:00:00,67791.99
2024-10-27 16:00:00,67828.0
2024-10-27 17:00:00,67759.7
2024-10-27 18:00:00,67560.0
2024-10-27 19:00:00,67850.0
2024-10-27 20:00:00,67762.01
2024-10-27 21:00:00,67930.01
2024-10-27 22:00:00,68124.0
2024-10-27 23:00:00,68021.7
2024-10-28 00:00:00,67859.91
2024-10-28 01:00:00,67751.89
2024-10-28 02:00:00,67803.99
2024-10-28 03:00:00,67727.59
2024-10-28 04:00:00,67744.29
2024-10-28 05:00:00,67909.85
2024-10-28 06:00:00,67959.15
2024-10-28 07:00:00,68415.52
2024-10-28 08:00:00,68328.0
2024-10-28 09:00:00,68574.0
2024-10-28 10:00:00,68625.87
2024-10-28 11:00:00,68753.78
2024-10-28 12:00:00,68908.01
2024-10-28 13:00:00,68819.99
2024-10-28 14:00:00,68840.0
2024-10-28 15:00:00,68494.2
2024-10-28 16:00:00,68709.27
2024-10-28 17:00:00,68984.0
2024-10-28 18:00:00,69212.12
2024-10-28 19:00:00,69629.98
2024-10-28 20:00:00,69644.56
2024-10-28 21:00:00,69791.0
2024-10-28 22:00:00,69961.65
2024-10-28 23:00:00,69962.21
2024-10-29 00:00:00,69960.88
2024-10-29 01:00:00,70310.58
2024-10-29 02:00:00,71190.05
2024-10-29 03:00:00,70938.14
2024-10-29 04:00:00,71088.01
2024-10-29 05:00:00,71039.99
2024-10-29 06:00:00,71248.45
2024-10-29 07:00:00,71017.97
2024-10-29 08:00:00,71134.01
2024-10-29 09:00:00,71301.42
2024-10-29 10:00:00,71171.32
2024-10-29 11:00:00,71452.01
2024-10-29 12:00:00,71108.01
2024-10-29 13:00:00,71804.0
2024-10-29 14:00:00,71867.09
2024-10-29 15:00:00,72402.01
2024-10-29 16:00:00,72739.44
2024-10-29 17:00:00,72721.5
2024-10-29 18:00:00,73170.01
2024-10-29 19:00:00,72536.16
2024-10-29 20:00:00,72336.22
2024-10-29 21:00:00,72289.98
2024-10-29 22:00:00,72660.0
2024-10-29 23:00:00,72736.42
2024-10-30 00:00:00,72289.99
2024-10-30 01:00:00,72415.36
2024-10-30 02:00:00,72342.99
2024-10-30 03:00:00,72234.0
2024-10-30 04:00:00,72282.0
2024-10-30 05:00:00,72498.0
2024-10-30 06:00:00,72306.31
2024-10-30 07:00:00,72227.99
2024-10-30 08:00:00,72241.35
2024-10-30 09:00:00,72576.01
2024-10-30 10:00:00,72378.02
2024-10-30 11:00:00,71983.99
2024-10-30 12:00:00,71862.17
2024-10-30 13:00:00,71966.0
2024-10-30 14:00:00,72411.79
2024-10-30 15:00:00,72061.34
2024-10-30 16:00:00,72110.86
2024-10-30 17:00:00,71894.72
2024-10-30 18:00:00,71974.75
2024-10-30 19:00:00,71822.01
2024-10-30 20:00:00,72857.14
2024-10-30 21:00:00,72388.1
2024-10-30 22:00:00,72397.4
2024-10-30 23:00:00,72344.74
2024-10-31 00:00:00,72165.99
2024-10-31 01:00:00,72370.0
2024-10-31 02:00:00,72553.01
2024-10-31 03:00:00,72353.74
2024-10-31 04:00:00,72273.99
2024-10-31 05:00:00,72282.0
2024-10-31 06:00:00,72212.12
2024-10-31 07:00:00,72417.19
2024-10-31 08:00:00,72276.05
2024-10-31 09:00:00,72304.7
2024-10-31 10:00:00,72639.27
2024-10-31 11:00:00,72226.0
2024-10-31 12:00:00,72114.0
2024-10-31 13:00:00,71308.0
2024-10-31 14:00:00,70752.02
2024-10-31 15:00:00,70620.0
2024-10-31 16:00:00,70403.58
2024-10-31 17:00:00,70785.28
2024-10-31 18:00:00,70633.67
2024-10-31 19:00:00,70092.07
2024-10-31 20:00:00,70026.73
2024-10-31 21:00:00,70442.39
2024-10-31 22:00:00,70480.0
2024-10-31 23:00:00,70292.01
2024-11-01 00:00:00,70173.73
2024-11-01 01:00:00,69402.01
2024-11-01 02:00:00,69579.89
2024-11-01 03:00:00,69369.99
2024-11-01 04:00:00,69592.0
2024-11-01 05:00:00,69609.29
2024-11-01 06:00:00,69212.13
2024-11-01 07:00:00,69273.7
2024-11-01 08:00:00,69376.1
2024-11-01 09:00:00,69534.9
2024-11-01 10:00:00,69989.65
2024-11-01 11:00:00,70002.01
2024-11-01 12:00:00,70354.87
2024-11-01 13:00:00,71200.44
2024-11-01 14:00:00,71271.17
2024-11-01 15:00:00,69387.77
2024-11-01 16:00:00,69920.73
2024-11-01 17:00:00,69586.01
2024-11-01 18:00:00,69151.66
2024-11-01 19:00:00,69268.0
2024-11-01 20:00:00,69248.95
2024-11-01 21:00:00,69263.99
2024-11-01 22:00:00,69440.01
2024-11-01 23:00:00,69496.01
2024-11-02 00:00:00,69665.99
2024-11-02 01:00:00,69668.1
2024-11-02 02:00:00,69661.96
2024-11-02 03:00:00,69599.99
2024-11-02 04:00:00,69568.0
2024-11-02 05:00:00,69710.0
2024-11-02 06:00:00,69744.86
2024-11-02 07:00:00,69813.91
2024-11-02 08:00:00,69630.95
2024-11-02 09:00:00,69558.86
2024-11-02 10:00:00,69623.63
2024-11-02 11:00:00,69608.0
2024-11-02 12:00:00,69459.05
2024-11-02 13:00:00,69365.99
2024-11-02 14:00:00,69263.48
2024-11-02 15:00:00,69393.17
2024-11-02 16:00:00,69587.98
2024-11-02 17:00:00,69401.99
2024-11-02 18:00:00,69422.93
2024-11-02 19:00:00,69510.0
2024-11-02 20:00:00,69540.0
2024-11-02 21:00:00,69442.0
2024-11-02 22:00:00,69434.0
2024-11-02 23:00:00,69374.74
2024-11-03 00:00:00,69159.76
2024-11-03 01:00:00,69010.13
2024-11-03 02:00:00,68214.91
2024-11-03 03:00:00,68379.89
2024-11-03 04:00:00,68592.01
2024-11-03 05:00:00,68432.0
2024-11-03 06:00:00,68569.99
2024-11-03 07:00:00,68397.42
2024-11-03 08:00:00,68480.01
2024-11-03 09:00:00,68242.43
2024-11-03 10:00:00,68441.99
2024-11-03 11:00:00,68358.86
2024-11-03 12:00:00,68486.05
2024-11-03 13:00:00,68048.13
2024-11-03 14:00:00,67777.0
2024-11-03 15:00:00,68090.9
2024-11-03 16:00:00,68152.01
2024-11-03 17:00:00,68359.98
2024-11-03 18:00:00,68018.0
2024-11-03 19:00:00,68679.0
2024-11-03 20:00:00,68970.07
2024-11-03 21:00:00,69145.35
2024-11-03 22:00:00,68880.01
2024-11-03 23:00:00,68775.99
2024-11-04 00:00:00,68712.0
2024-11-04 01:00:00,68970.01
2024-11-04 02:00:00,69305.56
2024-11-04 03:00:00,69047.86
2024-11-04 04:00:00,69150.31
2024-11-04 05:00:00,68820.01
2024-11-04 06:00:00,69126.18
2024-11-04 07:00:00,68618.0
2024-11-04 08:00:00,68699.99
2024-11-04 09:00:00,68640.83
2024-11-04 10:00:00,68834.05
2024-11-04 11:00:00,68792.71
2024-11-04 12:00:00,68978.2
2024-11-04 13:00:00,68662.39
2024-11-04 14:00:00,68394.01
2024-11-04 15:00:00,68646.01
2024-11-04 16:00:00,67756.0
2024-11-04 17:00:00,67830.0
2024-11-04 18:00:00,67651.81
2024-11-04 19:00:00,67856.0
2024-11-04 20:00:00,67348.0
2024-11-04 21:00:00,67120.57
2024-11-04 22:00:00,67920.01
2024-11-04 23:00:00,67850.01
2024-11-05 00:00:00,68030.0
2024-11-05 01:00:00,67997.31
2024-11-05 02:00:00,67880.77
2024-11-05 03:00:00,68243.0
2024-11-05 04:00:00,68323.01
2024-11-05 05:00:00,68741.5
2024-11-05 06:00:00,68779.9
2024-11-05 07:00:00,68893.99
2024-11-05 08:00:00,69038.01
2024-11-05 09:00:00,68776.49
2024-11-05 10:00:00,68764.29
2024-11-05 11:00:00,68810.03
2024-11-05 12:00:00,68865.09
2024-11-05 13:00:00,68820.0
2024-11-05 14:00:00,69964.0
2024-11-05 15:00:00,69639.99
2024-11-05 16:00:00,70191.98
2024-11-05 17:00:00,69949.66
2024-11-05 18:00:00,70229.99
2024-11-05 19:00:00,68995.99
2024-11-05 20:00:00,69445.99
2024-11-05 21:00:00,69160.0
2024-11-05 22:00:00,69594.0
2024-11-05 23:00:00,69372.01
2024-11-06 00:00:00,71096.04
2024-11-06 01:00:00,71128.81
2024-11-06 02:00:00,73077.05
2024-11-06 03:00:00,74348.53
2024-11-06 04:00:00,74261.07
2024-11-06 05:00:00,74768.38
2024-11-06 06:00:00,74252.57
2024-11-06 07:00:00,73370.89
2024-11-06 08:00:00,73456.04
2024-11-06 09:00:00,73756.34
2024-11-06 10:00:00,73830.01
2024-11-06 11:00:00,74272.01
2024-11-06 12:00:00,74171.47
2024-11-06 13:00:00,73987.05
2024-11-06 14:00:00,73640.0
2024-11-06 15:00:00,74298.0
2024-11-06 16:00:00,74333.99
2024-11-06 17:00:00,74452.01
2024-11-06 18:00:00,75229.99
2024-11-06 19:00:00,75823.55
2024-11-06 20:00:00,76101.99
2024-11-06 21:00:00,75890.0
2024-11-06 22:00:00,75638.49
2024-11-06 23:00:00,75571.99
2024-11-07 00:00:00,75349.08
2024-11-07 01:00:00,75386.0
2024-11-07 02:00:00,75276.01
2024-11-07 03:00:00,75048.01
2024-11-07 04:00:00,74707.34
2024-11-07 05:00:00,74755.49
2024-11-07 06:00:00,74768.27
2024-11-07 07:00:00,74757.58
2024-11-07 08:00:00,75150.0
2024-11-07 09:00:00,74916.76
2024-11-07 10:00:00,75031.2
2024-11-07 11:00:00,74746.0
2024-11-07 12:00:00,74991.88
2024-11-07 13:00:00,74672.53
2024-11-07 14:00:00,74822.0
2024-11-07 15:00:00,76059.69
2024-11-07 16:00:00,75893.99
2024-11-07 17:00:00,76257.89
2024-11-07 18:00:00,76604.01
2024-11-07 19:00:00,76530.39
2024-11-07 20:00:00,76431.48
2024-11-07 21:00:00,75876.49
2024-11-07 22:00:00,75872.0
2024-11-07 23:00:00,75857.89
2024-11-08 00:00:00,76005.25
2024-11-08 01:00:00,75983.91
2024-11-08 02:00:00,75711.14
2024-11-08 03:00:00,75890.79
2024-11-08 04:00:00,75832.14
2024-11-08 05:00:00,75975.32
2024-11-08 06:00:00,75876.0
2024-11-08 07:00:00,76148.49
2024-11-08 08:00:00,75802.0
2024-11-08 09:00:00,75947.69
2024-11-08 10:00:00,76229.98
2024-11-08 11:00:00,75934.46
2024-11-08 12:00:00,76067.55
2024-11-08 13:00:00,76268.13
2024-11-08 14:00:00,75752.0
2024-11-08 15:00:00,76427.72
2024-11-08 16:00:00,75919.3
2024-11-08 17:00:00,76385.99
2024-11-08 18:00:00,76812.0
2024-11-08 19:00:00,76912.58
2024-11-08 20:00:00,76591.33
2024-11-08 21:00:00,76483.09
2024-11-08 22:00:00,76369.12
2024-11-08 23:00:00,76509.78
2024-11-09 00:00:00,76430.0
2024-11-09 01:00:00,76310.0
2024-11-09 02:00:00,76422.98
2024-11-09 03:00:00,76341.47
2024-11-09 04:00:00,76377.99
2024-11-09 05:00:00,76552.0
2024-11-09 06:00:00,76510.0
2024-11-09 07:00:00,76529.08
2024-11-09 08:00:00,76539.99
2024-11-09 09:00:00,76554.0
2024-11-09 10:00:00,76468.01
2024-11-09 11:00:00,76487.11
2024-11-09 12:00:00,76280.27
2024-11-09 13:00:00,76426.39
2024-11-09 14:00:00,76355.61
2024-11-09 15:00:00,76319.9
2024-11-09 16:00:00,76087.18
2024-11-09 17:00:00,76238.77
2024-11-09 18:00:00,76356.53
2024-11-09 19:00:00,76204.92
2024-11-09 20:00:00,76294.0
2024-11-09 21:00:00,76451.6
2024-11-09 22:00:00,76519.9
2024-11-09 23:00:00,76677.46
2024-11-10 00:00:00,76884.01
2024-11-10 01:00:00,76702.31
2024-11-10 02:00:00,77033.99
2024-11-10 03:00:00,77205.96
2024-11-10 04:00:00,79122.02
2024-11-10 05:00:00,79064.16
2024-11-10 06:00:00,78903.42
2024-11-10 07:00:00,78832.37
2024-11-10 08:00:00,79130.1
2024-11-10 09:00:00,79368.0
2024-11-10 10:00:00,79540.74
2024-11-10 11:00:00,79844.01
2024-11-10 12:00:00,79654.0
2024-11-10 13:00:00,79728.01
2024-11-10 14:00:00,79508.01
2024-11-10 15:00:00,79694.03
2024-11-10 16:00:00,79775.99
2024-11-10 17:00:00,80333.01
2024-11-10 18:00:00,80538.04
2024-11-10 19:00:00,79748.99
2024-11-10 20:00:00,78950.01
2024-11-10 21:00:00,79873.97
2024-11-10 22:00:00,80614.01
2024-11-10 23:00:00,80370.01
2024-11-11 00:00:00,80579.99
2024-11-11 01:00:00,81214.0
2024-11-11 02:00:00,81431.17
2024-11-11 03:00:00,81612.23
2024-11-11 04:00:00,81440.01
2024-11-11 05:00:00,80731.99
2024-11-11 06:00:00,80900.68
2024-11-11 07:00:00,81109.1
2024-11-11 08:00:00,81239.53
2024-11-11 09:00:00,81695.33
2024-11-11 10:00:00,81984.19
2024-11-11 11:00:00,82134.0
2024-11-11 12:00:00,82168.91
2024-11-11 13:00:00,81835.74
2024-11-11 14:00:00,82484.9
2024-11-11 15:00:00,84059.54
2024-11-11 16:00:00,84200.0
2024-11-11 17:00:00,84603.99
2024-11-11 18:00:00,85831.99
2024-11-11 19:00:00,86102.21
2024-11-11 20:00:00,86922.65
2024-11-11 21:00:00,87900.01
2024-11-11 22:00:00,87979.28
2024-11-11 23:00:00,88647.99
2024-11-12 00:00:00,88978.57
2024-11-12 01:00:00,88542.51
2024-11-12 02:00:00,87694.53
2024-11-12 03:00:00,88047.46
2024-11-12 04:00:00,88430.57
2024-11-12 05:00:00,88378.46
2024-11-12 06:00:00,89545.46
2024-11-12 07:00:00,88983.35
2024-11-12 08:00:00,89280.01
2024-11-12 09:00:00,87630.89
2024-11-12 10:00:00,86787.51
2024-11-12 11:00:00,87155.55
2024-11-12 12:00:00,86348.01
2024-11-12 13:00:00,86330.52
2024-11-12 14:00:00,87001.51
2024-11-12 15:00:00,86632.0
2024-11-12 16:00:00,87030.31
2024-11-12 17:00:00,86966.07
2024-11-12 18:00:00,88796.41
2024-11-12 19:00:00,88704.28
2024-11-12 20:00:00,89473.1
2024-11-12 21:00:00,88240.32
2024-11-12 22:00:00,88592.0
2024-11-12 23:00:00,87952.01
2024-11-13 00:00:00,88040.0
2024-11-13 01:00:00,88253.53
2024-11-13 02:00:00,87868.0
2024-11-13 03:00:00,87136.0
2024-11-13 04:00:00,87172.01
2024-11-13 05:00:00,86545.99
2024-11-13 06:00:00,86500.0
2024-11-13 07:00:00,87356.0
2024-11-13 08:00:00,87228.68
2024-11-13 09:00:00,87400.02
2024-11-13 10:00:00,87535.55
2024-11-13 11:00:00,87669.39
2024-11-13 12:00:00,87626.96
2024-11-13 13:00:00,89152.01
2024-11-13 14:00:00,91508.0
2024-11-13 15:00:00,92540.01
2024-11-13 16:00:00,92256.0
2024-11-13 17:00:00,92218.87
2024-11-13 18:00:00,92824.0
2024-11-13 19:00:00,90193.51
2024-11-13 20:00:00,89691.99
2024-11-13 21:00:00,88539.77
2024-11-13 22:00:00,89715.12
2024-11-13 23:00:00,90375.2
2024-11-14 00:00:00,90104.93
2024-11-14 01:00:00,90372.01
2024-11-14 02:00:00,90104.01
2024-11-14 03:00:00,89937.02
2024-11-14 04:00:00,90123.99
2024-11-14 05:00:00,89957.22
2024-11-14 06:00:00,89300.69
2024-11-14 07:00:00,90769.42
2024-11-14 08:00:00,90558.28
2024-11-14 09:00:00,90909.01
2024-11-14 10:00:00,91103.0
2024-11-14 11:00:00,91491.86
2024-11-14 12:00:00,91243.17
2024-11-14 13:00:00,90754.42
2024-11-14 14:00:00,88720.03
2024-11-14 15:00:00,87947.99
2024-11-14 16:00:00,89198.31
2024-11-14 17:00:00,89239.35
2024-11-14 18:00:00,89111.55
2024-11-14 19:00:00,89463.99
2024-11-14 20:00:00,87612.66
2024-11-14 21:00:00,88227.22
2024-11-14 22:00:00,87640.01
2024-11-14 23:00:00,87325.59
2024-11-15 00:00:00,87870.27
2024-11-15 01:00:00,88098.99
2024-11-15 02:00:00,88364.07
2024-11-15 03:00:00,88218.21
2024-11-15 04:00:00,87454.57
2024-11-15 05:00:00,87724.0
2024-11-15 06:00:00,88182.67
2024-11-15 07:00:00,87612.0
2024-11-15 08:00:00,88082.96
2024-11-15 09:00:00,89195.99
2024-11-15 10:00:00,89354.55
2024-11-15 11:00:00,89741.25
2024-11-15 12:00:00,89753.84
2024-11-15 13:00:00,90148.0
2024-11-15 14:00:00,89107.98
2024-11-15 15:00:00,88445.41
2024-11-15 16:00:00,89375.99
2024-11-15 17:00:00,89484.85
2024-11-15 18:00:00,89387.99
2024-11-15 19:00:00,90377.89
2024-11-15 20:00:00,91447.98
2024-11-15 21:00:00,91678.78
2024-11-15 22:00:00,91208.0
2024-11-15 23:00:00,91032.07
2024-11-16 00:00:00,91000.0
2024-11-16 01:00:00,91249.29
2024-11-16 02:00:00,91405.54
2024-11-16 03:00:00,91252.03
2024-11-16 04:00:00,91269.69
2024-11-16 05:00:00,91350.34
2024-11-16 06:00:00,91192.0
2024-11-16 07:00:00,91117.53
2024-11-16 08:00:00,91425.98
2024-11-16 09:00:00,91235.24
2024-11-16 10:00:00,91393.93
2024-11-16 11:00:00,91169.69
2024-11-16 12:00:00,90894.74
2024-11-16 13:00:00,90755.99
2024-11-16 14:00:00,90968.0
2024-11-16 15:00:00,90521.2
2024-11-16 16:00:00,90612.65
2024-11-16 17:00:00,90904.03
2024-11-16 18:00:00,91303.04
2024-11-16 19:00:00,91100.24
2024-11-16 20:00:00,90752.01
2024-11-16 21:00:00,90993.5
2024-11-16 22:00:00,90328.39
2024-11-16 23:00:00,90586.92
2024-11-17 00:00:00,90808.0
2024-11-17 01:00:00,90272.74
2024-11-17 02:00:00,90024.01
2024-11-17 03:00:00,90247.86
2024-11-17 04:00:00,90576.0
2024-11-17 05:00:00,90470.13
2024-11-17 06:00:00,90645.44
2024-11-17 07:00:00,90550.8
2024-11-17 08:00:00,90985.11
2024-11-17 09:00:00,91295.24
2024-11-17 10:00:00,91056.0
2024-11-17 11:00:00,90684.19
2024-11-17 12:00:00,91080.68
2024-11-17 13:00:00,90504.01
2024-11-17 14:00:00,90310.91
2024-11-17 15:00:00,90260.01
2024-11-17 16:00:00,90446.92
2024-11-17 17:00:00,90578.66
2024-11-17 18:00:00,89936.0
2024-11-17 19:00:00,90044.0
2024-11-17 20:00:00,89636.0
2024-11-17 21:00:00,89137.98
2024-11-17 22:00:00,89556.0
2024-11-17 23:00:00,89855.99
2024-11-18 00:00:00,89940.0
2024-11-18 01:00:00,90747.57
2024-11-18 02:00:00,90493.89
2024-11-18 03:00:00,90668.58
2024-11-18 04:00:00,90441.3
2024-11-18 05:00:00,90615.71
2024-11-18 06:00:00,92061.84
2024-11-18 07:00:00,91719.9
2024-11-18 08:00:00,91810.61
2024-11-18 09:00:00,91710.6
2024-11-18 10:00:00,91769.42
2024-11-18 11:00:00,90275.13
2024-11-18 12:00:00,90517.13
2024-11-18 13:00:00,89502.23
2024-11-18 14:00:00,90308.01
2024-11-18 15:00:00,92309.51
2024-11-18 16:00:00,91403.12
2024-11-18 17:00:00,91564.69
2024-11-18 18:00:00,90356.8
2024-11-18 19:00:00,90608.26
2024-11-18 20:00:00,91473.42
2024-11-18 21:00:00,91276.33
2024-11-18 22:00:00,91148.02
2024-11-18 23:00:00,90464.08
2024-11-19 00:00:00,91042.94
2024-11-19 01:00:00,90714.26
2024-11-19 02:00:00,91236.0
2024-11-19 03:00:00,91428.0
2024-11-19 04:00:00,91528.0
2024-11-19 05:00:00,91877.0
2024-11-19 06:00:00,91959.11
2024-11-19 07:00:00,91620.01
2024-11-19 08:00:00,91780.99
2024-11-19 09:00:00,91694.38
2024-11-19 10:00:00,91750.77
2024-11-19 11:00:00,91652.02
2024-11-19 12:00:00,92467.99
2024-11-19 13:00:00,91142.28
2024-11-19 14:00:00,91824.0
2024-11-19 15:00:00,92391.99
2024-11-19 16:00:00,92553.79
2024-11-19 17:00:00,92853.76
2024-11-19 18:00:00,93646.15
2024-11-19 19:00:00,93227.87
2024-11-19 20:00:00,92458.0
2024-11-19 21:00:00,92196.82
2024-11-19 22:00:00,91826.19
2024-11-19 23:00:00,92310.79
2024-11-20 00:00:00,92044.19
2024-11-20 01:00:00,91976.79
2024-11-20 02:00:00,91748.0
2024-11-20 03:00:00,92039.99
2024-11-20 04:00:00,92121.21
2024-11-20 05:00:00,92505.47
2024-11-20 06:00:00,92372.95
2024-11-20 07:00:00,92850.38
2024-11-20 08:00:00,93200.0
2024-11-20 09:00:00,93100.01
2024-11-20 10:00:00,93278.5
2024-11-20 11:00:00,93454.65
2024-11-20 12:00:00,93531.95
2024-11-20 13:00:00,94382.88
2024-11-20 14:00:00,94627.41
2024-11-20 15:00:00,94739.97
2024-11-20 16:00:00,94048.0
2024-11-20 17:00:00,93916.34
2024-11-20 18:00:00,93684.0
2024-11-20 19:00:00,94000.0
2024-11-20 20:00:00,94271.99
2024-11-20 21:00:00,94365.92
2024-11-20 22:00:00,94160.55
2024-11-20 23:00:00,94286.56
2024-11-21 00:00:00,94709.61
2024-11-21 01:00:00,94702.49
2024-11-21 02:00:00,94404.13
2024-11-21 03:00:00,95798.12
2024-11-21 04:00:00,97554.22
2024-11-21 05:00:00,97328.0
2024-11-21 06:00:00,97004.02
2024-11-21 07:00:00,96912.01
2024-11-21 08:00:00,97107.99
2024-11-21 09:00:00,97613.24
2024-11-21 10:00:00,97756.0
2024-11-21 11:00:00,97974.99
2024-11-21 12:00:00,97317.93
2024-11-21 13:00:00,97512.01
2024-11-21 14:00:00,97042.86
2024-11-21 15:00:00,96672.0
2024-11-21 16:00:00,97147.99
2024-11-21 17:00:00,98048.65
2024-11-21 18:00:00,98280.01
2024-11-21 19:00:00,97829.83
2024-11-21 20:00:00,98118.16
2024-11-21 21:00:00,97973.8
2024-11-21 22:00:00,98356.0
2024-11-21 23:00:00,98317.12
2024-11-22 00:00:00,97987.57
2024-11-22 01:00:00,98081.6
2024-11-22 02:00:00,98617.46
2024-11-22 03:00:00,98836.5
2024-11-22 04:00:00,98797.21
2024-11-22 05:00:00,98790.97
2024-11-22 06:00:00,98999.99
2024-11-22 07:00:00,99173.7
2024-11-22 08:00:00,98815.79
2024-11-22 09:00:00,98702.0
2024-11-22 10:00:00,98400.0
2024-11-22 11:00:00,98870.38
2024-11-22 12:00:00,98621.04
2024-11-22 13:00:00,97763.54
2024-11-22 14:00:00,97296.0
2024-11-22 15:00:00,98664.0
2024-11-22 16:00:00,98865.3
2024-11-22 17:00:00,98801.87
2024-11-22 18:00:00,99108.87
2024-11-22 19:00:00,99079.74
2024-11-22 20:00:00,99163.99
2024-11-22 21:00:00,99272.72
2024-11-22 22:00:00,98627.35
2024-11-22 23:00:00,98892.0
2024-11-23 00:00:00,98634.89
2024-11-23 01:00:00,98590.0
2024-11-23 02:00:00,98483.54
2024-11-23 03:00:00,98666.67
2024-11-23 04:00:00,98576.14
2024-11-23 05:00:00,98755.15
2024-11-23 06:00:00,98709.9
2024-11-23 07:00:00,98560.85
2024-11-23 08:00:00,98451.98
2024-11-23 09:00:00,98449.07
2024-11-23 10:00:00,98408.55
2024-11-23 11:00:00,98429.99
2024-11-23 12:00:00,98598.75
2024-11-23 13:00:00,98532.08
2024-11-23 14:00:00,98744.37
2024-11-23 15:00:00,98400.0
2024-11-23 16:00:00,97708.85
2024-11-23 17:00:00,97900.79
2024-11-23 18:00:00,97839.99
2024-11-23 19:00:00,97504.0
2024-11-23 20:00:00,97703.52
2024-11-23 21:00:00,97962.8
2024-11-23 22:00:00,97631.99
2024-11-23 23:00:00,97672.4
2024-11-24 00:00:00,97919.5
2024-11-24 01:00:00,98182.4
2024-11-24 02:00:00,98390.66
2024-11-24 03:00:00,98200.1
2024-11-24 04:00:00,98169.21
2024-11-24 05:00:00,98264.44
2024-11-24 06:00:00,98360.02
2024-11-24 07:00:00,98431.05
2024-11-24 08:00:00,98067.75
2024-11-24 09:00:00,97936.47
2024-11-24 10:00:00,97668.85
2024-11-24 11:00:00,97280.03
2024-11-24 12:00:00,96899.99
2024-11-24 13:00:00,97214.93
2024-11-24 14:00:00,97029.95
2024-11-24 15:00:00,95901.51
2024-11-24 16:00:00,96404.0
2024-11-24 17:00:00,95902.83
2024-11-24 18:00:00,96537.56
2024-11-24 19:00:00,96320.02
2024-11-24 20:00:00,96826.49
2024-11-24 21:00:00,96974.89
2024-11-24 22:00:00,97999.99
2024-11-24 23:00:00,97900.04
2024-11-25 00:00:00,97714.28
2024-11-25 01:00:00,97205.23
2024-11-25 02:00:00,97368.63
2024-11-25 03:00:00,97898.8
2024-11-25 04:00:00,97800.0
2024-11-25 05:00:00,98082.69
2024-11-25 06:00:00,98082.86
2024-11-25 07:00:00,98047.34
2024-11-25 08:00:00,98217.77
2024-11-25 09:00:00,98492.96
2024-11-25 10:00:00,98319.34
2024-11-25 11:00:00,98188.09
2024-11-25 12:00:00,97900.0
2024-11-25 13:00:00,97468.3
2024-11-25 14:00:00,95385.49
2024-11-25 15:00:00,96000.56
2024-11-25 16:00:00,95912.0
2024-11-25 17:00:00,95238.09
2024-11-25 18:00:00,95139.99
2024-11-25 19:00:00,94669.48
2024-11-25 20:00:00,94955.89
2024-11-25 21:00:00,93747.8
2024-11-25 22:00:00,94404.49
2024-11-25 23:00:00,93010.01
2024-11-26 00:00:00,93836.5
2024-11-26 01:00:00,94857.15
2024-11-26 02:00:00,94587.98
2024-11-26 03:00:00,94464.0
2024-11-26 04:00:00,94309.52
2024-11-26 05:00:00,94647.96
2024-11-26 06:00:00,94495.96
2024-11-26 07:00:00,93785.71
2024-11-26 08:00:00,93142.85
2024-11-26 09:00:00,93519.62
2024-11-26 10:00:00,92327.99
2024-11-26 11:00:00,92356.85
2024-11-26 12:00:00,92164.21
2024-11-26 13:00:00,92168.84
2024-11-26 14:00:00,93274.15
2024-11-26 15:00:00,92813.0
2024-11-26 16:00:00,94029.43
2024-11-26 17:00:00,93547.99
2024-11-26 18:00:00,92119.99
2024-11-26 19:00:00,91683.89
2024-11-26 20:00:00,91036.01
2024-11-26 21:00:00,91700.08
2024-11-26 22:00:00,91811.14
2024-11-26 23:00:00,91965.16
2024-11-27 00:00:00,91939.33
2024-11-27 01:00:00,92753.86
2024-11-27 02:00:00,92943.34
2024-11-27 03:00:00,92588.0
2024-11-27 04:00:00,92568.0
2024-11-27 05:00:00,92768.01
2024-11-27 06:00:00,93068.16
2024-11-27 07:00:00,93597.16
2024-11-27 08:00:00,93433.21
2024-11-27 09:00:00,93403.5
2024-11-27 10:00:00,93821.35
2024-11-27 11:00:00,93367.99
2024-11-27 12:00:00,93499.99
2024-11-27 13:00:00,94264.0
2024-11-27 14:00:00,94833.41
2024-11-27 15:00:00,95556.01
2024-11-27 16:00:00,95689.19
2024-11-27 17:00:00,96247.24
2024-11-27 18:00:00,96119.51
2024-11-27 19:00:00,96627.99
2024-11-27 20:00:00,96482.75
2024-11-27 21:00:00,96267.86
2024-11-27 22:00:00,96047.47
2024-11-27 23:00:00,95863.11
2024-11-28 00:00:00,96552.01
2024-11-28 01:00:00,96273.95
2024-11-28 02:00:00,95699.79
2024-11-28 03:00:00,95471.43
2024-11-28 04:00:00,95742.72
2024-11-28 05:00:00,95443.43
2024-11-28 06:00:00,95479.07
2024-11-28 07:00:00,95299.66
2024-11-28 08:00:00,95456.01
2024-11-28 09:00:00,94976.0
2024-11-28 10:00:00,94958.74
2024-11-28 11:00:00,95452.01
2024-11-28 12:00:00,95484.01
2024-11-28 13:00:00,95711.25
2024-11-28 14:00:00,95376.04
2024-11-28 15:00:00,95007.14
2024-11-28 16:00:00,94972.0
2024-11-28 17:00:00,94864.31
2024-11-28 18:00:00,95290.21
2024-11-28 19:00:00,95119.48
2024-11-28 20:00:00,94820.01
2024-11-28 21:00:00,95099.99
2024-11-28 22:00:00,95651.79
2024-11-28 23:00:00,95643.98
2024-11-29 00:00:00,95476.01
2024-11-29 01:00:00,95920.0
2024-11-29 02:00:00,96739.98
2024-11-29 03:00:00,96590.36
2024-11-29 04:00:00,96263.83
2024-11-29 05:00:00,96153.86
2024-11-29 06:00:00,96266.19
2024-11-29 07:00:00,95625.05
2024-11-29 08:00:00,95979.99
2024-11-29 09:00:00,96355.39
2024-11-29 10:00:00,96844.01
2024-11-29 11:00:00,97237.91
2024-11-29 12:00:00,96929.07
2024-11-29 13:00:00,97223.36
2024-11-29 14:00:00,98002.01
2024-11-29 15:00:00,98019.47
2024-11-29 16:00:00,97779.99
2024-11-29 17:00:00,96968.29
2024-11-29 18:00:00,97175.99
2024-11-29 19:00:00,97329.73
2024-11-29 20:00:00,97307.98
2024-11-29 21:00:00,97386.07
2024-11-29 22:00:00,97292.69
2024-11-29 23:00:00,97460.0
2024-11-30 00:00:00,96968.06
2024-11-30 01:00:00,96425.22
2024-11-30 02:00:00,96609.21
2024-11-30 03:00:00,96640.02
2024-11-30 04:00:00,96680.18
2024-11-30 05:00:00,97102.32
2024-11-30 06:00:00,96639.66
2024-11-30 07:00:00,96783.38
2024-11-30 08:00:00,96953.49
2024-11-30 09:00:00,96779.98
2024-11-30 10:00:00,96137.48
2024-11-30 11:00:00,96267.99
2024-11-30 12:00:00,96553.23
2024-11-30 13:00:00,96405.34
2024-11-30 14:00:00,96462.64
2024-11-30 15:00:00,96645.41
2024-11-30 16:00:00,96871.31
2024-11-30 17:00:00,96780.38
2024-11-30 18:00:00,96966.37
2024-11-30 19:00:00,97019.68
2024-11-30 20:00:00,96967.99
2024-11-30 21:00:00,96792.02
2024-11-30 22:00:00,96466.11
2024-11-30 23:00:00,96407.99
2024-12-01 00:00:00,96340.6
2024-12-01 01:00:00,96106.62
2024-12-01 02:00:00,95776.22
2024-12-01 03:00:00,96336.75
2024-12-01 04:00:00,96515.52
2024-12-01 05:00:00,96308.83
2024-12-01 06:00:00,96327.66
2024-12-01 07:00:00,96472.97
2024-12-01 08:00:00,97048.01
2024-12-01 09:00:00,97030.15
2024-12-01 10:00:00,96811.99
2024-12-01 11:00:00,97108.89
2024-12-01 12:00:00,96774.49
2024-12-01 13:00:00,97071.93
2024-12-01 14:00:00,97289.78
2024-12-01 15:00:00,97028.02
2024-12-01 16:00:00,97187.98
2024-12-01 17:00:00,97299.97
2024-12-01 18:00:00,97118.69
2024-12-01 19:00:00,97178.73
2024-12-01 20:00:00,97099.99
2024-12-01 21:00:00,97767.62
2024-12-01 22:00:00,97562.56
2024-12-01 23:00:00,97185.18
2024-12-02 00:00:00,97436.75
2024-12-02 01:00:00,97964.93
2024-12-02 02:00:00,97644.76
2024-12-02 03:00:00,96483.75
2024-12-02 04:00:00,96708.0
2024-12-02 05:00:00,96359.99
2024-12-02 06:00:00,96279.99
2024-12-02 07:00:00,95999.99
2024-12-02 08:00:00,95053.66
2024-12-02 09:00:00,95493.18
2024-12-02 10:00:00,94972.01
2024-12-02 11:00:00,95128.68
2024-12-02 12:00:00,94972.02
2024-12-02 13:00:00,95679.99
2024-12-02 14:00:00,96321.27
2024-12-02 15:00:00,97048.0
2024-12-02 16:00:00,96167.46
2024-12-02 17:00:00,94604.03
2024-12-02 18:00:00,95646.14
2024-12-02 19:00:00,95816.0
2024-12-02 20:00:00,95666.66
2024-12-02 21:00:00,95406.88
2024-12-02 22:00:00,95372.0
2024-12-02 23:00:00,95840.62
2024-12-03 00:00:00,95804.03
2024-12-03 01:00:00,95524.08
2024-12-03 02:00:00,96035.49
2024-12-03 03:00:00,96079.36
2024-12-03 04:00:00,95920.64
2024-12-03 05:00:00,96155.18
2024-12-03 06:00:00,95632.22
2024-12-03 07:00:00,95550.0
2024-12-03 08:00:00,95528.0
2024-12-03 09:00:00,95256.01
2024-12-03 10:00:00,94697.9
2024-12-03 11:00:00,94988.01
2024-12-03 12:00:00,94813.58
2024-12-03 13:00:00,93715.98
2024-12-03 14:00:00,95235.25
2024-12-03 15:00:00,95682.54
2024-12-03 16:00:00,95112.0
2024-12-03 17:00:00,95828.0
2024-12-03 18:00:00,95481.15
2024-12-03 19:00:00,95428.6
2024-12-03 20:00:00,95615.06
2024-12-03 21:00:00,96000.0
2024-12-03 22:00:00,96117.76
2024-12-03 23:00:00,95849.69
2024-12-04 00:00:00,95746.42
2024-12-04 01:00:00,96216.0
2024-12-04 02:00:00,95788.0
2024-12-04 03:00:00,95770.32
2024-12-04 04:00:00,96024.8
2024-12-04 05:00:00,96480.22
2024-12-04 06:00:00,96539.68
2024-12-04 07:00:00,96588.81
2024-12-04 08:00:00,96687.53
2024-12-04 09:00:00,96815.78
2024-12-04 10:00:00,96512.0
2024-12-04 11:00:00,96190.41
2024-12-04 12:00:00,95967.98
2024-12-04 13:00:00,95665.51
2024-12-04 14:00:00,95822.99
2024-12-04 15:00:00,95742.81
2024-12-04 16:00:00,94847.81
2024-12-04 17:00:00,95546.62
2024-12-04 18:00:00,96111.01
2024-12-04 19:00:00,97209.64
2024-12-04 20:00:00,98747.97
2024-12-04 21:00:00,97691.11
2024-12-04 22:00:00,98174.61
2024-12-04 23:00:00,98587.32
2024-12-05 00:00:00,98296.01
2024-12-05 01:00:00,98179.14
2024-12-05 02:00:00,101248.19
2024-12-05 03:00:00,102964.0
2024-12-05 04:00:00,103339.96
2024-12-05 05:00:00,102450.01
2024-12-05 06:00:00,101904.02
2024-12-05 07:00:00,102236.1
2024-12-05 08:00:00,102764.0
2024-12-05 09:00:00,102698.24
2024-12-05 10:00:00,102280.62
2024-12-05 11:00:00,102566.91
2024-12-05 12:00:00,102846.15
2024-12-05 13:00:00,102753.9
2024-12-05 14:00:00,103507.99
2024-12-05 15:00:00,101292.01
2024-12-05 16:00:00,101037.51
2024-12-05 17:00:00,101282.36
2024-12-05 18:00:00,100179.24
2024-12-05 19:00:00,99028.0
2024-12-05 20:00:00,99072.84
2024-12-05 21:00:00,98908.02
2024-12-05 22:00:00,96589.04
2024-12-05 23:00:00,96945.63
2024-12-06 00:00:00,97551.99
2024-12-06 01:00:00,98118.38
2024-12-06 02:00:00,97589.74
2024-12-06 03:00:00,97735.29
2024-12-06 04:00:00,97877.5
2024-12-06 05:00:00,97864.01
2024-12-06 06:00:00,98079.96
2024-12-06 07:00:00,98138.54
2024-12-06 08:00:00,98345.38
2024-12-06 09:00:00,98000.0
2024-12-06 10:00:00,98124.78
2024-12-06 11:00:00,98069.62
2024-12-06 12:00:00,97636.29
2024-12-06 13:00:00,98591.99
2024-12-06 14:00:00,99481.69
2024-12-06 15:00:00,99309.99
2024-12-06 16:00:00,99004.07
2024-12-06 17:00:00,100844.05
2024-12-06 18:00:00,101363.95
2024-12-06 19:00:00,101439.99
2024-12-06 20:00:00,101360.0
2024-12-06 21:00:00,100372.01
2024-12-06 22:00:00,100504.0
2024-12-06 23:00:00,99740.84
2024-12-07 00:00:00,100272.01
2024-12-07 01:00:00,100044.31
2024-12-07 02:00:00,99930.01
2024-12-07 03:00:00,99299.63
2024-12-07 04:00:00,99494.57
2024-12-07 05:00:00,99155.98
2024-12-07 06:00:00,99336.27
2024-12-07 07:00:00,99405.2
2024-12-07 08:00:00,99414.76
2024-12-07 09:00:00,99676.48
2024-12-07 10:00:00,99529.5
2024-12-07 11:00:00,99620.0
2024-12-07 12:00:00,99426.87
2024-12-07 13:00:00,99350.0
2024-12-07 14:00:00,99465.3
2024-12-07 15:00:00,99756.01
2024-12-07 16:00:00,99621.56
2024-12-07 17:00:00,99631.97
2024-12-07 18:00:00,100123.32
2024-12-07 19:00:00,100077.45
2024-12-07 20:00:00,100313.57
2024-12-07 21:00:00,99869.8
2024-12-07 22:00:00,99595.11
2024-12-07 23:00:00,99831.99
2024-12-08 00:00:00,99978.38
2024-12-08 01:00:00,99848.36
2024-12-08 02:00:00,100146.9
2024-12-08 03:00:00,99934.82
2024-12-08 04:00:00,99756.01
2024-12-08 05:00:00,99534.26
2024-12-08 06:00:00,99675.96
2024-12-08 07:00:00,99675.11
2024-12-08 08:00:00,98980.01
2024-12-08 09:00:00,98884.02
2024-12-08 10:00:00,99249.22
2024-12-08 11:00:00,99701.16
2024-12-08 12:00:00,99922.48
2024-12-08 13:00:00,100408.8
2024-12-08 14:00:00,99726.73
2024-12-08 15:00:00,99912.01
2024-12-08 16:00:00,99832.96
2024-12-08 17:00:00,99943.98
2024-12-08 18:00:00,99660.98
2024-12-08 19:00:00,100100.98
2024-12-08 20:00:00,99800.01
2024-12-08 21:00:00,100026.97
2024-12-08 22:00:00,100220.01
2024-12-08 23:00:00,101109.59
2024-12-09 00:00:00,99656.36
2024-12-09 01:00:00,99528.54
2024-12-09 02:00:00,99195.89
2024-12-09 03:00:00,99090.84
2024-12-09 04:00:00,99427.99
2024-12-09 05:00:00,99435.87
2024-12-09 06:00:00,99044.64
2024-12-09 07:00:00,99576.51
2024-12-09 08:00:00,98901.15
2024-12-09 09:00:00,98406.08
2024-12-09 10:00:00,98714.52
2024-12-09 11:00:00,98088.47
2024-12-09 12:00:00,98601.05
2024-12-09 13:00:00,99004.03
2024-12-09 14:00:00,100156.26
2024-12-09 15:00:00,97812.0
2024-12-09 16:00:00,97844.06
2024-12-09 17:00:00,97368.04
2024-12-09 18:00:00,97776.66
2024-12-09 19:00:00,97070.32
2024-12-09 20:00:00,96252.01
2024-12-09 21:00:00,96892.0
2024-12-09 22:00:00,96984.01
2024-12-09 23:00:00,97276.47
2024-12-10 00:00:00,97867.91
2024-12-10 01:00:00,97946.0
2024-12-10 02:00:00,96660.01
2024-12-10 03:00:00,96931.99
2024-12-10 04:00:00,97031.97
2024-12-10 05:00:00,96941.99
2024-12-10 06:00:00,97464.6
2024-12-10 07:00:00,97196.44
2024-12-10 08:00:00,97385.72
2024-12-10 09:00:00,97489.1
2024-12-10 10:00:00,97687.5
2024-12-10 11:00:00,97722.52
2024-12-10 12:00:00,97161.5
2024-12-10 13:00:00,97738.36
2024-12-10 14:00:00,97820.01
2024-12-10 15:00:00,95658.79
2024-12-10 16:00:00,96319.77
2024-12-10 17:00:00,94484.01
2024-12-10 18:00:00,95132.03
2024-12-10 19:00:00,95856.5
2024-12-10 20:00:00,96434.76
2024-12-10 21:00:00,96858.0
2024-12-10 22:00:00,96849.44
2024-12-10 23:00:00,96593.0
2024-12-11 00:00:00,96412.61
2024-12-11 01:00:00,95752.02
2024-12-11 02:00:00,97207.29
2024-12-11 03:00:00,97398.43
2024-12-11 04:00:00,97546.96
2024-12-11 05:00:00,97495.19
2024-12-11 06:00:00,97689.57
2024-12-11 07:00:00,97334.6
2024-12-11 08:00:00,98109.9
2024-12-11 09:00:00,97999.99
2024-12-11 10:00:00,98214.29
2024-12-11 11:00:00,98292.61
2024-12-11 12:00:00,98236.0
2024-12-11 13:00:00,98736.86
2024-12-11 14:00:00,99515.98
2024-12-11 15:00:00,100361.64
2024-12-11 16:00:00,100575.99
2024-12-11 17:00:00,99781.9
2024-12-11 18:00:00,100388.71
2024-12-11 19:00:00,101122.71
2024-12-11 20:00:00,101271.56
2024-12-11 21:00:00,101520.12
2024-12-11 22:00:00,101209.74
2024-12-11 23:00:00,101125.0
2024-12-12 00:00:00,100772.46
2024-12-12 01:00:00,100496.3
2024-12-12 02:00:00,101824.76
2024-12-12 03:00:00,101025.87
2024-12-12 04:00:00,100675.7
2024-12-12 05:00:00,100618.86
2024-12-12 06:00:00,100584.37
2024-12-12 07:00:00,100499.99
2024-12-12 08:00:00,100980.0
2024-12-12 09:00:00,100814.07
2024-12-12 10:00:00,100579.44
2024-12-12 11:00:00,100358.42
2024-12-12 12:00:00,100828.0
2024-12-12 13:00:00,100911.99
2024-12-12 14:00:00,101702.04
2024-12-12 15:00:00,101797.14
2024-12-12 16:00:00,101462.49
2024-12-12 17:00:00,101617.65
2024-12-12 18:00:00,100857.59
2024-12-12 19:00:00,99481.32
2024-12-12 20:00:00,100028.01
2024-12-12 21:00:00,99760.01
2024-12-12 22:00:00,100444.0
2024-12-12 23:00:00,100004.29
2024-12-13 00:00:00,100083.21
2024-12-13 01:00:00,99323.94
2024-12-13 02:00:00,99484.99
2024-12-13 03:00:00,99729.09
2024-12-13 04:00:00,100000.46
2024-12-13 05:00:00,99890.0
2024-12-13 06:00:00,99700.0
2024-12-13 07:00:00,100130.0
2024-12-13 08:00:00,100272.0
2024-12-13 09:00:00,100100.0
2024-12-13 10:00:00,100457.62
2024-12-13 11:00:00,100353.37
2024-12-13 12:00:00,100299.85
2024-12-13 13:00:00,100284.35
2024-12-13 14:00:00,101018.12
2024-12-13 15:00:00,99873.16
2024-12-13 16:00:00,100988.01
2024-12-13 17:00:00,101737.89
2024-12-13 18:00:00,101495.91
2024-12-13 19:00:00,101462.34
2024-12-13 20:00:00,101680.0
2024-12-13 21:00:00,101303.64
2024-12-13 22:00:00,101227.28
2024-12-13 23:00:00,101424.25
2024-12-14 00:00:00,101301.07
2024-12-14 01:00:00,102145.28
2024-12-14 02:00:00,102032.61
2024-12-14 03:00:00,102088.0
2024-12-14 04:00:00,101681.81
2024-12-14 05:00:00,101722.8
2024-12-14 06:00:00,101906.05
2024-12-14 07:00:00,101824.0
2024-12-14 08:00:00,101803.03
2024-12-14 09:00:00,101551.28
2024-12-14 10:00:00,101550.58
2024-12-14 11:00:00,101583.99
2024-12-14 12:00:00,101297.96
2024-12-14 13:00:00,101170.05
2024-12-14 14:00:00,101434.3
2024-12-14 15:00:00,101625.12
2024-12-14 16:00:00,101650.76
2024-12-14 17:00:00,100988.0
2024-12-14 18:00:00,100895.98
2024-12-14 19:00:00,101313.54
2024-12-14 20:00:00,100760.0
2024-12-14 21:00:00,101074.68
2024-12-14 22:00:00,101117.63
2024-12-14 23:00:00,101420.0
2024-12-15 00:00:00,101442.42
2024-12-15 01:00:00,102134.48
2024-12-15 02:00:00,101831.15
2024-12-15 03:00:00,101733.82
2024-12-15 04:00:00,102366.17
2024-12-15 05:00:00,102159.29
2024-12-15 06:00:00,101759.8
2024-12-15 07:00:00,101732.09
2024-12-15 08:00:00,102015.15
2024-12-15 09:00:00,102264.34
2024-12-15 10:00:00,102280.0
2024-12-15 11:00:00,102671.44
2024-12-15 12:00:00,102946.54
2024-12-15 13:00:00,102784.65
2024-12-15 14:00:00,102994.37
2024-12-15 15:00:00,102704.01
2024-12-15 16:00:00,103127.08
2024-12-15 17:00:00,103164.0
2024-12-15 18:00:00,103204.0
2024-12-15 19:00:00,103252.95
2024-12-15 20:00:00,103144.83
2024-12-15 21:00:00,102859.06
2024-12-15 22:00:00,103277.32
2024-12-15 23:00:00,104463.99
2024-12-16 00:00:00,105444.95
2024-12-16 01:00:00,105531.99
2024-12-16 02:00:00,104585.32
2024-12-16 03:00:00,104582.28
2024-12-16 04:00:00,104686.15
2024-12-16 05:00:00,105028.0
2024-12-16 06:00:00,105149.98
2024-12-16 07:00:00,104992.79
2024-12-16 08:00:00,104535.44
2024-12-16 09:00:00,104676.72
2024-12-16 10:00:00,104684.99
2024-12-16 11:00:00,103757.99
2024-12-16 12:00:00,103656.02
2024-12-16 13:00:00,103908.02
2024-12-16 14:00:00,105487.0
2024-12-16 15:00:00,106332.01
2024-12-16 16:00:00,106824.95
2024-12-16 17:00:00,107078.55
2024-12-16 18:00:00,107078.6
2024-12-16 19:00:00,106583.12
2024-12-16 20:00:00,105808.36
2024-12-16 21:00:00,106057.77
2024-12-16 22:00:00,105815.99
2024-12-16 23:00:00,106058.66
2024-12-17 00:00:00,105856.51
2024-12-17 01:00:00,106376.0
2024-12-17 02:00:00,106269.14
2024-12-17 03:00:00,106866.49
2024-12-17 04:00:00,106500.77
2024-12-17 05:00:00,106817.43
2024-12-17 06:00:00,106549.98
2024-12-17 07:00:00,106805.75
2024-12-17 08:00:00,107406.61
2024-12-17 09:00:00,107306.03
2024-12-17 10:00:00,107209.67
2024-12-17 11:00:00,106808.31
2024-12-17 12:00:00,107136.01
2024-12-17 13:00:00,107298.42
2024-12-17 14:00:00,108258.39
2024-12-17 15:00:00,106478.47
2024-12-17 16:00:00,107075.72
2024-12-17 17:00:00,107506.37
2024-12-17 18:00:00,106551.89
2024-12-17 19:00:00,106475.89
2024-12-17 20:00:00,106732.98
2024-12-17 21:00:00,106411.54
2024-12-17 22:00:00,105972.01
2024-12-17 23:00:00,106133.74
2024-12-18 00:00:00,106098.93
2024-12-18 01:00:00,105332.84
2024-12-18 02:00:00,105312.91
2024-12-18 03:00:00,104763.98
2024-12-18 04:00:00,103868.01
2024-12-18 05:00:00,103572.17
2024-12-18 06:00:00,103794.65
2024-12-18 07:00:00,104250.75
2024-12-18 08:00:00,103805.43
2024-12-18 09:00:00,104047.99
2024-12-18 10:00:00,104531.03
2024-12-18 11:00:00,105028.33
2024-12-18 12:00:00,104920.01
2024-12-18 13:00:00,104580.58
2024-12-18 14:00:00,104019.93
2024-12-18 15:00:00,104428.54
2024-12-18 16:00:00,104199.62
2024-12-18 17:00:00,104656.18
2024-12-18 18:00:00,104808.99
2024-12-18 19:00:00,102817.82
2024-12-18 20:00:00,100846.67
2024-12-18 21:00:00,101010.55
2024-12-18 22:00:00,101152.45
2024-12-18 23:00:00,100204.01
2024-12-19 00:00:00,100831.16
2024-12-19 01:00:00,99768.97
2024-12-19 02:00:00,100534.56
2024-12-19 03:00:00,101193.15
2024-12-19 04:00:00,100671.62
2024-12-19 05:00:00,101300.01
2024-12-19 06:00:00,101200.01
2024-12-19 07:00:00,101656.57
2024-12-19 08:00:00,101640.4
2024-12-19 09:00:00,101815.99
2024-12-19 10:00:00,102409.34
2024-12-19 11:00:00,102449.99
2024-12-19 12:00:00,101988.0
2024-12-19 13:00:00,101952.44
2024-12-19 14:00:00,100942.41
2024-12-19 15:00:00,100679.86
2024-12-19 16:00:00,100716.3
2024-12-19 17:00:00,98855.86
2024-12-19 18:00:00,98932.73
2024-12-19 19:00:00,97199.72
2024-12-19 20:00:00,96409.54
2024-12-19 21:00:00,97417.66
2024-12-19 22:00:00,98391.21
2024-12-19 23:00:00,97461.86
2024-12-20 00:00:00,97248.22
2024-12-20 01:00:00,96319.99
2024-12-20 02:00:00,97632.59
2024-12-20 03:00:00,97106.02
2024-12-20 04:00:00,97304.07
2024-12-20 05:00:00,96734.32
2024-12-20 06:00:00,97281.37
2024-12-20 07:00:00,97832.53
2024-12-20 08:00:00,95473.74
2024-12-20 09:00:00,94811.85
2024-12-20 10:00:00,94359.53
2024-12-20 11:00:00,92723.98
2024-12-20 12:00:00,93941.75
2024-12-20 13:00:00,95204.0
2024-12-20 14:00:00,95627.99
2024-12-20 15:00:00,96991.62
2024-12-20 16:00:00,96727.99
2024-12-20 17:00:00,97206.59
2024-12-20 18:00:00,96993.58
2024-12-20 19:00:00,97116.0
2024-12-20 20:00:00,96451.88
2024-12-20 21:00:00,96623.29
2024-12-20 22:00:00,97463.93
2024-12-20 23:00:00,97805.44
2024-12-21 00:00:00,97525.77
2024-12-21 01:00:00,97357.23
2024-12-21 02:00:00,97396.0
2024-12-21 03:00:00,97487.46
2024-12-21 04:00:00,97588.0
2024-12-21 05:00:00,98691.98
2024-12-21 06:00:00,98726.76
2024-12-21 07:00:00,99040.0
2024-12-21 08:00:00,98650.0
2024-12-21 09:00:00,98565.82
2024-12-21 10:00:00,98131.22
2024-12-21 11:00:00,98262.08
2024-12-21 12:00:00,97131.99
2024-12-21 13:00:00,97344.54
2024-12-21 14:00:00,97083.11
2024-12-21 15:00:00,97527.97
2024-12-21 16:00:00,97292.0
2024-12-21 17:00:00,97595.28
2024-12-21 18:00:00,97400.01
2024-12-21 19:00:00,97269.03
2024-12-21 20:00:00,97456.91
2024-12-21 21:00:00,96892.0
2024-12-21 22:00:00,97147.46
2024-12-21 23:00:00,97291.99
2024-12-22 00:00:00,97253.01
2024-12-22 01:00:00,97060.01
2024-12-22 02:00:00,96719.99
2024-12-22 03:00:00,96994.37
2024-12-22 04:00:00,96076.01
2024-12-22 05:00:00,96156.19
2024-12-22 06:00:00,96739.99
2024-12-22 07:00:00,96210.24
2024-12-22 08:00:00,96534.5
2024-12-22 09:00:00,96940.27
2024-12-22 10:00:00,97009.03
2024-12-22 11:00:00,97101.28
2024-12-22 12:00:00,96987.61
2024-12-22 13:00:00,96976.0
2024-12-22 14:00:00,95363.44
2024-12-22 15:00:00,95377.72
2024-12-22 16:00:00,95715.09
2024-12-22 17:00:00,95612.19
2024-12-22 18:00:00,95955.22
2024-12-22 19:00:00,94836.55
2024-12-22 20:00:00,95592.49
2024-12-22 21:00:00,95203.11
2024-12-22 22:00:00,95547.41
2024-12-22 23:00:00,95186.27
2024-12-23 00:00:00,94390.84
2024-12-23 01:00:00,94449.99
2024-12-23 02:00:00,94723.96
2024-12-23 03:00:00,96025.15
2024-12-23 04:00:00,95832.03
2024-12-23 05:00:00,95608.02
2024-12-23 06:00:00,94824.83
2024-12-23 07:00:00,95404.01
2024-12-23 08:00:00,95503.87
2024-12-23 09:00:00,96013.72
2024-12-23 10:00:00,96392.39
2024-12-23 11:00:00,95932.42
2024-12-23 12:00:00,96305.0
2024-12-23 13:00:00,94924.34
2024-12-23 14:00:00,94389.67
2024-12-23 15:00:00,93250.37
2024-12-23 16:00:00,93980.61
2024-12-23 17:00:00,93364.26
2024-12-23 18:00:00,92758.55
2024-12-23 19:00:00,93044.79
2024-12-23 20:00:00,93186.34
2024-12-23 21:00:00,93964.01
2024-12-23 22:00:00,95191.81
2024-12-23 23:00:00,94881.47
2024-12-24 00:00:00,94550.22
2024-12-24 01:00:00,94123.43
2024-12-24 02:00:00,93961.45
2024-12-24 03:00:00,94348.75
2024-12-24 04:00:00,94412.3
2024-12-24 05:00:00,94606.06
2024-12-24 06:00:00,93918.99
2024-12-24 07:00:00,94233.19
2024-12-24 08:00:00,94495.77
2024-12-24 09:00:00,94068.01
2024-12-24 10:00:00,93972.01
2024-12-24 11:00:00,94398.6
2024-12-24 12:00:00,94304.32
2024-12-24 13:00:00,96085.02
2024-12-24 14:00:00,97465.06
2024-12-24 15:00:00,98300.0
2024-12-24 16:00:00,98496.23
2024-12-24 17:00:00,98797.47
2024-12-24 18:00:00,98618.66
2024-12-24 19:00:00,97581.09
2024-12-24 20:00:00,97298.01
2024-12-24 21:00:00,98397.96
2024-12-24 22:00:00,98777.11
2024-12-24 23:00:00,98663.58
2024-12-25 00:00:00,98418.42
2024-12-25 01:00:00,97983.18
2024-12-25 02:00:00,98131.07
2024-12-25 03:00:00,98029.48
2024-12-25 04:00:00,98236.01
2024-12-25 05:00:00,98279.28
2024-12-25 06:00:00,97884.38
2024-12-25 07:00:00,98084.33
2024-12-25 08:00:00,98069.71
2024-12-25 09:00:00,98189.54
2024-12-25 10:00:00,98457.0
2024-12-25 11:00:00,97907.61
2024-12-25 12:00:00,98176.03
2024-12-25 13:00:00,98462.56
2024-12-25 14:00:00,98710.0
2024-12-25 15:00:00,98519.98
2024-12-25 16:00:00,98425.51
2024-12-25 17:00:00,98570.82
2024-12-25 18:00:00,98756.26
2024-12-25 19:00:00,99018.52
2024-12-25 20:00:00,99144.62
2024-12-25 21:00:00,98506.36
2024-12-25 22:00:00,98811.16
2024-12-25 23:00:00,99429.6
2024-12-26 00:00:00,99028.66
2024-12-26 01:00:00,99057.01
2024-12-26 02:00:00,98750.34
2024-12-26 03:00:00,98995.17
2024-12-26 04:00:00,98300.0
2024-12-26 05:00:00,98375.01
2024-12-26 06:00:00,98121.2
2024-12-26 07:00:00,97719.99
2024-12-26 08:00:00,95878.56
2024-12-26 09:00:00,95439.25
2024-12-26 10:00:00,95500.02
2024-12-26 11:00:00,95695.81
2024-12-26 12:00:00,95680.71
2024-12-26 13:00:00,95704.44
2024-12-26 14:00:00,95449.36
2024-12-26 15:00:00,96042.88
2024-12-26 16:00:00,96519.47
2024-12-26 17:00:00,95824.27
2024-12-26 18:00:00,95743.44
2024-12-26 19:00:00,96102.25
2024-12-26 20:00:00,95589.6
2024-12-26 21:00:00,95812.63
2024-12-26 22:00:00,95821.92
2024-12-26 23:00:00,95791.6
2024-12-27 00:00:00,95794.56
2024-12-27 01:00:00,95917.03
2024-12-27 02:00:00,96073.77
2024-12-27 03:00:00,96417.84
2024-12-27 04:00:00,96300.0
2024-12-27 05:00:00,96238.89
2024-12-27 06:00:00,96594.16
2024-12-27 07:00:00,95104.76
2024-12-27 08:00:00,95724.02
2024-12-27 09:00:00,96774.13
2024-12-27 10:00:00,96605.46
2024-12-27 11:00:00,96952.38
2024-12-27 12:00:00,96686.75
2024-12-27 13:00:00,96407.99
2024-12-27 14:00:00,95691.99
2024-12-27 15:00:00,94573.75
2024-12-27 16:00:00,94165.92
2024-12-27 17:00:00,94291.3
2024-12-27 18:00:00,94566.06
2024-12-27 19:00:00,94750.0
2024-12-27 20:00:00,94588.12
2024-12-27 21:00:00,94526.07
2024-12-27 22:00:00,94437.75
2024-12-27 23:00:00,94299.03
2024-12-28 00:00:00,94398.75
2024-12-28 01:00:00,94556.93
2024-12-28 02:00:00,94338.0
2024-12-28 03:00:00,94594.91
2024-12-28 04:00:00,94524.0
2024-12-28 05:00:00,94625.64
2024-12-28 06:00:00,94466.49
2024-12-28 07:00:00,94381.99
2024-12-28 08:00:00,94488.01
2024-12-28 09:00:00,94589.27
2024-12-28 10:00:00,94619.99
2024-12-28 11:00:00,94754.83
2024-12-28 12:00:00,94599.57
2024-12-28 13:00:00,94665.94
2024-12-28 14:00:00,94583.99
2024-12-28 15:00:00,94447.29
2024-12-28 16:00:00,94874.89
2024-12-28 17:00:00,95022.57
2024-12-28 18:00:00,94837.31
2024-12-28 19:00:00,95027.76
2024-12-28 20:00:00,95083.05
2024-12-28 21:00:00,95171.67
2024-12-28 22:00:00,95326.4
2024-12-28 23:00:00,95300.0
2024-12-29 00:00:00,95148.49
2024-12-29 01:00:00,94857.65
2024-12-29 02:00:00,95154.5
2024-12-29 03:00:00,95172.4
2024-12-29 04:00:00,95126.39
2024-12-29 05:00:00,95118.89
2024-12-29 06:00:00,95181.7
2024-12-29 07:00:00,95272.04
2024-12-29 08:00:00,95123.33
2024-12-29 09:00:00,95190.49
2024-12-29 10:00:00,95167.83
2024-12-29 11:00:00,95032.57
2024-12-29 12:00:00,94907.89
2024-12-29 13:00:00,94928.2
2024-12-29 14:00:00,94623.67
2024-12-29 15:00:00,94511.12
2024-12-29 16:00:00,93900.01
2024-12-29 17:00:00,93945.01
2024-12-29 18:00:00,93652.0
2024-12-29 19:00:00,93612.89
2024-12-29 20:00:00,93858.55
2024-12-29 21:00:00,93352.65
2024-12-29 22:00:00,93135.32
2024-12-29 23:00:00,93738.2
2024-12-30 00:00:00,93583.96
2024-12-30 01:00:00,93948.42
2024-12-30 02:00:00,93906.41
2024-12-30 03:00:00,93722.71
2024-12-30 04:00:00,93280.26
2024-12-30 05:00:00,93581.53
2024-12-30 06:00:00,93901.29
2024-12-30 07:00:00,93731.65
2024-12-30 08:00:00,93851.11
2024-12-30 09:00:00,93892.35
2024-12-30 10:00:00,93793.27
2024-12-30 11:00:00,93923.14
2024-12-30 12:00:00,93750.69
2024-12-30 13:00:00,92680.52
2024-12-30 14:00:00,91883.99
2024-12-30 15:00:00,92130.21
2024-12-30 16:00:00,92120.6
2024-12-30 17:00:00,93832.83
2024-12-30 18:00:00,94583.99
2024-12-30 19:00:00,94417.04
2024-12-30 20:00:00,94338.8
2024-12-30 21:00:00,92076.0
2024-12-30 22:00:00,92784.75
2024-12-30 23:00:00,92792.05
2024-12-31 00:00:00,92450.0
2024-12-31 01:00:00,92435.57
2024-12-31 02:00:00,92476.35
2024-12-31 03:00:00,92509.59
2024-12-31 04:00:00,92448.0
2024-12-31 05:00:00,92596.08
2024-12-31 06:00:00,92816.0
2024-12-31 07:00:00,92860.75
2024-12-31 08:00:00,93933.38
2024-12-31 09:00:00,94023.88
2024-12-31 10:00:00,94113.69
2024-12-31 11:00:00,94232.68
2024-12-31 12:00:00,94539.85
2024-12-31 13:00:00,95587.12
2024-12-31 14:00:00,95679.17
2024-12-31 15:00:00,95412.0
2024-12-31 16:00:00,94868.42
2024-12-31 17:00:00,94120.94
2024-12-31 18:00:00,93875.68
2024-12-31 19:00:00,94166.88
2024-12-31 20:00:00,93564.04
2024-12-31 21:00:00,93899.68
2024-12-31 22:00:00,93488.84
2024-12-31 23:00:00,93576.0
2025-01-01 00:00:00,94401.14
2025-01-01 01:00:00,93607.74
2025-01-01 02:00:00,94098.91
2025-01-01 03:00:00,93838.04
2025-01-01 04:00:00,93553.91
2025-01-01 05:00:00,93792.02
2025-01-01 06:00:00,93757.58
2025-01-01 07:00:00,93684.1
2025-01-01 08:00:00,93428.46
2025-01-01 09:00:00,93413.06
2025-01-01 10:00:00,93326.23
2025-01-01 11:00:00,93444.64
2025-01-01 12:00:00,93820.76
2025-01-01 13:00:00,94031.76
2025-01-01 14:00:00,94175.89
2025-01-01 15:00:00,94432.94
2025-01-01 16:00:00,94090.49
2025-01-01 17:00:00,94143.85
2025-01-01 18:00:00,94340.06
2025-01-01 19:00:00,94627.07
2025-01-01 20:00:00,94786.23
2025-01-01 21:00:00,94978.48
2025-01-01 22:00:00,94802.98
2025-01-01 23:00:00,94591.79
2025-01-02 00:00:00,95128.59
2025-01-02 01:00:00,94862.72
2025-01-02 02:00:00,95234.36
2025-01-02 03:00:00,95010.33
2025-01-02 04:00:00,95708.07
2025-01-02 05:00:00,95596.48
2025-01-02 06:00:00,95574.99
2025-01-02 07:00:00,95822.0
2025-01-02 08:00:00,96150.0
2025-01-02 09:00:00,96755.51
2025-01-02 10:00:00,96708.0
2025-01-02 11:00:00,96732.99
2025-01-02 12:00:00,96850.01
2025-01-02 13:00:00,96458.17
2025-01-02 14:00:00,97256.49
2025-01-02 15:00:00,96455.01
2025-01-02 16:00:00,97229.74
2025-01-02 17:00:00,96757.57
2025-01-02 18:00:00,97319.74
2025-01-02 19:00:00,97317.74
2025-01-02 20:00:00,97306.46
2025-01-02 21:00:00,97212.68
2025-01-02 22:00:00,96911.04
2025-01-02 23:00:00,96984.79
2025-01-03 00:00:00,96825.82
2025-01-03 01:00:00,96985.47
2025-01-03 02:00:00,96966.85
2025-01-03 03:00:00,97062.3
2025-01-03 04:00:00,96813.41
2025-01-03 05:00:00,96765.34
2025-01-03 06:00:00,96539.49
2025-01-03 07:00:00,96304.0
2025-01-03 08:00:00,96129.97
2025-01-03 09:00:00,96554.32
2025-01-03 10:00:00,96488.53
2025-01-03 11:00:00,96757.58
2025-01-03 12:00:00,96666.66
2025-01-03 13:00:00,96504.79
2025-01-03 14:00:00,97016.01
2025-01-03 15:00:00,97521.35
2025-01-03 16:00:00,97868.2
2025-01-03 17:00:00,98026.0
2025-01-03 18:00:00,98527.98
2025-01-03 19:00:00,98592.01
2025-01-03 20:00:00,98311.52
2025-01-03 21:00:00,98272.7
2025-01-03 22:00:00,98296.37
2025-01-03 23:00:00,98174.18
2025-01-04 00:00:00,97950.01
2025-01-04 01:00:00,98040.0
2025-01-04 02:00:00,98304.51
2025-01-04 03:00:00,98200.0
2025-01-04 04:00:00,98001.0
2025-01-04 05:00:00,98126.21
2025-01-04 06:00:00,98127.54
2025-01-04 07:00:00,98271.88
2025-01-04 08:00:00,97906.07
2025-01-04 09:00:00,97690.37
2025-01-04 10:00:00,97789.32
2025-01-04 11:00:00,97889.39
2025-01-04 12:00:00,97888.12
2025-01-04 13:00:00,97973.05
2025-01-04 14:00:00,98035.04
2025-01-04 15:00:00,97657.94
2025-01-04 16:00:00,97704.6
2025-01-04 17:00:00,98016.26
2025-01-04 18:00:00,97961.56
2025-01-04 19:00:00,98166.26
2025-01-04 20:00:00,98599.02
2025-01-04 21:00:00,98362.43
2025-01-04 22:00:00,98417.25
2025-01-04 23:00:00,98220.5
2025-01-05 00:00:00,98213.43
2025-01-05 01:00:00,98123.53
2025-01-05 02:00:00,98227.48
2025-01-05 03:00:00,98187.96
2025-01-05 04:00:00,98357.46
2025-01-05 05:00:00,98358.98
2025-01-05 06:00:00,98451.47
2025-01-05 07:00:00,98268.77
2025-01-05 08:00:00,97861.04
2025-01-05 09:00:00,97652.2
2025-01-05 10:00:00,97737.48
2025-01-05 11:00:00,97641.63
2025-01-05 12:00:00,97770.01
2025-01-05 13:00:00,97689.96
2025-01-05 14:00:00,97855.06
2025-01-05 15:00:00,98028.98
2025-01-05 16:00:00,98035.17
2025-01-05 17:00:00,97731.08
2025-01-05 18:00:00,97918.91
2025-01-05 19:00:00,98079.63
2025-01-05 20:00:00,98275.71
2025-01-05 21:00:00,98496.52
2025-01-05 22:00:00,98695.21
2025-01-05 23:00:00,98363.61
2025-01-06 00:00:00,98217.23
2025-01-06 01:00:00,98759.43
2025-01-06 02:00:00,98815.39
2025-01-06 03:00:00,99037.57
2025-01-06 04:00:00,99466.09
2025-01-06 05:00:00,99600.0
2025-01-06 06:00:00,99512.21
2025-01-06 07:00:00,99318.7
2025-01-06 08:00:00,99043.49
2025-01-06 09:00:00,98999.99
2025-01-06 10:00:00,98767.96
2025-01-06 11:00:00,99259.99
2025-01-06 12:00:00,99157.12
2025-01-06 13:00:00,99492.51
2025-01-06 14:00:00,100737.03
2025-01-06 15:00:00,102147.95
2025-01-06 16:00:00,102158.67
2025-01-06 17:00:00,101831.95
2025-01-06 18:00:00,101738.8
2025-01-06 19:00:00,101817.22
2025-01-06 20:00:00,102127.38
2025-01-06 21:00:00,101611.92
2025-01-06 22:00:00,102011.98
2025-01-06 23:00:00,102235.6
2025-01-07 00:00:00,102042.46
2025-01-07 01:00:00,101915.66
2025-01-07 02:00:00,101677.66
2025-01-07 03:00:00,101708.08
2025-01-07 04:00:00,101667.02
2025-01-07 05:00:00,101743.47
2025-01-07 06:00:00,101820.53
2025-01-07 07:00:00,101664.81
2025-01-07 08:00:00,101905.08
2025-01-07 09:00:00,101723.19
2025-01-07 10:00:00,101406.78
2025-01-07 11:00:00,100830.86
2025-01-07 12:00:00,100750.89
2025-01-07 13:00:00,100636.8
2025-01-07 14:00:00,99979.69
2025-01-07 15:00:00,97952.26
2025-01-07 16:00:00,97733.58
2025-01-07 17:00:00,97277.31
2025-01-07 18:00:00,96750.86
2025-01-07 19:00:00,96451.98
2025-01-07 20:00:00,96533.35
2025-01-07 21:00:00,96501.22
2025-01-07 22:00:00,97164.0
2025-01-07 23:00:00,96954.61
2025-01-08 00:00:00,97268.49
2025-01-08 01:00:00,96907.15
2025-01-08 02:00:00,96878.14
2025-01-08 03:00:00,96525.2
2025-01-08 04:00:00,96274.81
2025-01-08 05:00:00,96492.01
2025-01-08 06:00:00,95284.31
2025-01-08 07:00:00,95657.09
2025-01-08 08:00:00,95945.99
2025-01-08 09:00:00,95432.82
2025-01-08 10:00:00,95961.02
2025-01-08 11:00:00,95134.92
2025-01-08 12:00:00,94888.01
2025-01-08 13:00:00,95384.0
2025-01-08 14:00:00,95288.01
2025-01-08 15:00:00,95493.77
2025-01-08 16:00:00,94787.87
2025-01-08 17:00:00,94030.82
2025-01-08 18:00:00,94242.61
2025-01-08 19:00:00,94243.89
2025-01-08 20:00:00,93980.0
2025-01-08 21:00:00,94468.97
2025-01-08 22:00:00,95290.93
2025-01-08 23:00:00,95060.61
2025-01-09 00:00:00,95135.3
2025-01-09 01:00:00,94983.82
2025-01-09 02:00:00,94776.99
2025-01-09 03:00:00,94027.9
2025-01-09 04:00:00,94424.24
2025-01-09 05:00:00,94472.58
2025-01-09 06:00:00,94095.03
2025-01-09 07:00:00,93221.59
2025-01-09 08:00:00,93030.87
2025-01-09 09:00:00,93516.62
2025-01-09 10:00:00,93462.43
2025-01-09 11:00:00,93465.23
2025-01-09 12:00:00,93421.94
2025-01-09 13:00:00,91986.42
2025-01-09 14:00:00,92863.8
2025-01-09 15:00:00,94244.02
2025-01-09 16:00:00,94250.95
2025-01-09 17:00:00,92693.11
2025-01-09 18:00:00,93020.11
2025-01-09 19:00:00,91909.59
2025-01-09 20:00:00,91903.22
2025-01-09 21:00:00,92108.84
2025-01-09 22:00:00,92456.32
2025-01-09 23:00:00,92552.49
2025-01-10 00:00:00,92775.84
2025-01-10 01:00:00,93102.52
2025-01-10 02:00:00,93364.36
2025-01-10 03:00:00,93696.13
2025-01-10 04:00:00,93837.69
2025-01-10 05:00:00,93956.83
2025-01-10 06:00:00,94252.83
2025-01-10 07:00:00,94492.63
2025-01-10 08:00:00,94680.01
2025-01-10 09:00:00,94793.08
2025-01-10 10:00:00,95215.73
2025-01-10 11:00:00,95073.95
2025-01-10 12:00:00,95023.44
2025-01-10 13:00:00,93557.23
2025-01-10 14:00:00,94115.63
2025-01-10 15:00:00,93730.92
2025-01-10 16:00:00,93645.05
2025-01-10 17:00:00,95793.05
2025-01-10 18:00:00,94861.62
2025-01-10 19:00:00,95327.06
2025-01-10 20:00:00,94672.05
2025-01-10 21:00:00,94613.26
2025-01-10 22:00:00,94767.7
2025-01-10 23:00:00,94726.11
2025-01-11 00:00:00,94600.69
2025-01-11 01:00:00,94424.26
2025-01-11 02:00:00,94424.24
2025-01-11 03:00:00,94206.95
2025-01-11 04:00:00,94063.29
2025-01-11 05:00:00,94366.69
2025-01-11 06:00:00,94216.25
2025-01-11 07:00:00,94246.36
2025-01-11 08:00:00,94074.79
2025-01-11 09:00:00,94329.45
2025-01-11 10:00:00,94488.86
2025-01-11 11:00:00,94625.65
2025-01-11 12:00:00,94550.01
2025-01-11 13:00:00,94400.01
2025-01-11 14:00:00,94620.0
2025-01-11 15:00:00,94410.26
2025-01-11 16:00:00,94448.14
2025-01-11 17:00:00,94151.52
2025-01-11 18:00:00,94275.79
2025-01-11 19:00:00,94249.26
2025-01-11 20:00:00,94586.11
2025-01-11 21:00:00,94940.76
2025-01-11 22:00:00,94593.8
2025-01-11 23:00:00,94599.99
2025-01-12 00:00:00,94452.07
2025-01-12 01:00:00,94580.0
2025-01-12 02:00:00,94625.25
2025-01-12 03:00:00,94622.4
2025-01-12 04:00:00,94587.99
2025-01-12 05:00:00,94571.43
2025-01-12 06:00:00,94381.78
2025-01-12 07:00:00,94323.85
2025-01-12 08:00:00,94170.01
2025-01-12 09:00:00,93906.22
2025-01-12 10:00:00,94015.16
2025-01-12 11:00:00,94255.1
2025-01-12 12:00:00,94328.2
2025-01-12 13:00:00,94663.78
2025-01-12 14:00:00,94811.0
2025-01-12 15:00:00,95071.9
2025-01-12 16:00:00,95046.76
2025-01-12 17:00:00,95139.45
2025-01-12 18:00:00,94992.64
2025-01-12 19:00:00,94650.26
2025-01-12 20:00:00,94687.69
2025-01-12 21:00:00,94352.7
2025-01-12 22:00:00,93962.91
2025-01-12 23:00:00,94545.06
2025-01-13 00:00:00,95325.43
2025-01-13 01:00:00,94218.01
2025-01-13 02:00:00,94217.43
2025-01-13 03:00:00,94269.23
2025-01-13 04:00:00,94503.34
2025-01-13 05:00:00,94181.37
2025-01-13 06:00:00,93637.37
2025-01-13 07:00:00,93590.24
2025-01-13 08:00:00,93039.1
2025-01-13 09:00:00,92846.79
2025-01-13 10:00:00,91644.96
2025-01-13 11:00:00,90851.22
2025-01-13 12:00:00,90732.0
2025-01-13 13:00:00,91131.41
2025-01-13 14:00:00,91833.03
2025-01-13 15:00:00,92123.75
2025-01-13 16:00:00,91343.2
2025-01-13 17:00:00,91983.96
2025-01-13 18:00:00,92077.65
2025-01-13 19:00:00,92312.18
2025-01-13 20:00:00,93575.53
2025-01-13 21:00:00,94193.49
2025-01-13 22:00:00,94399.98
2025-01-13 23:00:00,94536.1
2025-01-14 00:00:00,94470.77
2025-01-14 01:00:00,94834.5
2025-01-14 02:00:00,94882.65
2025-01-14 03:00:00,94861.4
2025-01-14 04:00:00,95119.19
2025-01-14 05:00:00,94916.08
2025-01-14 06:00:00,95031.94
2025-01-14 07:00:00,94864.0
2025-01-14 08:00:00,95488.5
2025-01-14 09:00:00,97159.44
2025-01-14 10:00:00,96697.08
2025-01-14 11:00:00,96548.04
2025-01-14 12:00:00,95988.0
2025-01-14 13:00:00,96336.0
2025-01-14 14:00:00,96293.6
2025-01-14 15:00:00,96471.65
2025-01-14 16:00:00,95745.43
2025-01-14 17:00:00,96527.96
2025-01-14 18:00:00,96777.8
2025-01-14 19:00:00,96537.8
2025-01-14 20:00:00,96505.04
2025-01-14 21:00:00,96486.09
2025-01-14 22:00:00,96691.91
2025-01-14 23:00:00,96560.86
2025-01-15 00:00:00,96889.36
2025-01-15 01:00:00,97349.62
2025-01-15 02:00:00,96824.06
2025-01-15 03:00:00,97317.12
2025-01-15 04:00:00,97189.71
2025-01-15 05:00:00,97029.97
2025-01-15 06:00:00,97105.48
2025-01-15 07:00:00,97301.35
2025-01-15 08:00:00,97202.26
2025-01-15 09:00:00,96816.47
2025-01-15 10:00:00,96933.59
2025-01-15 11:00:00,96762.18
2025-01-15 12:00:00,96942.93
2025-01-15 13:00:00,98964.0
2025-01-15 14:00:00,99434.41
2025-01-15 15:00:00,98992.42
2025-01-15 16:00:00,98995.58
2025-01-15 17:00:00,98645.65
2025-01-15 18:00:00,99446.14
2025-01-15 19:00:00,99844.9
2025-01-15 20:00:00,99566.4
2025-01-15 21:00:00,99672.0
2025-01-15 22:00:00,99713.46
2025-01-15 23:00:00,100497.35
2025-01-16 00:00:00,99869.26
2025-01-16 01:00:00,100082.35
2025-01-16 02:00:00,99637.77
2025-01-16 03:00:00,99478.03
2025-01-16 04:00:00,99610.0
2025-01-16 05:00:00,99382.11
2025-01-16 06:00:00,99801.23
2025-01-16 07:00:00,99799.99
2025-01-16 08:00:00,98955.8
2025-01-16 09:00:00,99152.93
2025-01-16 10:00:00,99214.25
2025-01-16 11:00:00,99158.71
2025-01-16 12:00:00,99392.09
2025-01-16 13:00:00,99084.04
2025-01-16 14:00:00,97618.89
2025-01-16 15:00:00,99296.17
2025-01-16 16:00:00,99346.39
2025-01-16 17:00:00,99838.54
2025-01-16 18:00:00,99584.24
2025-01-16 19:00:00,100417.2
2025-01-16 20:00:00,100343.99
2025-01-16 21:00:00,100156.98
2025-01-16 22:00:00,99838.25
2025-01-16 23:00:00,99987.3
2025-01-17 00:00:00,100120.58
2025-01-17 01:00:00,101659.8
2025-01-17 02:00:00,101100.0
2025-01-17 03:00:00,101051.73
2025-01-17 04:00:00,101481.29
2025-01-17 05:00:00,101334.05
2025-01-17 06:00:00,101408.99
2025-01-17 07:00:00,101440.5
2025-01-17 08:00:00,102136.01
2025-01-17 09:00:00,101861.26
2025-01-17 10:00:00,102321.53
2025-01-17 11:00:00,102237.6
2025-01-17 12:00:00,102745.69
2025-01-17 13:00:00,102474.14
2025-01-17 14:00:00,103378.95
2025-01-17 15:00:00,104000.0
2025-01-17 16:00:00,104972.81
2025-01-17 17:00:00,104125.46
2025-01-17 18:00:00,104835.68
2025-01-17 19:00:00,105834.93
2025-01-17 20:00:00,104692.7
2025-01-17 21:00:00,104604.49
2025-01-17 22:00:00,104410.39
2025-01-17 23:00:00,104077.48
2025-01-18 00:00:00,104656.87
2025-01-18 01:00:00,104268.14
2025-01-18 02:00:00,104327.98
2025-01-18 03:00:00,103559.82
2025-01-18 04:00:00,103599.27
2025-01-18 05:00:00,102829.27
2025-01-18 06:00:00,103440.39
2025-01-18 07:00:00,102821.75
2025-01-18 08:00:00,103272.0
2025-01-18 09:00:00,103159.29
2025-01-18 10:00:00,103184.64
2025-01-18 11:00:00,103589.29
2025-01-18 12:00:00,103457.34
2025-01-18 13:00:00,104365.81
2025-01-18 14:00:00,103993.03
2025-01-18 15:00:00,104568.96
2025-01-18 16:00:00,103253.66
2025-01-18 17:00:00,103826.16
2025-01-18 18:00:00,104084.74
2025-01-18 19:00:00,104382.01
2025-01-18 20:00:00,104035.42
2025-01-18 21:00:00,103889.29
2025-01-18 22:00:00,104291.3
2025-01-18 23:00:00,104556.23
2025-01-19 00:00:00,104108.0
2025-01-19 01:00:00,104486.83
2025-01-19 02:00:00,104877.96
2025-01-19 03:00:00,104984.01
2025-01-19 04:00:00,105032.03
2025-01-19 05:00:00,105116.52
2025-01-19 06:00:00,105568.29
2025-01-19 07:00:00,105167.12
2025-01-19 08:00:00,104428.24
2025-01-19 09:00:00,105299.81
2025-01-19 10:00:00,104823.86
2025-01-19 11:00:00,104363.23
2025-01-19 12:00:00,104936.54
2025-01-19 13:00:00,104964.71
2025-01-19 14:00:00,105160.0
2025-01-19 15:00:00,104936.35
2025-01-19 16:00:00,104963.11
2025-01-19 17:00:00,105115.8
2025-01-19 18:00:00,105042.9
2025-01-19 19:00:00,106200.0
2025-01-19 20:00:00,106275.49
2025-01-19 21:00:00,103684.44
2025-01-19 22:00:00,103414.0
2025-01-19 23:00:00,101331.57
2025-01-20 00:00:00,99794.51
2025-01-20 01:00:00,100692.82
2025-01-20 02:00:00,101926.42
2025-01-20 03:00:00,101891.93
2025-01-20 04:00:00,102232.34
2025-01-20 05:00:00,102344.2
2025-01-20 06:00:00,107486.5
2025-01-20 07:00:00,107120.65
2025-01-20 08:00:00,108320.01
2025-01-20 09:00:00,108132.05
2025-01-20 10:00:00,107964.56
2025-01-20 11:00:00,108239.19
2025-01-20 12:00:00,106917.59
2025-01-20 13:00:00,107956.31
2025-01-20 14:00:00,107866.65
2025-01-20 15:00:00,104957.99
2025-01-20 16:00:00,106670.38
2025-01-20 17:00:00,102963.32
2025-01-20 18:00:00,103930.66
2025-01-20 19:00:00,103691.63
2025-01-20 20:00:00,103647.16
2025-01-20 21:00:00,102596.0
2025-01-20 22:00:00,103608.0
2025-01-20 23:00:00,102260.01
2025-01-21 00:00:00,101187.75
2025-01-21 01:00:00,101498.24
2025-01-21 02:00:00,102545.56
2025-01-21 03:00:00,102936.01
2025-01-21 04:00:00,102344.2
2025-01-21 05:00:00,101365.98
2025-01-21 06:00:00,102176.04
2025-01-21 07:00:00,101989.05
2025-01-21 08:00:00,102466.81
2025-01-21 09:00:00,102707.08
2025-01-21 10:00:00,103160.85
2025-01-21 11:00:00,103758.25
2025-01-21 12:00:00,104519.98
2025-01-21 13:00:00,104457.07
2025-01-21 14:00:00,103260.91
2025-01-21 15:00:00,103943.0
2025-01-21 16:00:00,104965.99
2025-01-21 17:00:00,106173.26
2025-01-21 18:00:00,106861.18
2025-01-21 19:00:00,107031.34
2025-01-21 20:00:00,106137.51
2025-01-21 21:00:00,106772.23
2025-01-21 22:00:00,105996.01
2025-01-21 23:00:00,106143.82
2025-01-22 00:00:00,105948.0
2025-01-22 01:00:00,105799.99
2025-01-22 02:00:00,105583.89
2025-01-22 03:00:00,105600.01
2025-01-22 04:00:00,105578.41
2025-01-22 05:00:00,105689.15
2025-01-22 06:00:00,105379.81
2025-01-22 07:00:00,105084.77
2025-01-22 08:00:00,105270.03
2025-01-22 09:00:00,104984.83
2025-01-22 10:00:00,105142.76
2025-01-22 11:00:00,105100.39
2025-01-22 12:00:00,105275.86
2025-01-22 13:00:00,104073.94
2025-01-22 14:00:00,104393.66
2025-01-22 15:00:00,104180.01
2025-01-22 16:00:00,103704.64
2025-01-22 17:00:00,104345.8
2025-01-22 18:00:00,103896.01
2025-01-22 19:00:00,104630.0
2025-01-22 20:00:00,104321.1
2025-01-22 21:00:00,104088.03
2025-01-22 22:00:00,103866.79
2025-01-22 23:00:00,103706.66
2025-01-23 00:00:00,103307.51
2025-01-23 01:00:00,102931.94
2025-01-23 02:00:00,102655.34
2025-01-23 03:00:00,102461.25
2025-01-23 04:00:00,102075.22
2025-01-23 05:00:00,102532.52
2025-01-23 06:00:00,102256.7
2025-01-23 07:00:00,102710.27
2025-01-23 08:00:00,102215.75
2025-01-23 09:00:00,101672.01
2025-01-23 10:00:00,101683.61
2025-01-23 11:00:00,101944.49
2025-01-23 12:00:00,101635.58
2025-01-23 13:00:00,102512.28
2025-01-23 14:00:00,105213.5
2025-01-23 15:00:00,105263.52
2025-01-23 16:00:00,105139.18
2025-01-23 17:00:00,105927.78
2025-01-23 18:00:00,105424.39
2025-01-23 19:00:00,103770.04
2025-01-23 20:00:00,103284.48
2025-01-23 21:00:00,103079.08
2025-01-23 22:00:00,103978.82
2025-01-23 23:00:00,103910.34
2025-01-24 00:00:00,103446.62
2025-01-24 01:00:00,103234.3
2025-01-24 02:00:00,103016.01
2025-01-24 03:00:00,103891.75
2025-01-24 04:00:00,104631.99
2025-01-24 05:00:00,105222.15
2025-01-24 06:00:00,104991.01
2025-01-24 07:00:00,105046.8
2025-01-24 08:00:00,105500.76
2025-01-24 09:00:00,105146.67
2025-01-24 10:00:00,105416.75
2025-01-24 11:00:00,105420.1
2025-01-24 12:00:00,105526.58
2025-01-24 13:00:00,105118.07
2025-01-24 14:00:00,105758.0
2025-01-24 15:00:00,105859.98
2025-01-24 16:00:00,105645.89
2025-01-24 17:00:00,106458.46
2025-01-24 18:00:00,106327.72
2025-01-24 19:00:00,105760.94
2025-01-24 20:00:00,104859.11
2025-01-24 21:00:00,105124.61
2025-01-24 22:00:00,104777.25
2025-01-24 23:00:00,104870.5
2025-01-25 00:00:00,104419.59
2025-01-25 01:00:00,104738.0
2025-01-25 02:00:00,104559.54
2025-01-25 03:00:00,105202.4
2025-01-25 04:00:00,104648.0
2025-01-25 05:00:00,104365.97
2025-01-25 06:00:00,104308.0
2025-01-25 07:00:00,104385.98
2025-01-25 08:00:00,104341.98
2025-01-25 09:00:00,104366.63
2025-01-25 10:00:00,104540.0
2025-01-25 11:00:00,104670.99
2025-01-25 12:00:00,104753.07
2025-01-25 13:00:00,104717.04
2025-01-25 14:00:00,104600.01
2025-01-25 15:00:00,104897.79
2025-01-25 16:00:00,104654.9
2025-01-25 17:00:00,104899.71
2025-01-25 18:00:00,104983.49
2025-01-25 19:00:00,105055.16
2025-01-25 20:00:00,104965.71
2025-01-25 21:00:00,105102.84
2025-01-25 22:00:00,105077.54
2025-01-25 23:00:00,104746.85
2025-01-26 00:00:00,104599.96
2025-01-26 01:00:00,104621.37
2025-01-26 02:00:00,104696.25
2025-01-26 03:00:00,105062.42
2025-01-26 04:00:00,105174.27
2025-01-26 05:00:00,105094.12
2025-01-26 06:00:00,104990.75
2025-01-26 07:00:00,104998.35
2025-01-26 08:00:00,105030.4
2025-01-26 09:00:00,104630.03
2025-01-26 10:00:00,104715.29
2025-01-26 11:00:00,104818.69
2025-01-26 12:00:00,104890.0
2025-01-26 13:00:00,104961.73
2025-01-26 14:00:00,104944.0
2025-01-26 15:00:00,104967.01
2025-01-26 16:00:00,104938.02
2025-01-26 17:00:00,104945.11
2025-01-26 18:00:00,105175.11
2025-01-26 19:00:00,105081.63
2025-01-26 20:00:00,104949.99
2025-01-26 21:00:00,104557.19
2025-01-26 22:00:00,104330.22
2025-01-26 23:00:00,102620.0
2025-01-27 00:00:00,101728.0
2025-01-27 01:00:00,101308.29
2025-01-27 02:00:00,101000.0
2025-01-27 03:00:00,101395.64
2025-01-27 04:00:00,100410.04
2025-01-27 05:00:00,100374.08
2025-01-27 06:00:00,98956.32
2025-01-27 07:00:00,99048.02
2025-01-27 08:00:00,99043.77
2025-01-27 09:00:00,99424.38
2025-01-27 10:00:00,98392.74
2025-01-27 11:00:00,98761.13
2025-01-27 12:00:00,100619.68
2025-01-27 13:00:00,100483.99
2025-01-27 14:00:00,101920.89
2025-01-27 15:00:00,101112.03
2025-01-27 16:00:00,99744.0
2025-01-27 17:00:00,99150.01
2025-01-27 18:00:00,99180.0
2025-01-27 19:00:00,99700.02
2025-01-27 20:00:00,101386.5
2025-01-27 21:00:00,101349.67
2025-01-27 22:00:00,101637.18
2025-01-27 23:00:00,102082.83
2025-01-28 00:00:00,101856.01
2025-01-28 01:00:00,101382.67
2025-01-28 02:00:00,102402.01
2025-01-28 03:00:00,102636.32
2025-01-28 04:00:00,102901.45
2025-01-28 05:00:00,103014.59
2025-01-28 06:00:00,102744.38
2025-01-28 07:00:00,102789.72
2025-01-28 08:00:00,102851.23
2025-01-28 09:00:00,102955.99
2025-01-28 10:00:00,102745.36
2025-01-28 11:00:00,102762.01
2025-01-28 12:00:00,102599.99
2025-01-28 13:00:00,102597.36
2025-01-28 14:00:00,102641.99
2025-01-28 15:00:00,102777.99
2025-01-28 16:00:00,102250.01
2025-01-28 17:00:00,102572.82
2025-01-28 18:00:00,102205.79
2025-01-28 19:00:00,102424.24
2025-01-28 20:00:00,101264.48
2025-01-28 21:00:00,100334.01
2025-01-28 22:00:00,101265.63
2025-01-28 23:00:00,101335.52
2025-01-29 00:00:00,101702.59
2025-01-29 01:00:00,101845.02
2025-01-29 02:00:00,101795.4
2025-01-29 03:00:00,102038.2
2025-01-29 04:00:00,102001.06
2025-01-29 05:00:00,102262.0
2025-01-29 06:00:00,102801.64
2025-01-29 07:00:00,102755.82
2025-01-29 08:00:00,102732.03
2025-01-29 09:00:00,102334.4
2025-01-29 10:00:00,102547.01
2025-01-29 11:00:00,102646.0
2025-01-29 12:00:00,102229.85
2025-01-29 13:00:00,101836.23
2025-01-29 14:00:00,102029.93
2025-01-29 15:00:00,101980.78
2025-01-29 16:00:00,102092.01
2025-01-29 17:00:00,102406.98
2025-01-29 18:00:00,102854.15
2025-01-29 19:00:00,103583.99
2025-01-29 20:00:00,104193.93
2025-01-29 21:00:00,103741.11
2025-01-29 22:00:00,103492.06
2025-01-29 23:00:00,103733.24
2025-01-30 00:00:00,104026.04
2025-01-30 01:00:00,104264.15
2025-01-30 02:00:00,104663.19
2025-01-30 03:00:00,105196.0
2025-01-30 04:00:00,105478.0
2025-01-30 05:00:00,105375.7
2025-01-30 06:00:00,105184.37
2025-01-30 07:00:00,105132.07
2025-01-30 08:00:00,105060.01
2025-01-30 09:00:00,105412.05
2025-01-30 10:00:00,105345.4
2025-01-30 11:00:00,105300.63
2025-01-30 12:00:00,105020.0
2025-01-30 13:00:00,104879.99
2025-01-30 14:00:00,105920.57
2025-01-30 15:00:00,105564.0
2025-01-30 16:00:00,105696.96
2025-01-30 17:00:00,105300.01
2025-01-30 18:00:00,105578.95
2025-01-30 19:00:00,105711.27
2025-01-30 20:00:00,104907.15
2025-01-30 21:00:00,105048.89
2025-01-30 22:00:00,105094.56
2025-01-30 23:00:00,104722.94
2025-01-31 00:00:00,104898.49
2025-01-31 01:00:00,104729.58
2025-01-31 02:00:00,104341.72
2025-01-31 03:00:00,104344.46
2025-01-31 04:00:00,104007.58
2025-01-31 05:00:00,104319.87
2025-01-31 06:00:00,104511.02
2025-01-31 07:00:00,104188.56
2025-01-31 08:00:00,104028.78
2025-01-31 09:00:00,104256.56
2025-01-31 10:00:00,104284.1
2025-01-31 11:00:00,104736.0
2025-01-31 12:00:00,104704.68
2025-01-31 13:00:00,104664.02
2025-01-31 14:00:00,104442.79
2025-01-31 15:00:00,105464.01
2025-01-31 16:00:00,105081.87
2025-01-31 17:00:00,104580.87
2025-01-31 18:00:00,102627.29
2025-01-31 19:00:00,102312.32
2025-01-31 20:00:00,101680.02
2025-01-31 21:00:00,102148.73
2025-01-31 22:00:00,102261.3
2025-01-31 23:00:00,102429.56
2025-02-01 00:00:00,102494.94
2025-02-01 01:00:00,102566.0
2025-02-01 02:00:00,102467.77
2025-02-01 03:00:00,102249.19
2025-02-01 04:00:00,102316.16
2025-02-01 05:00:00,102500.0
2025-02-01 06:00:00,102402.91
2025-02-01 07:00:00,102166.49
2025-02-01 08:00:00,102016.85
2025-02-01 09:00:00,101675.99
2025-02-01 10:00:00,101638.0
2025-02-01 11:00:00,102028.81
2025-02-01 12:00:00,102277.71
2025-02-01 13:00:00,101869.02
2025-02-01 14:00:00,101827.53
2025-02-01 15:00:00,102073.89
2025-02-01 16:00:00,101892.32
2025-02-01 17:00:00,102262.49
2025-02-01 18:00:00,102003.7
2025-02-01 19:00:00,101669.6
2025-02-01 20:00:00,101333.34
2025-02-01 21:00:00,101199.82
2025-02-01 22:00:00,100666.91
2025-02-01 23:00:00,100635.65
2025-02-02 00:00:00,101243.86
2025-02-02 01:00:00,101248.38
2025-02-02 02:00:00,100452.16
2025-02-02 03:00:00,99206.86
2025-02-02 04:00:00,99538.6
2025-02-02 05:00:00,100259.53
2025-02-02 06:00:00,100265.15
2025-02-02 07:00:00,99643.3
2025-02-02 08:00:00,99831.04
2025-02-02 09:00:00,99690.78
2025-02-02 10:00:00,99417.06
2025-02-02 11:00:00,98864.6
2025-02-02 12:00:00,98178.0
2025-02-02 13:00:00,98795.88
2025-02-02 14:00:00,99205.08
2025-02-02 15:00:00,99346.87
2025-02-02 16:00:00,98264.0
2025-02-02 17:00:00,97228.85
2025-02-02 18:00:00,97087.92
2025-02-02 19:00:00,98273.16
2025-02-02 20:00:00,97798.0
2025-02-02 21:00:00,97020.54
2025-02-02 22:00:00,97994.46
2025-02-02 23:00:00,97700.59
2025-02-03 00:00:00,96511.33
2025-02-03 01:00:00,93435.82
2025-02-03 02:00:00,93566.01
2025-02-03 03:00:00,94038.74
2025-02-03 04:00:00,92786.53
2025-02-03 05:00:00,94216.0
2025-02-03 06:00:00,93911.04
2025-02-03 07:00:00,95333.01
2025-02-03 08:00:00,95340.0
2025-02-03 09:00:00,95277.0
2025-02-03 10:00:00,95702.67
2025-02-03 11:00:00,95107.89
2025-02-03 12:00:00,94764.01
2025-02-03 13:00:00,94664.51
2025-02-03 14:00:00,96589.5
2025-02-03 15:00:00,98842.0
2025-02-03 16:00:00,98543.08
2025-02-03 17:00:00,99206.38
2025-02-03 18:00:00,99816.05
2025-02-03 19:00:00,101880.0
2025-02-03 20:00:00,101083.0
2025-02-03 21:00:00,101802.55
2025-02-03 22:00:00,101695.62
2025-02-03 23:00:00,101328.52
2025-02-04 00:00:00,101058.01
2025-02-04 01:00:00,101382.68
2025-02-04 02:00:00,100839.99
2025-02-04 03:00:00,100629.7
2025-02-04 04:00:00,100053.12
2025-02-04 05:00:00,98865.99
2025-02-04 06:00:00,99367.58
2025-02-04 07:00:00,98448.02
2025-02-04 08:00:00,98304.34
2025-02-04 09:00:00,98338.23
2025-02-04 10:00:00,98779.91
2025-02-04 11:00:00,98967.7
2025-02-04 12:00:00,99362.04
2025-02-04 13:00:00,99007.22
2025-02-04 14:00:00,99984.72
2025-02-04 15:00:00,99347.19
2025-02-04 16:00:00,99043.48
2025-02-04 17:00:00,99168.35
2025-02-04 18:00:00,99415.2
2025-02-04 19:00:00,98859.77
2025-02-04 20:00:00,98652.18
2025-02-04 21:00:00,96514.47
2025-02-04 22:00:00,97691.2
2025-02-04 23:00:00,97763.13
2025-02-05 00:00:00,98274.01
2025-02-05 01:00:00,97849.82
2025-02-05 02:00:00,97993.99
2025-02-05 03:00:00,98040.0
2025-02-05 04:00:00,98046.0
2025-02-05 05:00:00,98138.4
2025-02-05 06:00:00,97652.0
2025-02-05 07:00:00,97864.43
2025-02-05 08:00:00,97634.24
2025-02-05 09:00:00,97405.61
2025-02-05 10:00:00,97734.96
2025-02-05 11:00:00,98198.0
2025-02-05 12:00:00,98057.61
2025-02-05 13:00:00,98570.01
2025-02-05 14:00:00,98292.27
2025-02-05 15:00:00,98116.24
2025-02-05 16:00:00,97974.01
2025-02-05 17:00:00,97550.74
2025-02-05 18:00:00,96723.66
2025-02-05 19:00:00,97370.0
2025-02-05 20:00:00,97323.39
2025-02-05 21:00:00,96904.11
2025-02-05 22:00:00,96445.63
2025-02-05 23:00:00,96612.43
2025-02-06 00:00:00,96826.96
2025-02-06 01:00:00,97159.68
2025-02-06 02:00:00,97364.08
2025-02-06 03:00:00,97355.67
2025-02-06 04:00:00,97617.01
2025-02-06 05:00:00,97831.47
2025-02-06 06:00:00,98386.89
2025-02-06 07:00:00,98195.61
2025-02-06 08:00:00,98128.43
2025-02-06 09:00:00,98614.41
2025-02-06 10:00:00,99013.3
2025-02-06 11:00:00,98877.99
2025-02-06 12:00:00,98346.09
2025-02-06 13:00:00,98604.5
2025-02-06 14:00:00,97835.98
2025-02-06 15:00:00,97333.09
2025-02-06 16:00:00,96586.96
2025-02-06 17:00:00,96715.35
2025-02-06 18:00:00,96316.84
2025-02-06 19:00:00,95983.0
2025-02-06 20:00:00,96926.63
2025-02-06 21:00:00,96807.43
2025-02-06 22:00:00,96959.99
2025-02-06 23:00:00,96554.35
2025-02-07 00:00:00,96507.75
2025-02-07 01:00:00,97404.01
2025-02-07 02:00:00,97575.85
2025-02-07 03:00:00,97444.04
2025-02-07 04:00:00,97434.79
2025-02-07 05:00:00,97338.2
2025-02-07 06:00:00,96746.87
2025-02-07 07:00:00,96757.05
2025-02-07 08:00:00,97021.47
2025-02-07 09:00:00,97295.23
2025-02-07 10:00:00,97261.51
2025-02-07 11:00:00,97750.0
2025-02-07 12:00:00,97963.58
2025-02-07 13:00:00,98828.01
2025-02-07 14:00:00,99710.92
2025-02-07 15:00:00,98283.98
2025-02-07 16:00:00,97827.66
2025-02-07 17:00:00,97434.78
2025-02-07 18:00:00,97751.99
2025-02-07 19:00:00,96898.56
2025-02-07 20:00:00,95764.31
2025-02-07 21:00:00,96011.42
2025-02-07 22:00:00,96062.76
2025-02-07 23:00:00,96506.8
2025-02-08 00:00:00,96650.14
2025-02-08 01:00:00,96509.2
2025-02-08 02:00:00,96751.01
2025-02-08 03:00:00,96699.23
2025-02-08 04:00:00,96300.01
2025-02-08 05:00:00,96211.08
2025-02-08 06:00:00,95994.55
2025-02-08 07:00:00,96209.92
2025-02-08 08:00:00,95893.84
2025-02-08 09:00:00,96163.05
2025-02-08 10:00:00,96050.64
2025-02-08 11:00:00,96120.0
2025-02-08 12:00:00,96059.24
2025-02-08 13:00:00,96246.7
2025-02-08 14:00:00,96091.34
2025-02-08 15:00:00,95843.74
2025-02-08 16:00:00,96132.07
2025-02-08 17:00:00,96377.71
2025-02-08 18:00:00,96512.0
2025-02-08 19:00:00,96579.99
2025-02-08 20:00:00,96455.92
2025-02-08 21:00:00,96527.36
2025-02-08 22:00:00,96473.9
2025-02-08 23:00:00,96444.74
2025-02-09 00:00:00,96568.0
2025-02-09 01:00:00,96992.36
2025-02-09 02:00:00,96727.31
2025-02-09 03:00:00,97300.0
2025-02-09 04:00:00,97220.59
2025-02-09 05:00:00,97029.28
2025-02-09 06:00:00,97005.89
2025-02-09 07:00:00,97057.83
2025-02-09 08:00:00,97086.0
2025-02-09 09:00:00,96924.53
2025-02-09 10:00:00,96762.01
2025-02-09 11:00:00,96554.01
2025-02-09 12:00:00,96535.26
2025-02-09 13:00:00,95877.92
2025-02-09 14:00:00,96127.73
2025-02-09 15:00:00,96488.15
2025-02-09 16:00:00,96442.16
2025-02-09 17:00:00,96171.17
2025-02-09 18:00:00,96212.0
2025-02-09 19:00:00,96064.74
2025-02-09 20:00:00,96322.24
2025-02-09 21:00:00,95173.78
2025-02-09 22:00:00,95831.64
2025-02-09 23:00:00,96462.75
2025-02-10 00:00:00,96717.98
2025-02-10 01:00:00,95576.0
2025-02-10 02:00:00,95798.82
2025-02-10 03:00:00,96814.98
2025-02-10 04:00:00,96935.46
2025-02-10 05:00:00,97015.26
2025-02-10 06:00:00,97142.43
2025-02-10 07:00:00,97429.83
2025-02-10 08:00:00,97683.99
2025-02-10 09:00:00,97664.78
2025-02-10 10:00:00,97728.29
2025-02-10 11:00:00,97661.16
2025-02-10 12:00:00,97358.58
2025-02-10 13:00:00,98215.72
2025-02-10 14:00:00,97270.64
2025-02-10 15:00:00,97218.69
2025-02-10 16:00:00,97300.75
2025-02-10 17:00:00,97500.0
2025-02-10 18:00:00,97549.99
2025-02-10 19:00:00,97376.0
2025-02-10 20:00:00,97331.95
2025-02-10 21:00:00,97375.81
2025-02-10 22:00:00,97390.26
2025-02-10 23:00:00,97430.82
2025-02-11 00:00:00,97783.12
2025-02-11 01:00:00,97994.23
2025-02-11 02:00:00,97764.0
2025-02-11 03:00:00,97607.3
2025-02-11 04:00:00,98064.93
2025-02-11 05:00:00,98412.24
2025-02-11 06:00:00,98424.33
2025-02-11 07:00:00,98268.97
2025-02-11 08:00:00,98223.79
2025-02-11 09:00:00,97999.99
2025-02-11 10:00:00,97961.25
2025-02-11 11:00:00,98151.52
2025-02-11 12:00:00,97766.13
2025-02-11 13:00:00,96799.53
2025-02-11 14:00:00,96962.03
2025-02-11 15:00:00,97007.53
2025-02-11 16:00:00,96365.05
2025-02-11 17:00:00,96165.29
2025-02-11 18:00:00,95469.28
2025-02-11 19:00:00,95040.82
2025-02-11 20:00:00,95305.0
2025-02-11 21:00:00,96390.23
2025-02-11 22:00:00,95580.23
2025-02-11 23:00:00,95778.2
2025-02-12 00:00:00,96060.0
2025-02-12 01:00:00,96207.32
2025-02-12 02:00:00,95579.14
2025-02-12 03:00:00,95299.27
2025-02-12 04:00:00,95556.98
2025-02-12 05:00:00,95886.54
2025-02-12 06:00:00,95817.87
2025-02-12 07:00:00,96069.58
2025-02-12 08:00:00,96358.46
2025-02-12 09:00:00,96129.28
2025-02-12 10:00:00,95978.01
2025-02-12 11:00:00,96094.65
2025-02-12 12:00:00,95982.97
2025-02-12 13:00:00,94975.38
2025-02-12 14:00:00,95628.91
2025-02-12 15:00:00,95816.18
2025-02-12 16:00:00,96986.14
2025-02-12 17:00:00,97354.89
2025-02-12 18:00:00,96921.43
2025-02-12 19:00:00,97205.06
2025-02-12 20:00:00,97025.24
2025-02-12 21:00:00,97646.5
2025-02-12 22:00:00,97806.57
2025-02-12 23:00:00,97869.99
2025-02-13 00:00:00,97818.91
2025-02-13 01:00:00,97986.19
2025-02-13 02:00:00,97473.66
2025-02-13 03:00:00,97498.42
2025-02-13 04:00:00,96927.46
2025-02-13 05:00:00,96666.38
2025-02-13 06:00:00,96056.72
2025-02-13 07:00:00,96070.23
2025-02-13 08:00:00,95943.62
2025-02-13 09:00:00,96262.25
2025-02-13 10:00:00,96155.86
2025-02-13 11:00:00,95925.11
2025-02-13 12:00:00,95820.28
2025-02-13 13:00:00,96074.66
2025-02-13 14:00:00,95857.03
2025-02-13 15:00:00,95998.0
2025-02-13 16:00:00,95359.22
2025-02-13 17:00:00,95692.09
2025-02-13 18:00:00,95964.01
2025-02-13 19:00:00,95627.76
2025-02-13 20:00:00,96264.52
2025-02-13 21:00:00,96488.0
2025-02-13 22:00:00,96411.4
2025-02-13 23:00:00,96608.14
2025-02-14 00:00:00,96750.83
2025-02-14 01:00:00,96529.27
2025-02-14 02:00:00,96528.47
2025-02-14 03:00:00,97129.98
2025-02-14 04:00:00,96750.0
2025-02-14 05:00:00,96683.29
2025-02-14 06:00:00,96834.29
2025-02-14 07:00:00,96944.09
2025-02-14 08:00:00,96871.97
2025-02-14 09:00:00,97108.31
2025-02-14 10:00:00,97017.4
2025-02-14 11:00:00,96887.56
2025-02-14 12:00:00,96652.58
2025-02-14 13:00:00,96786.68
2025-02-14 14:00:00,97290.95
2025-02-14 15:00:00,96924.39
2025-02-14 16:00:00,97658.7
2025-02-14 17:00:00,98526.0
2025-02-14 18:00:00,98192.84
2025-02-14 19:00:00,97940.45
2025-02-14 20:00:00,97196.09
2025-02-14 21:00:00,97456.79
2025-02-14 22:00:00,97134.59
2025-02-14 23:00:00,97500.48
2025-02-15 00:00:00,97470.88
2025-02-15 01:00:00,97804.24
2025-02-15 02:00:00,97839.04
2025-02-15 03:00:00,97653.19
2025-02-15 04:00:00,97527.63
2025-02-15 05:00:00,97611.17
2025-02-15 06:00:00,97488.61
2025-02-15 07:00:00,97346.26
2025-02-15 08:00:00,97505.51
2025-02-15 09:00:00,97562.55
2025-02-15 10:00:00,97653.95
2025-02-15 11:00:00,97615.59
2025-02-15 12:00:00,97753.82
2025-02-15 13:00:00,97716.89
2025-02-15 14:00:00,97593.61
2025-02-15 15:00:00,97633.22
2025-02-15 16:00:00,97535.39
2025-02-15 17:00:00,97410.28
2025-02-15 18:00:00,97540.79
2025-02-15 19:00:00,97531.9
2025-02-15 20:00:00,97539.4
2025-02-15 21:00:00,97684.23
2025-02-15 22:00:00,97545.76
2025-02-15 23:00:00,97569.66
2025-02-16 00:00:00,97594.57
2025-02-16 01:00:00,97643.0
2025-02-16 02:00:00,97524.87
2025-02-16 03:00:00,97547.17
2025-02-16 04:00:00,97530.81
2025-02-16 05:00:00,97603.3
2025-02-16 06:00:00,97487.26
2025-02-16 07:00:00,97248.98
2025-02-16 08:00:00,97163.86
2025-02-16 09:00:00,97365.74
2025-02-16 10:00:00,97180.98
2025-02-16 11:00:00,97336.0
2025-02-16 12:00:00,97125.63
2025-02-16 13:00:00,96842.37
2025-02-16 14:00:00,96969.58
2025-02-16 15:00:00,96911.01
2025-02-16 16:00:00,97052.64
2025-02-16 17:00:00,96982.95
2025-02-16 18:00:00,96872.59
2025-02-16 19:00:00,97058.47
2025-02-16 20:00:00,96909.54
2025-02-16 21:00:00,97165.09
2025-02-16 22:00:00,96865.79
2025-02-16 23:00:00,96118.12
2025-02-17 00:00:00,96319.22
2025-02-17 01:00:00,96508.63
2025-02-17 02:00:00,96228.98
2025-02-17 03:00:00,96215.33
2025-02-17 04:00:00,96026.01
2025-02-17 05:00:00,96242.66
2025-02-17 06:00:00,96376.77
2025-02-17 07:00:00,96068.22
2025-02-17 08:00:00,96144.03
2025-02-17 09:00:00,96166.26
2025-02-17 10:00:00,96106.17
2025-02-17 11:00:00,96063.18
2025-02-17 12:00:00,96457.76
2025-02-17 13:00:00,96411.95
2025-02-17 14:00:00,96799.99
2025-02-17 15:00:00,95659.46
2025-02-17 16:00:00,95334.75
2025-02-17 17:00:00,95479.78
2025-02-17 18:00:00,95340.83
2025-02-17 19:00:00,95531.36
2025-02-17 20:00:00,95971.36
2025-02-17 21:00:00,96409.33
2025-02-17 22:00:00,95875.48
2025-02-17 23:00:00,95780.0
2025-02-18 00:00:00,95637.93
2025-02-18 01:00:00,96266.24
2025-02-18 02:00:00,96064.47
2025-02-18 03:00:00,96200.0
2025-02-18 04:00:00,96070.81
2025-02-18 05:00:00,95609.49
2025-02-18 06:00:00,95382.75
2025-02-18 07:00:00,95456.93
2025-02-18 08:00:00,95238.89
2025-02-18 09:00:00,95775.95
2025-02-18 10:00:00,95742.5
2025-02-18 11:00:00,95640.34
2025-02-18 12:00:00,96194.0
2025-02-18 13:00:00,96230.0
2025-02-18 14:00:00,95536.83
2025-02-18 15:00:00,95546.48
2025-02-18 16:00:00,94639.98
2025-02-18 17:00:00,94102.16
2025-02-18 18:00:00,93924.03
2025-02-18 19:00:00,94104.14
2025-02-18 20:00:00,94196.02
2025-02-18 21:00:00,95065.46
2025-02-18 22:00:00,95304.43
2025-02-18 23:00:00,95671.74
2025-02-19 00:00:00,95330.15
2025-02-19 01:00:00,95479.99
2025-02-19 02:00:00,95831.76
2025-02-19 03:00:00,95710.26
2025-02-19 04:00:00,95213.85
2025-02-19 05:00:00,95289.33
2025-02-19 06:00:00,95616.31
2025-02-19 07:00:00,95687.71
2025-02-19 08:00:00,95629.99
2025-02-19 09:00:00,95937.4
2025-02-19 10:00:00,96330.32
2025-02-19 11:00:00,96422.6
2025-02-19 12:00:00,96166.44
2025-02-19 13:00:00,96277.54
2025-02-19 14:00:00,95766.33
2025-02-19 15:00:00,95943.74
2025-02-19 16:00:00,96300.0
2025-02-19 17:00:00,96389.57
2025-02-19 18:00:00,95670.54
2025-02-19 19:00:00,96206.54
2025-02-19 20:00:00,96180.72
2025-02-19 21:00:00,96315.64
2025-02-19 22:00:00,96539.85
2025-02-19 23:00:00,96644.37
2025-02-20 00:00:00,96853.98
2025-02-20 01:00:00,96767.67
2025-02-20 02:00:00,97134.52
2025-02-20 03:00:00,97055.25
2025-02-20 04:00:00,97224.46
2025-02-20 05:00:00,96909.99
2025-02-20 06:00:00,96907.99
2025-02-20 07:00:00,96867.92
2025-02-20 08:00:00,97150.01
2025-02-20 09:00:00,97184.63
2025-02-20 10:00:00,97373.98
2025-02-20 11:00:00,97207.92
2025-02-20 12:00:00,97428.36
2025-02-20 13:00:00,97562.19
2025-02-20 14:00:00,96966.91
2025-02-20 15:00:00,96903.77
2025-02-20 16:00:00,97550.73
2025-02-20 17:00:00,97954.95
2025-02-20 18:00:00,98295.08
2025-02-20 19:00:00,98422.8
2025-02-20 20:00:00,98453.61
2025-02-20 21:00:00,98089.46
2025-02-20 22:00:00,98134.95
2025-02-20 23:00:00,98305.0
2025-02-21 00:00:00,98236.32
2025-02-21 01:00:00,98312.0
2025-02-21 02:00:00,98111.12
2025-02-21 03:00:00,98141.99
2025-02-21 04:00:00,98204.01
2025-02-21 05:00:00,98333.58
2025-02-21 06:00:00,98409.99
2025-02-21 07:00:00,98179.76
2025-02-21 08:00:00,98213.41
2025-02-21 09:00:00,98337.7
2025-02-21 10:00:00,98612.0
2025-02-21 11:00:00,98629.3
2025-02-21 12:00:00,98904.0
2025-02-21 13:00:00,99334.93
2025-02-21 14:00:00,98777.77
2025-02-21 15:00:00,98104.04
2025-02-21 16:00:00,98215.81
2025-02-21 17:00:00,96971.9
2025-02-21 18:00:00,96543.52
2025-02-21 19:00:00,95285.11
2025-02-21 20:00:00,95066.25
2025-02-21 21:00:00,95395.03
2025-02-21 22:00:00,95823.53
2025-02-21 23:00:00,96181.98
2025-02-22 00:00:00,96185.9
2025-02-22 01:00:00,96233.2
2025-02-22 02:00:00,96343.22
2025-02-22 03:00:00,96299.07
2025-02-22 04:00:00,96387.36
2025-02-22 05:00:00,96509.83
2025-02-22 06:00:00,96395.18
2025-02-22 07:00:00,96288.09
2025-02-22 08:00:00,96219.8
2025-02-22 09:00:00,96493.95
2025-02-22 10:00:00,96500.16
2025-02-22 11:00:00,96580.0
2025-02-22 12:00:00,96823.94
2025-02-22 13:00:00,96566.03
2025-02-22 14:00:00,96535.9
2025-02-22 15:00:00,96592.0
2025-02-22 16:00:00,96504.01
2025-02-22 17:00:00,96639.38
2025-02-22 18:00:00,96449.99
2025-02-22 19:00:00,96639.99
2025-02-22 20:00:00,96578.01
2025-02-22 21:00:00,96658.57
2025-02-22 22:00:00,96634.06
2025-02-22 23:00:00,96551.01
2025-02-23 00:00:00,96643.46
2025-02-23 01:00:00,96452.83
2025-02-23 02:00:00,96410.27
2025-02-23 03:00:00,96414.0
2025-02-23 04:00:00,96395.88
2025-02-23 05:00:00,96208.62
2025-02-23 06:00:00,96342.91
2025-02-23 07:00:00,96508.85
2025-02-23 08:00:00,96364.32
2025-02-23 09:00:00,96286.02
2025-02-23 10:00:00,96193.88
2025-02-23 11:00:00,96115.99
2025-02-23 12:00:00,95732.93
2025-02-23 13:00:00,95977.96
2025-02-23 14:00:00,95593.89
2025-02-23 15:00:00,95436.18
2025-02-23 16:00:00,95420.5
2025-02-23 17:00:00,95656.78
2025-02-23 18:00:00,95740.0
2025-02-23 19:00:00,95755.99
2025-02-23 20:00:00,95777.7
2025-02-23 21:00:00,95755.25
2025-02-23 22:00:00,95787.13
2025-02-23 23:00:00,96258.0
2025-02-24 00:00:00,96247.35
2025-02-24 01:00:00,95971.24
2025-02-24 02:00:00,95829.35
2025-02-24 03:00:00,95433.21
2025-02-24 04:00:00,95298.0
2025-02-24 05:00:00,95727.39
2025-02-24 06:00:00,95864.31
2025-02-24 07:00:00,95872.02
2025-02-24 08:00:00,95509.49
2025-02-24 09:00:00,95765.76
2025-02-24 10:00:00,95631.66
2025-02-24 11:00:00,95821.45
2025-02-24 12:00:00,95798.46
2025-02-24 13:00:00,95594.57
2025-02-24 14:00:00,94674.44
2025-02-24 15:00:00,94323.95
2025-02-24 16:00:00,94434.49
2025-02-24 17:00:00,94644.0
2025-02-24 18:00:00,94161.67
2025-02-24 19:00:00,93943.51
2025-02-24 20:00:00,94020.0
2025-02-24 21:00:00,93979.44
2025-02-24 22:00:00,92432.06
2025-02-24 23:00:00,91552.88
2025-02-25 00:00:00,91857.29
2025-02-25 01:00:00,92018.41
2025-02-25 02:00:00,92376.68
2025-02-25 03:00:00,92153.93
2025-02-25 04:00:00,91900.01
2025-02-25 05:00:00,92070.34
2025-02-25 06:00:00,91275.99
2025-02-25 07:00:00,89320.01
2025-02-25 08:00:00,89400.53
2025-02-25 09:00:00,88303.73
2025-02-25 10:00:00,88213.77
2025-02-25 11:00:00,89239.39
2025-02-25 12:00:00,89395.98
2025-02-25 13:00:00,88826.11
2025-02-25 14:00:00,87157.25
2025-02-25 15:00:00,87231.26
2025-02-25 16:00:00,87460.0
2025-02-25 17:00:00,87259.99
2025-02-25 18:00:00,87070.07
2025-02-25 19:00:00,87947.25
2025-02-25 20:00:00,88161.03
2025-02-25 21:00:00,88821.0
2025-02-25 22:00:00,88807.64
2025-02-25 23:00:00,88680.4
2025-02-26 00:00:00,88150.0
2025-02-26 01:00:00,88705.66
2025-02-26 02:00:00,89018.87
2025-02-26 03:00:00,88900.0
2025-02-26 04:00:00,88693.95
2025-02-26 05:00:00,88423.6
2025-02-26 06:00:00,88920.18
2025-02-26 07:00:00,88720.02
2025-02-26 08:00:00,88484.54
2025-02-26 09:00:00,89115.98
2025-02-26 10:00:00,89262.66
2025-02-26 11:00:00,88616.8
2025-02-26 12:00:00,87938.81
2025-02-26 13:00:00,87191.99
2025-02-26 14:00:00,87621.22
2025-02-26 15:00:00,87567.53
2025-02-26 16:00:00,86805.99
2025-02-26 17:00:00,86051.33
2025-02-26 18:00:00,84258.94
2025-02-26 19:00:00,83856.99
2025-02-26 20:00:00,84385.89
2025-02-26 21:00:00,84610.86
2025-02-26 22:00:00,84433.51
2025-02-26 23:00:00,84250.09
2025-02-27 00:00:00,84742.39
2025-02-27 01:00:00,84763.25
2025-02-27 02:00:00,84295.2
2025-02-27 03:00:00,85226.32
2025-02-27 04:00:00,85161.93
2025-02-27 05:00:00,85883.13
2025-02-27 06:00:00,86265.84
2025-02-27 07:00:00,86272.01
2025-02-27 08:00:00,86078.47
2025-02-27 09:00:00,86169.81
2025-02-27 10:00:00,87013.46
2025-02-27 11:00:00,86698.6
2025-02-27 12:00:00,86330.59
2025-02-27 13:00:00,86117.57
2025-02-27 14:00:00,84968.65
2025-02-27 15:00:00,85500.84
2025-02-27 16:00:00,84471.69
2025-02-27 17:00:00,84597.0
2025-02-27 18:00:00,84640.0
2025-02-27 19:00:00,84113.98
2025-02-27 20:00:00,83524.98
2025-02-27 21:00:00,84409.18
2025-02-27 22:00:00,84716.34
2025-02-27 23:00:00,84708.58
2025-02-28 00:00:00,84258.65
2025-02-28 01:00:00,81661.55
2025-02-28 02:00:00,80805.5
2025-02-28 03:00:00,80452.44
2025-02-28 04:00:00,80410.5
2025-02-28 05:00:00,79973.79
2025-02-28 06:00:00,79344.56
2025-02-28 07:00:00,79204.59
2025-02-28 08:00:00,78975.99
2025-02-28 09:00:00,80343.11
2025-02-28 10:00:00,80011.02
2025-02-28 11:00:00,80513.38
2025-02-28 12:00:00,80779.61
2025-02-28 13:00:00,81512.42
2025-02-28 14:00:00,82105.05
2025-02-28 15:00:00,84005.05
2025-02-28 16:00:00,84363.69
2025-02-28 17:00:00,83605.12
2025-02-28 18:00:00,84440.97
2025-02-28 19:00:00,84449.99
2025-02-28 20:00:00,84191.27
2025-02-28 21:00:00,84258.37
2025-02-28 22:00:00,84149.98
2025-02-28 23:00:00,84349.94
2025-03-01 00:00:00,83857.92
2025-03-01 01:00:00,84656.93
2025-03-01 02:00:00,85240.46
2025-03-01 03:00:00,85330.84
2025-03-01 04:00:00,86190.01
2025-03-01 05:00:00,85588.19
2025-03-01 06:00:00,85075.62
2025-03-01 07:00:00,84740.15
2025-03-01 08:00:00,85303.37
2025-03-01 09:00:00,85380.0
2025-03-01 10:00:00,84900.01
2025-03-01 11:00:00,84632.79
2025-03-01 12:00:00,84758.86
2025-03-01 13:00:00,84532.24
2025-03-01 14:00:00,84713.99
2025-03-01 15:00:00,84800.0
2025-03-01 16:00:00,85274.82
2025-03-01 17:00:00,85214.7
2025-03-01 18:00:00,85327.57
2025-03-01 19:00:00,85485.41
2025-03-01 20:00:00,85537.73
2025-03-01 21:00:00,86076.86
2025-03-01 22:00:00,86116.35
2025-03-01 23:00:00,86064.53
2025-03-02 00:00:00,86026.62
2025-03-02 01:00:00,86354.93
2025-03-02 02:00:00,85774.01
2025-03-02 03:00:00,85873.07
2025-03-02 04:00:00,85752.8
2025-03-02 05:00:00,85957.51
2025-03-02 06:00:00,86277.65
2025-03-02 07:00:00,86232.42
2025-03-02 08:00:00,85754.71
2025-03-02 09:00:00,85901.3
2025-03-02 10:00:00,86006.0
2025-03-02 11:00:00,86105.89
2025-03-02 12:00:00,85986.18
2025-03-02 13:00:00,85710.81
2025-03-02 14:00:00,85107.45
2025-03-02 15:00:00,87427.99
2025-03-02 16:00:00,91200.0
2025-03-02 17:00:00,94093.75
2025-03-02 18:00:00,92794.19
2025-03-02 19:00:00,93522.0
2025-03-02 20:00:00,94330.0
2025-03-02 21:00:00,94298.0
2025-03-02 22:00:00,94247.4
2025-03-02 23:00:00,94270.0
2025-03-03 00:00:00,93314.89
2025-03-03 01:00:00,93084.64
2025-03-03 02:00:00,93318.24
2025-03-03 03:00:00,92709.98
2025-03-03 04:00:00,92866.0
2025-03-03 05:00:00,93344.0
2025-03-03 06:00:00,91645.99
2025-03-03 07:00:00,92363.58
2025-03-03 08:00:00,91477.54
2025-03-03 09:00:00,91847.76
2025-03-03 10:00:00,92546.77
2025-03-03 11:00:00,92739.99
2025-03-03 12:00:00,93027.34
2025-03-03 13:00:00,93586.83
2025-03-03 14:00:00,89278.88
2025-03-03 15:00:00,90035.37
2025-03-03 16:00:00,90154.0
2025-03-03 17:00:00,90300.01
2025-03-03 18:00:00,87132.8
2025-03-03 19:00:00,85606.0
2025-03-03 20:00:00,86074.0
2025-03-03 21:00:00,85374.33
2025-03-03 22:00:00,86650.96
2025-03-03 23:00:00,86220.61
2025-03-04 00:00:00,86046.43
2025-03-04 01:00:00,83380.55
2025-03-04 02:00:00,83936.41
2025-03-04 03:00:00,83983.72
2025-03-04 04:00:00,83416.95
2025-03-04 05:00:00,84273.99
2025-03-04 06:00:00,83883.58
2025-03-04 07:00:00,83186.4
2025-03-04 08:00:00,83893.09
2025-03-04 09:00:00,83748.0
2025-03-04 10:00:00,83971.93
2025-03-04 11:00:00,83937.94
2025-03-04 12:00:00,83763.73
2025-03-04 13:00:00,82804.0
2025-03-04 14:00:00,83201.41
2025-03-04 15:00:00,82985.06
2025-03-04 16:00:00,83555.37
2025-03-04 17:00:00,85443.89
2025-03-04 18:00:00,86764.24
2025-03-04 19:00:00,88206.19
2025-03-04 20:00:00,86825.27
2025-03-04 21:00:00,87517.49
2025-03-04 22:00:00,87486.0
2025-03-04 23:00:00,87281.98
2025-03-05 00:00:00,86800.36
2025-03-05 01:00:00,87643.11
2025-03-05 02:00:00,87466.55
2025-03-05 03:00:00,86843.4
2025-03-05 04:00:00,86915.94
2025-03-05 05:00:00,87145.98
2025-03-05 06:00:00,87490.12
2025-03-05 07:00:00,87619.49
2025-03-05 08:00:00,87760.0
2025-03-05 09:00:00,88469.01
2025-03-05 10:00:00,89926.07
2025-03-05 11:00:00,89814.26
2025-03-05 12:00:00,90355.97
2025-03-05 13:00:00,89473.92
2025-03-05 14:00:00,88519.93
2025-03-05 15:00:00,88344.25
2025-03-05 16:00:00,88926.53
2025-03-05 17:00:00,89687.99
2025-03-05 18:00:00,89712.0
2025-03-05 19:00:00,89750.0
2025-03-05 20:00:00,90499.64
2025-03-05 21:00:00,90377.54
2025-03-05 22:00:00,90449.46
2025-03-05 23:00:00,90606.01
2025-03-06 00:00:00,90046.34
2025-03-06 01:00:00,91057.19
2025-03-06 02:00:00,91812.0
2025-03-06 03:00:00,91605.01
2025-03-06 04:00:00,92287.45
2025-03-06 05:00:00,92737.98
2025-03-06 06:00:00,91916.0
2025-03-06 07:00:00,91346.48
2025-03-06 08:00:00,91156.08
2025-03-06 09:00:00,90752.14
2025-03-06 10:00:00,91290.88
2025-03-06 11:00:00,91350.0
2025-03-06 12:00:00,90102.02
2025-03-06 13:00:00,89569.13
2025-03-06 14:00:00,89803.99
2025-03-06 15:00:00,90820.69
2025-03-06 16:00:00,89316.02
2025-03-06 17:00:00,88628.01
2025-03-06 18:00:00,88428.41
2025-03-06 19:00:00,88526.18
2025-03-06 20:00:00,89045.44
2025-03-06 21:00:00,89939.0
2025-03-06 22:00:00,90313.66
2025-03-06 23:00:00,89931.89
2025-03-07 00:00:00,85529.22
2025-03-07 01:00:00,88263.85
2025-03-07 02:00:00,87235.0
2025-03-07 03:00:00,86991.25
2025-03-07 04:00:00,87636.41
2025-03-07 05:00:00,88221.21
2025-03-07 06:00:00,88208.23
2025-03-07 07:00:00,88365.18
2025-03-07 08:00:00,88365.78
2025-03-07 09:00:00,88933.7
2025-03-07 10:00:00,89263.4
2025-03-07 11:00:00,88966.96
2025-03-07 12:00:00,89051.13
2025-03-07 13:00:00,89135.98
2025-03-07 14:00:00,90440.74
2025-03-07 15:00:00,88457.99
2025-03-07 16:00:00,87237.37
2025-03-07 17:00:00,87685.99
2025-03-07 18:00:00,88589.33
2025-03-07 19:00:00,87820.1
2025-03-07 20:00:00,86987.72
2025-03-07 21:00:00,86314.63
2025-03-07 22:00:00,86745.15
2025-03-07 23:00:00,86801.75
2025-03-08 00:00:00,86726.8
2025-03-08 01:00:00,86105.99
2025-03-08 02:00:00,86180.19
2025-03-08 03:00:00,85919.12
2025-03-08 04:00:00,86444.53
2025-03-08 05:00:00,86279.12
2025-03-08 06:00:00,86465.0
2025-03-08 07:00:00,86197.14
2025-03-08 08:00:00,86071.57
2025-03-08 09:00:00,85943.28
2025-03-08 10:00:00,86123.19
2025-03-08 11:00:00,85955.88
2025-03-08 12:00:00,86209.72
2025-03-08 13:00:00,86327.96
2025-03-08 14:00:00,86361.69
2025-03-08 15:00:00,86400.0
2025-03-08 16:00:00,86148.09
2025-03-08 17:00:00,85943.08
2025-03-08 18:00:00,86044.02
2025-03-08 19:00:00,86233.52
2025-03-08 20:00:00,86281.39
2025-03-08 21:00:00,86228.16
2025-03-08 22:00:00,86350.0
2025-03-08 23:00:00,86222.45
2025-03-09 00:00:00,86416.12
2025-03-09 01:00:00,86198.39
2025-03-09 02:00:00,86003.33
2025-03-09 03:00:00,86115.71
2025-03-09 04:00:00,86053.74
2025-03-09 05:00:00,86034.01
2025-03-09 06:00:00,85910.0
2025-03-09 07:00:00,86004.61
2025-03-09 08:00:00,85792.0
2025-03-09 09:00:00,85564.0
2025-03-09 10:00:00,84844.1
2025-03-09 11:00:00,85024.01
2025-03-09 12:00:00,84599.99
2025-03-09 13:00:00,83489.95
2025-03-09 14:00:00,83602.57
2025-03-09 15:00:00,83080.41
2025-03-09 16:00:00,82496.01
2025-03-09 17:00:00,82366.0
2025-03-09 18:00:00,82670.0
2025-03-09 19:00:00,82640.86
2025-03-09 20:00:00,83083.15
2025-03-09 21:00:00,81845.11
2025-03-09 22:00:00,80358.19
2025-03-09 23:00:00,80734.37
2025-03-10 00:00:00,81292.0
2025-03-10 01:00:00,81766.01
2025-03-10 02:00:00,82198.12
2025-03-10 03:00:00,82047.49
2025-03-10 04:00:00,82634.05
2025-03-10 05:00:00,82308.52
2025-03-10 06:00:00,82332.67
2025-03-10 07:00:00,82318.77
2025-03-10 08:00:00,81350.46
2025-03-10 09:00:00,82514.26
2025-03-10 10:00:00,82288.19
2025-03-10 11:00:00,83582.0
2025-03-10 12:00:00,83248.12
2025-03-10 13:00:00,81528.94
2025-03-10 14:00:00,79847.08
2025-03-10 15:00:00,80043.85
2025-03-10 16:00:00,79009.98
2025-03-10 17:00:00,78459.91
2025-03-10 18:00:00,77655.26
2025-03-10 19:00:00,79060.84
2025-03-10 20:00:00,79304.98
2025-03-10 21:00:00,79565.81
2025-03-10 22:00:00,79502.36
2025-03-10 23:00:00,78595.86
2025-03-11 00:00:00,77673.6
2025-03-11 01:00:00,79130.66
2025-03-11 02:00:00,79354.53
2025-03-11 03:00:00,79522.29
2025-03-11 04:00:00,79759.91
2025-03-11 05:00:00,80261.78
2025-03-11 06:00:00,80099.33
2025-03-11 07:00:00,80424.95
2025-03-11 08:00:00,81131.16
2025-03-11 09:00:00,81460.39
2025-03-11 10:00:00,81808.26
2025-03-11 11:00:00,81720.34
2025-03-11 12:00:00,81225.5
2025-03-11 13:00:00,80898.49
2025-03-11 14:00:00,79773.04
2025-03-11 15:00:00,81232.24
2025-03-11 16:00:00,81386.8
2025-03-11 17:00:00,81305.57
2025-03-11 18:00:00,83280.94
2025-03-11 19:00:00,83104.01
2025-03-11 20:00:00,82799.68
2025-03-11 21:00:00,83110.72
2025-03-11 22:00:00,83133.48
2025-03-11 23:00:00,82932.99
2025-03-12 00:00:00,82765.52
2025-03-12 01:00:00,83313.6
2025-03-12 02:00:00,82430.79
2025-03-12 03:00:00,82127.72
2025-03-12 04:00:00,81811.05
2025-03-12 05:00:00,81987.43
2025-03-12 06:00:00,81425.98
2025-03-12 07:00:00,82447.79
2025-03-12 08:00:00,82689.67
2025-03-12 09:00:00,82680.06
2025-03-12 10:00:00,82492.67
2025-03-12 11:00:00,83004.45
2025-03-12 12:00:00,84069.0
2025-03-12 13:00:00,82686.27
2025-03-12 14:00:00,81535.72
2025-03-12 15:00:00,81738.97
2025-03-12 16:00:00,81970.76
2025-03-12 17:00:00,81844.41
2025-03-12 18:00:00,82628.68
2025-03-12 19:00:00,82915.93
2025-03-12 20:00:00,83124.95
2025-03-12 21:00:00,83093.69
2025-03-12 22:00:00,83651.15
2025-03-12 23:00:00,83680.12
2025-03-13 00:00:00,83444.88
2025-03-13 01:00:00,83919.68
2025-03-13 02:00:00,83785.58
2025-03-13 03:00:00,83577.14
2025-03-13 04:00:00,83286.63
2025-03-13 05:00:00,83157.16
2025-03-13 06:00:00,83292.6
2025-03-13 07:00:00,83151.99
2025-03-13 08:00:00,82973.35
2025-03-13 09:00:00,83426.87
2025-03-13 10:00:00,83191.67
2025-03-13 11:00:00,82975.86
2025-03-13 12:00:00,82517.99
2025-03-13 13:00:00,81777.15
2025-03-13 14:00:00,82009.5
2025-03-13 15:00:00,81044.72
2025-03-13 16:00:00,80876.36
2025-03-13 17:00:00,80064.0
2025-03-13 18:00:00,80820.05
2025-03-13 19:00:00,80211.4
2025-03-13 20:00:00,80379.05
2025-03-13 21:00:00,80819.99
2025-03-13 22:00:00,81395.54
2025-03-13 23:00:00,81115.78
2025-03-14 00:00:00,81503.31
2025-03-14 01:00:00,81603.08
2025-03-14 02:00:00,82226.98
2025-03-14 03:00:00,81888.77
2025-03-14 04:00:00,81948.16
2025-03-14 05:00:00,82141.96
2025-03-14 06:00:00,82038.09
2025-03-14 07:00:00,82170.85
2025-03-14 08:00:00,82593.44
2025-03-14 09:00:00,82776.5
2025-03-14 10:00:00,83042.22
2025-03-14 11:00:00,83253.15
2025-03-14 12:00:00,83420.87
2025-03-14 13:00:00,83602.16
2025-03-14 14:00:00,83524.8
2025-03-14 15:00:00,84724.58
2025-03-14 16:00:00,84787.37
2025-03-14 17:00:00,84365.18
2025-03-14 18:00:00,84570.54
2025-03-14 19:00:00,84554.0
2025-03-14 20:00:00,84127.2
2025-03-14 21:00:00,84205.79
2025-03-14 22:00:00,84438.06
2025-03-14 23:00:00,83983.2
2025-03-15 00:00:00,84297.14
2025-03-15 01:00:00,84353.85
2025-03-15 02:00:00,84557.95
2025-03-15 03:00:00,84491.99
2025-03-15 04:00:00,84456.57
2025-03-15 05:00:00,84266.26
2025-03-15 06:00:00,84183.28
2025-03-15 07:00:00,83827.31
2025-03-15 08:00:00,83891.36
2025-03-15 09:00:00,83966.95
2025-03-15 10:00:00,83912.19
2025-03-15 11:00:00,84103.74
2025-03-15 12:00:00,84136.53
2025-03-15 13:00:00,84460.0
2025-03-15 14:00:00,84131.75
2025-03-15 15:00:00,84346.02
2025-03-15 16:00:00,84362.91
2025-03-15 17:00:00,84422.25
2025-03-15 18:00:00,84223.29
2025-03-15 19:00:00,84299.98
2025-03-15 20:00:00,84389.31
2025-03-15 21:00:00,84388.73
2025-03-15 22:00:00,84382.65
2025-03-15 23:00:00,84338.44
2025-03-16 00:00:00,84253.52
2025-03-16 01:00:00,83869.31
2025-03-16 02:00:00,83966.05
2025-03-16 03:00:00,84332.34
2025-03-16 04:00:00,84408.97
2025-03-16 05:00:00,84395.31
2025-03-16 06:00:00,84228.0
2025-03-16 07:00:00,84273.96
2025-03-16 08:00:00,84268.36
2025-03-16 09:00:00,83897.02
2025-03-16 10:00:00,83666.98
2025-03-16 11:00:00,82410.02
2025-03-16 12:00:00,82755.89
2025-03-16 13:00:00,82596.1
2025-03-16 14:00:00,83373.16
2025-03-16 15:00:00,83320.83
2025-03-16 16:00:00,83634.53
2025-03-16 17:00:00,83913.22
2025-03-16 18:00:00,83701.75
2025-03-16 19:00:00,83098.47
2025-03-16 20:00:00,83216.98
2025-03-16 21:00:00,82766.52
2025-03-16 22:00:00,82093.71
2025-03-16 23:00:00,82574.53
2025-03-17 00:00:00,83054.91
2025-03-17 01:00:00,83233.8
2025-03-17 02:00:00,83212.51
2025-03-17 03:00:00,83675.65
2025-03-17 04:00:00,83615.53
2025-03-17 05:00:00,83120.0
2025-03-17 06:00:00,83220.91
2025-03-17 07:00:00,83567.87
2025-03-17 08:00:00,83547.17
2025-03-17 09:00:00,83664.31
2025-03-17 10:00:00,83344.34
2025-03-17 11:00:00,83514.73
2025-03-17 12:00:00,83052.0
2025-03-17 13:00:00,83023.38
2025-03-17 14:00:00,82913.03
2025-03-17 15:00:00,83531.06
2025-03-17 16:00:00,83448.86
2025-03-17 17:00:00,84197.46
2025-03-17 18:00:00,84496.58
2025-03-17 19:00:00,84482.55
2025-03-17 20:00:00,83954.36
2025-03-17 21:00:00,84077.8
2025-03-17 22:00:00,84061.19
2025-03-17 23:00:00,84010.03
2025-03-18 00:00:00,83790.24
2025-03-18 01:00:00,83161.97
2025-03-18 02:00:00,83367.64
2025-03-18 03:00:00,83147.6
2025-03-18 04:00:00,82989.11
2025-03-18 05:00:00,83010.87
2025-03-18 06:00:00,82450.01
2025-03-18 07:00:00,83163.81
2025-03-18 08:00:00,83281.29
2025-03-18 09:00:00,82840.51
2025-03-18 10:00:00,82819.65
2025-03-18 11:00:00,82581.1
2025-03-18 12:00:00,82404.66
2025-03-18 13:00:00,81366.64
2025-03-18 14:00:00,81854.71
2025-03-18 15:00:00,81610.21
2025-03-18 16:00:00,81851.51
2025-03-18 17:00:00,81466.7
2025-03-18 18:00:00,81889.38
2025-03-18 19:00:00,82317.21
2025-03-18 20:00:00,82050.0
2025-03-18 21:00:00,82062.98
2025-03-18 22:00:00,82395.74
2025-03-18 23:00:00,82715.03
2025-03-19 00:00:00,83118.0
2025-03-19 01:00:00,82598.7
2025-03-19 02:00:00,82868.91
2025-03-19 03:00:00,83037.17
2025-03-19 04:00:00,82952.87
2025-03-19 05:00:00,83241.99
2025-03-19 06:00:00,83200.0
2025-03-19 07:00:00,83190.0
2025-03-19 08:00:00,83413.01
2025-03-19 09:00:00,83527.37
2025-03-19 10:00:00,83467.41
2025-03-19 11:00:00,83881.4
2025-03-19 12:00:00,83748.75
2025-03-19 13:00:00,84092.16
2025-03-19 14:00:00,84318.59
2025-03-19 15:00:00,84733.05
2025-03-19 16:00:00,84574.01
2025-03-19 17:00:00,84230.97
2025-03-19 18:00:00,85612.25
2025-03-19 19:00:00,85433.38
2025-03-19 20:00:00,85353.99
2025-03-19 21:00:00,85635.99
2025-03-19 22:00:00,86158.52
2025-03-19 23:00:00,86845.94
2025-03-20 00:00:00,86017.68
2025-03-20 01:00:00,85867.96
2025-03-20 02:00:00,86065.51
2025-03-20 03:00:00,85891.02
2025-03-20 04:00:00,85684.78
2025-03-20 05:00:00,85827.28
2025-03-20 06:00:00,85759.28
2025-03-20 07:00:00,85816.39
2025-03-20 08:00:00,86241.05
2025-03-20 09:00:00,85877.28
2025-03-20 10:00:00,85173.78
2025-03-20 11:00:00,85502.17
2025-03-20 12:00:00,85356.07
2025-03-20 13:00:00,85513.81
2025-03-20 14:00:00,86171.86
2025-03-20 15:00:00,84691.76
2025-03-20 16:00:00,83802.01
2025-03-20 17:00:00,84093.43
2025-03-20 18:00:00,84060.53
2025-03-20 19:00:00,84174.79
2025-03-20 20:00:00,84530.1
2025-03-20 21:00:00,84350.0
2025-03-20 22:00:00,84141.31
2025-03-20 23:00:00,84223.39
2025-03-21 00:00:00,84507.07
2025-03-21 01:00:00,84775.07
2025-03-21 02:00:00,84685.4
2025-03-21 03:00:00,84451.96
2025-03-21 04:00:00,84662.74
2025-03-21 05:00:00,84469.66
2025-03-21 06:00:00,84200.0
2025-03-21 07:00:00,83937.98
2025-03-21 08:00:00,84022.32
2025-03-21 09:00:00,84137.99
2025-03-21 10:00:00,84164.17
2025-03-21 11:00:00,84046.52
2025-03-21 12:00:00,83467.98
2025-03-21 13:00:00,83935.7
2025-03-21 14:00:00,84240.33
2025-03-21 15:00:00,83565.48
2025-03-21 16:00:00,84095.97
2025-03-21 17:00:00,84024.11
2025-03-21 18:00:00,84101.66
2025-03-21 19:00:00,83956.36
2025-03-21 20:00:00,84216.2
2025-03-21 21:00:00,84394.0
2025-03-21 22:00:00,84185.39
2025-03-21 23:00:00,84088.79
2025-03-22 00:00:00,84206.24
2025-03-22 01:00:00,84075.48
2025-03-22 02:00:00,84188.96
2025-03-22 03:00:00,84256.74
2025-03-22 04:00:00,84367.4
2025-03-22 05:00:00,84323.3
2025-03-22 06:00:00,84335.83
2025-03-22 07:00:00,84274.72
2025-03-22 08:00:00,84222.01
2025-03-22 09:00:00,84360.01
2025-03-22 10:00:00,84413.62
2025-03-22 11:00:00,84239.25
2025-03-22 12:00:00,84232.39
2025-03-22 13:00:00,84168.31
2025-03-22 14:00:00,84007.23
2025-03-22 15:00:00,84109.09
2025-03-22 16:00:00,84141.0
2025-03-22 17:00:00,84238.83
2025-03-22 18:00:00,84239.14
2025-03-22 19:00:00,84171.59
2025-03-22 20:00:00,83944.69
2025-03-22 21:00:00,84010.87
2025-03-22 22:00:00,83961.39
2025-03-22 23:00:00,83840.59
2025-03-23 00:00:00,84007.0
2025-03-23 01:00:00,84067.56
2025-03-23 02:00:00,84233.78
2025-03-23 03:00:00,84224.39
2025-03-23 04:00:00,84100.0
2025-03-23 05:00:00,84230.1
2025-03-23 06:00:00,84242.24
2025-03-23 07:00:00,84279.82
2025-03-23 08:00:00,84347.12
2025-03-23 09:00:00,84325.66
2025-03-23 10:00:00,84461.98
2025-03-23 11:00:00,84679.99
2025-03-23 12:00:00,84725.24
2025-03-23 13:00:00,85093.59
2025-03-23 14:00:00,84899.76
2025-03-23 15:00:00,85189.41
2025-03-23 16:00:00,85250.0
2025-03-23 17:00:00,85017.66
2025-03-23 18:00:00,84972.78
2025-03-23 19:00:00,85011.19
2025-03-23 20:00:00,85102.62
2025-03-23 21:00:00,85179.99
2025-03-23 22:00:00,85361.21
2025-03-23 23:00:00,86082.5
2025-03-24 00:00:00,86021.74
2025-03-24 01:00:00,85563.04
2025-03-24 02:00:00,85883.16
2025-03-24 03:00:00,86532.07
2025-03-24 04:00:00,86841.83
2025-03-24 05:00:00,86899.73
2025-03-24 06:00:00,87113.37
2025-03-24 07:00:00,86874.52
2025-03-24 08:00:00,87416.35
2025-03-24 09:00:00,87163.73
2025-03-24 10:00:00,87801.27
2025-03-24 11:00:00,87689.52
2025-03-24 12:00:00,87328.1
2025-03-24 13:00:00,87704.46
2025-03-24 14:00:00,87961.9
2025-03-24 15:00:00,88350.01
2025-03-24 16:00:00,88057.54
2025-03-24 17:00:00,88461.88
2025-03-24 18:00:00,88464.38
2025-03-24 19:00:00,88222.0
2025-03-24 20:00:00,87832.0
2025-03-24 21:00:00,88100.01
2025-03-24 22:00:00,87457.65
2025-03-24 23:00:00,87498.16
2025-03-25 00:00:00,87599.99
2025-03-25 01:00:00,87088.31
2025-03-25 02:00:00,86854.94
2025-03-25 03:00:00,86520.88
2025-03-25 04:00:00,86547.17
2025-03-25 05:00:00,86656.07
2025-03-25 06:00:00,86534.5
2025-03-25 07:00:00,86436.82
2025-03-25 08:00:00,86714.79
2025-03-25 09:00:00,87221.66
2025-03-25 10:00:00,87130.14
2025-03-25 11:00:00,87370.43
2025-03-25 12:00:00,87084.02
2025-03-25 13:00:00,87594.4
2025-03-25 14:00:00,88022.4
2025-03-25 15:00:00,87774.37
2025-03-25 16:00:00,87792.4
2025-03-25 17:00:00,87937.27
2025-03-25 18:00:00,87822.0
2025-03-25 19:00:00,88116.23
2025-03-25 20:00:00,87849.98
2025-03-25 21:00:00,87746.0
2025-03-25 22:00:00,87464.73
2025-03-25 23:00:00,87392.87
2025-03-26 00:00:00,87652.0
2025-03-26 01:00:00,87836.04
2025-03-26 02:00:00,87324.6
2025-03-26 03:00:00,87153.51
2025-03-26 04:00:00,87326.78
2025-03-26 05:00:00,87520.35
2025-03-26 06:00:00,87909.07
2025-03-26 07:00:00,88140.45
2025-03-26 08:00:00,87959.73
2025-03-26 09:00:00,87939.99
2025-03-26 10:00:00,88208.47
2025-03-26 11:00:00,87954.96
2025-03-26 12:00:00,87813.17
2025-03-26 13:00:00,86841.31
2025-03-26 14:00:00,86773.14
2025-03-26 15:00:00,86752.52
2025-03-26 16:00:00,86513.99
2025-03-26 17:00:00,86569.99
2025-03-26 18:00:00,86198.53
2025-03-26 19:00:00,86567.19
2025-03-26 20:00:00,87280.0
2025-03-26 21:00:00,87109.65
2025-03-26 22:00:00,86829.48
2025-03-26 23:00:00,86909.17
2025-03-27 00:00:00,87285.29
2025-03-27 01:00:00,87378.87
2025-03-27 02:00:00,87575.39
2025-03-27 03:00:00,87670.18
2025-03-27 04:00:00,87521.61
2025-03-27 05:00:00,87314.72
2025-03-27 06:00:00,87352.68
2025-03-27 07:00:00,87399.99
2025-03-27 08:00:00,87434.82
2025-03-27 09:00:00,87415.56
2025-03-27 10:00:00,87195.59
2025-03-27 11:00:00,86943.52
2025-03-27 12:00:00,86761.05
2025-03-27 13:00:00,86383.83
2025-03-27 14:00:00,87297.33
2025-03-27 15:00:00,86974.07
2025-03-27 16:00:00,86835.24
2025-03-27 17:00:00,86913.05
2025-03-27 18:00:00,87206.52
2025-03-27 19:00:00,87060.41
2025-03-27 20:00:00,87307.57
2025-03-27 21:00:00,87568.68
2025-03-27 22:00:00,87350.71
2025-03-27 23:00:00,87232.01
2025-03-28 00:00:00,87354.01
2025-03-28 01:00:00,87230.29
2025-03-28 02:00:00,86987.77
2025-03-28 03:00:00,86787.16
2025-03-28 04:00:00,86305.38
2025-03-28 05:00:00,86059.02
2025-03-28 06:00:00,85719.27
2025-03-28 07:00:00,85212.99
2025-03-28 08:00:00,85213.87
2025-03-28 09:00:00,85148.0
2025-03-28 10:00:00,84941.49
2025-03-28 11:00:00,85255.26
2025-03-28 12:00:00,85028.27
2025-03-28 13:00:00,84994.0
2025-03-28 14:00:00,84172.01
2025-03-28 15:00:00,84051.16
2025-03-28 16:00:00,83794.73
2025-03-28 17:00:00,84008.45
2025-03-28 18:00:00,83880.0
2025-03-28 19:00:00,83790.73
2025-03-28 20:00:00,83794.41
2025-03-28 21:00:00,84052.29
2025-03-28 22:00:00,84480.35
2025-03-28 23:00:00,84424.38
2025-03-29 00:00:00,84396.89
2025-03-29 01:00:00,84281.9
2025-03-29 02:00:00,83851.4
2025-03-29 03:00:00,84166.3
2025-03-29 04:00:00,84072.96
2025-03-29 05:00:00,84012.64
2025-03-29 06:00:00,83787.28
2025-03-29 07:00:00,83731.82
2025-03-29 08:00:00,83934.95
2025-03-29 09:00:00,83544.8
2025-03-29 10:00:00,82927.81
2025-03-29 11:00:00,82293.56
2025-03-29 12:00:00,82462.7
2025-03-29 13:00:00,82851.95
2025-03-29 14:00:00,82504.01
2025-03-29 15:00:00,82414.23
2025-03-29 16:00:00,82198.43
2025-03-29 17:00:00,82332.63
2025-03-29 18:00:00,82343.64
2025-03-29 19:00:00,82758.4
2025-03-29 20:00:00,82511.17
2025-03-29 21:00:00,82518.74
2025-03-29 22:00:00,82389.75
2025-03-29 23:00:00,82648.54
2025-03-30 00:00:00,82799.73
2025-03-30 01:00:00,82941.13
2025-03-30 02:00:00,83330.0
2025-03-30 03:00:00,83088.81
2025-03-30 04:00:00,83109.81
2025-03-30 05:00:00,82958.3
2025-03-30 06:00:00,83178.14
2025-03-30 07:00:00,83076.59
2025-03-30 08:00:00,83378.09
2025-03-30 09:00:00,83502.32
2025-03-30 10:00:00,83120.87
2025-03-30 11:00:00,83111.76
2025-03-30 12:00:00,83072.76
2025-03-30 13:00:00,82678.42
2025-03-30 14:00:00,82803.28
2025-03-30 15:00:00,82729.57
2025-03-30 16:00:00,82284.01
2025-03-30 17:00:00,82415.53
2025-03-30 18:00:00,82729.65
2025-03-30 19:00:00,82548.81
2025-03-30 20:00:00,82554.73
2025-03-30 21:00:00,82237.68
2025-03-30 22:00:00,82438.0
2025-03-30 23:00:00,82389.99
2025-03-31 00:00:00,81646.89
2025-03-31 01:00:00,81953.03
2025-03-31 02:00:00,81922.3
2025-03-31 03:00:00,81530.0
2025-03-31 04:00:00,81846.01
2025-03-31 05:00:00,82166.99
2025-03-31 06:00:00,82052.83
2025-03-31 07:00:00,81933.51
2025-03-31 08:00:00,81899.15
2025-03-31 09:00:00,81455.58
2025-03-31 10:00:00,82174.16
2025-03-31 11:00:00,82205.51
2025-03-31 12:00:00,82768.74
2025-03-31 13:00:00,82507.99
2025-03-31 14:00:00,83499.18
2025-03-31 15:00:00,83418.78
2025-03-31 16:00:00,83288.89
2025-03-31 17:00:00,82680.34
2025-03-31 18:00:00,83291.42
2025-03-31 19:00:00,82462.27
2025-03-31 20:00:00,82431.32
2025-03-31 21:00:00,82563.99
2025-03-31 22:00:00,82409.99
2025-03-31 23:00:00,82550.01
2025-04-01 00:00:00,82651.1
2025-04-01 01:00:00,82704.2
2025-04-01 02:00:00,83100.0
2025-04-01 03:00:00,82962.84
2025-04-01 04:00:00,83060.0
2025-04-01 05:00:00,83006.67
2025-04-01 06:00:00,83454.76
2025-04-01 07:00:00,83445.5
2025-04-01 08:00:00,84121.94
2025-04-01 09:00:00,84362.0
2025-04-01 10:00:00,84175.99
2025-04-01 11:00:00,83930.3
2025-04-01 12:00:00,83615.26
2025-04-01 13:00:00,83618.23
2025-04-01 14:00:00,84195.92
2025-04-01 15:00:00,85280.87
2025-04-01 16:00:00,85119.99
2025-04-01 17:00:00,85117.85
2025-04-01 18:00:00,85126.68
2025-04-01 19:00:00,84972.01
2025-04-01 20:00:00,85231.28
2025-04-01 21:00:00,85223.84
2025-04-01 22:00:00,85099.99
2025-04-01 23:00:00,85158.34
2025-04-02 00:00:00,84964.49
2025-04-02 01:00:00,85147.3
2025-04-02 02:00:00,84714.36
2025-04-02 03:00:00,84550.0
2025-04-02 04:00:00,84607.0
2025-04-02 05:00:00,84100.0
2025-04-02 06:00:00,84125.99
2025-04-02 07:00:00,84426.33
2025-04-02 08:00:00,84677.04
2025-04-02 09:00:00,85019.62
2025-04-02 10:00:00,84867.92
2025-04-02 11:00:00,84566.91
2025-04-02 12:00:00,85049.99
2025-04-02 13:00:00,85215.82
2025-04-02 14:00:00,85877.75
2025-04-02 15:00:00,86757.67
2025-04-02 16:00:00,87065.18
2025-04-02 17:00:00,86615.33
2025-04-02 18:00:00,86286.02
2025-04-02 19:00:00,86900.02
2025-04-02 20:00:00,85659.99
2025-04-02 21:00:00,84855.99
2025-04-02 22:00:00,82821.59
2025-04-02 23:00:00,82516.29
2025-04-03 00:00:00,83227.55
2025-04-03 01:00:00,83761.62
2025-04-03 02:00:00,83768.01
2025-04-03 03:00:00,83483.97
2025-04-03 04:00:00,83558.8
2025-04-03 05:00:00,83343.75
2025-04-03 06:00:00,83058.65
2025-04-03 07:00:00,83456.75
2025-04-03 08:00:00,83679.99
2025-04-03 09:00:00,83483.05
2025-04-03 10:00:00,83220.01
2025-04-03 11:00:00,83096.01
2025-04-03 12:00:00,81949.06
2025-04-03 13:00:00,82373.58
2025-04-03 14:00:00,81532.0
2025-04-03 15:00:00,82039.31
2025-04-03 16:00:00,81830.56
2025-04-03 17:00:00,81830.01
2025-04-03 18:00:00,82109.45
2025-04-03 19:00:00,82008.7
2025-04-03 20:00:00,82363.99
2025-04-03 21:00:00,82717.54
2025-04-03 22:00:00,82743.46
2025-04-03 23:00:00,83213.09
2025-04-04 00:00:00,83046.32
2025-04-04 01:00:00,82695.91
2025-04-04 02:00:00,82910.86
2025-04-04 03:00:00,82818.52
2025-04-04 04:00:00,82720.32
2025-04-04 05:00:00,83200.0
2025-04-04 06:00:00,83054.72
2025-04-04 07:00:00,83992.85
2025-04-04 08:00:00,84415.99
2025-04-04 09:00:00,84571.38
2025-04-04 10:00:00,82567.03
2025-04-04 11:00:00,82680.45
2025-04-04 12:00:00,82879.99
2025-04-04 13:00:00,83335.99
2025-04-04 14:00:00,82573.98
2025-04-04 15:00:00,82860.0
2025-04-04 16:00:00,83392.7
2025-04-04 17:00:00,84460.0
2025-04-04 18:00:00,83989.87
2025-04-04 19:00:00,84009.99
2025-04-04 20:00:00,84164.02
2025-04-04 21:00:00,84185.8
2025-04-04 22:00:00,84056.74
2025-04-04 23:00:00,83889.87
2025-04-05 00:00:00,83787.6
2025-04-05 01:00:00,83979.87
2025-04-05 02:00:00,83976.61
2025-04-05 03:00:00,83624.01
2025-04-05 04:00:00,83677.75
2025-04-05 05:00:00,83688.67
2025-04-05 06:00:00,83477.3
2025-04-05 07:00:00,83525.34
2025-04-05 08:00:00,83519.96
2025-04-05 09:00:00,83843.29
2025-04-05 10:00:00,83641.51
2025-04-05 11:00:00,83452.69
2025-04-05 12:00:00,83281.41
2025-04-05 13:00:00,82755.29
2025-04-05 14:00:00,82914.67
2025-04-05 15:00:00,82618.26
2025-04-05 16:00:00,82739.96
2025-04-05 17:00:00,82869.53
2025-04-05 18:00:00,83036.13
2025-04-05 19:00:00,82860.0
2025-04-05 20:00:00,83075.47
2025-04-05 21:00:00,82913.89
2025-04-05 22:00:00,83188.41
2025-04-05 23:00:00,83537.99
2025-04-06 00:00:00,83527.22
2025-04-06 01:00:00,83428.97
2025-04-06 02:00:00,83300.01
2025-04-06 03:00:00,83344.14
2025-04-06 04:00:00,83499.99
2025-04-06 05:00:00,83450.01
2025-04-06 06:00:00,83110.24
2025-04-06 07:00:00,83024.96
2025-04-06 08:00:00,83034.26
2025-04-06 09:00:00,83075.15
2025-04-06 10:00:00,82870.25
2025-04-06 11:00:00,82855.99
2025-04-06 12:00:00,82697.99
2025-04-06 13:00:00,82306.01
2025-04-06 14:00:00,82667.07
2025-04-06 15:00:00,82548.36
2025-04-06 16:00:00,81970.0
2025-04-06 17:00:00,80808.81
2025-04-06 18:00:00,79107.3
2025-04-06 19:00:00,79614.35
2025-04-06 20:00:00,78867.99
2025-04-06 21:00:00,78950.61
2025-04-06 22:00:00,78063.66
2025-04-06 23:00:00,78430.0
2025-04-07 00:00:00,78327.87
2025-04-07 01:00:00,79142.01
2025-04-07 02:00:00,78447.42
2025-04-07 03:00:00,77707.77
2025-04-07 04:00:00,76989.92
2025-04-07 05:00:00,76942.82
2025-04-07 06:00:00,74810.01
2025-04-07 07:00:00,75126.01
2025-04-07 08:00:00,76266.89
2025-04-07 09:00:00,76274.56
2025-04-07 10:00:00,76983.6
2025-04-07 11:00:00,76685.62
2025-04-07 12:00:00,77335.89
2025-04-07 13:00:00,78365.47
2025-04-07 14:00:00,79033.11
2025-04-07 15:00:00,78479.9
2025-04-07 16:00:00,77434.01
2025-04-07 17:00:00,79074.5
2025-04-07 18:00:00,78484.91
2025-04-07 19:00:00,78130.44
2025-04-07 20:00:00,78955.26
2025-04-07 21:00:00,79239.42
2025-04-07 22:00:00,79956.47
2025-04-07 23:00:00,79163.24
2025-04-08 00:00:00,79020.04
2025-04-08 01:00:00,80599.99
2025-04-08 02:00:00,79947.05
2025-04-08 03:00:00,79904.0
2025-04-08 04:00:00,80300.0
2025-04-08 05:00:00,79872.25
2025-04-08 06:00:00,79447.3
2025-04-08 07:00:00,79496.0
2025-04-08 08:00:00,79154.02
2025-04-08 09:00:00,78900.0
2025-04-08 10:00:00,79003.54
2025-04-08 11:00:00,79982.0
2025-04-08 12:00:00,79837.99
2025-04-08 13:00:00,79899.9
2025-04-08 14:00:00,78479.91
2025-04-08 15:00:00,78497.99
2025-04-08 16:00:00,77414.25
2025-04-08 17:00:00,77349.99
2025-04-08 18:00:00,77259.91
2025-04-08 19:00:00,76854.05
2025-04-08 20:00:00,77133.41
2025-04-08 21:00:00,77100.0
2025-04-08 22:00:00,76731.21
2025-04-08 23:00:00,76322.42
2025-04-09 00:00:00,76522.07
2025-04-09 01:00:00,76070.53
2025-04-09 02:00:00,75674.44
2025-04-09 03:00:00,75073.33
2025-04-09 04:00:00,76416.34
2025-04-09 05:00:00,76734.83
2025-04-09 06:00:00,76829.02
2025-04-09 07:00:00,77694.12
2025-04-09 08:00:00,77304.35
2025-04-09 09:00:00,77478.26
2025-04-09 10:00:00,77190.0
2025-04-09 11:00:00,76230.01
2025-04-09 12:00:00,76760.86
2025-04-09 13:00:00,77698.12
2025-04-09 14:00:00,76870.0
2025-04-09 15:00:00,77258.0
2025-04-09 16:00:00,78267.68
2025-04-09 17:00:00,82202.16
2025-04-09 18:00:00,81788.37
2025-04-09 19:00:00,82332.08
2025-04-09 20:00:00,83204.0
2025-04-09 21:00:00,83284.29
2025-04-09 22:00:00,83056.83
2025-04-09 23:00:00,82615.22
2025-04-10 00:00:00,82352.85
2025-04-10 01:00:00,82249.29
2025-04-10 02:00:00,82200.0
2025-04-10 03:00:00,81775.2
2025-04-10 04:00:00,82019.26
2025-04-10 05:00:00,82158.03
2025-04-10 06:00:00,82156.72
2025-04-10 07:00:00,81595.81
2025-04-10 08:00:00,81549.99
2025-04-10 09:00:00,82036.71
2025-04-10 10:00:00,81766.05
2025-04-10 11:00:00,81882.01
2025-04-10 12:00:00,81710.46
2025-04-10 13:00:00,80874.36
2025-04-10 14:00:00,81272.19
2025-04-10 15:00:00,78757.0
2025-04-10 16:00:00,79453.82
2025-04-10 17:00:00,79328.01
2025-04-10 18:00:00,79502.07
2025-04-10 19:00:00,79649.34
2025-04-10 20:00:00,79931.55
2025-04-10 21:00:00,79714.52
2025-04-10 22:00:00,79693.77
2025-04-10 23:00:00,79607.3
2025-04-11 00:00:00,79043.48
2025-04-11 01:00:00,80452.72
2025-04-11 02:00:00,80302.05
2025-04-11 03:00:00,80842.99
2025-04-11 04:00:00,80888.15
2025-04-11 05:00:00,80816.0
2025-04-11 06:00:00,81102.0
2025-04-11 07:00:00,81266.76
2025-04-11 08:00:00,81631.89
2025-04-11 09:00:00,82450.0
2025-04-11 10:00:00,82706.86
2025-04-11 11:00:00,82129.67
2025-04-11 12:00:00,82115.52
2025-04-11 13:00:00,82930.67
2025-04-11 14:00:00,81898.0
2025-04-11 15:00:00,82521.74
2025-04-11 16:00:00,82792.46
2025-04-11 17:00:00,83930.0
2025-04-11 18:00:00,83607.99
2025-04-11 19:00:00,83858.28
2025-04-11 20:00:00,83848.0
2025-04-11 21:00:00,83674.01
2025-04-11 22:00:00,83415.34
2025-04-11 23:00:00,83423.84
2025-04-12 00:00:00,83369.08
2025-04-12 01:00:00,83217.39
2025-04-12 02:00:00,82804.87
2025-04-12 03:00:00,82973.13
2025-04-12 04:00:00,83208.04
2025-04-12 05:00:00,83338.92
2025-04-12 06:00:00,83567.42
2025-04-12 07:00:00,83724.92
2025-04-12 08:00:00,83604.77
2025-04-12 09:00:00,83550.0
2025-04-12 10:00:00,83420.44
2025-04-12 11:00:00,83528.3
2025-04-12 12:00:00,83829.86
2025-04-12 13:00:00,84458.24
2025-04-12 14:00:00,84827.75
2025-04-12 15:00:00,85008.4
2025-04-12 16:00:00,84659.19
2025-04-12 17:00:00,84760.71
2025-04-12 18:00:00,85178.01
2025-04-12 19:00:00,84943.4
2025-04-12 20:00:00,85517.29
2025-04-12 21:00:00,85367.93
2025-04-12 22:00:00,85336.01
2025-04-12 23:00:00,85276.9
2025-04-13 00:00:00,85495.72
2025-04-13 01:00:00,85259.77
2025-04-13 02:00:00,85302.22
2025-04-13 03:00:00,85432.31
2025-04-13 04:00:00,84619.98
2025-04-13 05:00:00,84515.58
2025-04-13 06:00:00,84608.69
2025-04-13 07:00:00,84413.1
2025-04-13 08:00:00,84664.6
2025-04-13 09:00:00,84918.24
2025-04-13 10:00:00,84686.79
2025-04-13 11:00:00,84528.66
2025-04-13 12:00:00,84458.75
2025-04-13 13:00:00,83599.13
2025-04-13 14:00:00,84093.22
2025-04-13 15:00:00,83849.66
2025-04-13 16:00:00,84225.97
2025-04-13 17:00:00,84754.85
2025-04-13 18:00:00,84730.0
2025-04-13 19:00:00,83981.31
2025-04-13 20:00:00,83499.99
2025-04-13 21:00:00,83607.0
2025-04-13 22:00:00,83335.99
2025-04-13 23:00:00,83760.0
2025-04-14 00:00:00,84325.74
2025-04-14 01:00:00,84228.0
2025-04-14 02:00:00,85140.7
2025-04-14 03:00:00,84566.03
2025-04-14 04:00:00,84869.31
2025-04-14 05:00:00,84575.18
2025-04-14 06:00:00,84624.21
2025-04-14 07:00:00,84580.76
2025-04-14 08:00:00,84763.18
2025-04-14 09:00:00,84442.72
2025-04-14 10:00:00,84656.85
2025-04-14 11:00:00,84927.55
2025-04-14 12:00:00,85128.76
2025-04-14 13:00:00,84376.66
2025-04-14 14:00:00,85423.6
2025-04-14 15:00:00,84101.16
2025-04-14 16:00:00,84341.99
2025-04-14 17:00:00,84859.73
2025-04-14 18:00:00,84988.04
2025-04-14 19:00:00,84923.07
2025-04-14 20:00:00,84861.82
2025-04-14 21:00:00,84706.1
2025-04-14 22:00:00,84500.01
2025-04-14 23:00:00,84591.58
2025-04-15 00:00:00,84930.7
2025-04-15 01:00:00,84983.73
2025-04-15 02:00:00,85232.83
2025-04-15 03:00:00,85379.96
2025-04-15 04:00:00,85490.46
2025-04-15 05:00:00,85545.71
2025-04-15 06:00:00,85391.35
2025-04-15 07:00:00,85716.77
2025-04-15 08:00:00,85850.0
2025-04-15 09:00:00,85989.0
2025-04-15 10:00:00,85638.14
2025-04-15 11:00:00,85589.23
2025-04-15 12:00:00,85819.74
2025-04-15 13:00:00,85589.44
2025-04-15 14:00:00,85146.88
2025-04-15 15:00:00,84918.14
2025-04-15 16:00:00,84860.81
2025-04-15 17:00:00,84483.23
2025-04-15 18:00:00,84196.0
2025-04-15 19:00:00,83998.52
2025-04-15 20:00:00,84020.01
2025-04-15 21:00:00,84178.0
2025-04-15 22:00:00,83838.47
2025-04-15 23:00:00,83643.99
2025-04-16 00:00:00,83146.01
2025-04-16 01:00:00,83637.79
2025-04-16 02:00:00,83900.0
2025-04-16 03:00:00,83695.66
2025-04-16 04:00:00,83587.99
2025-04-16 05:00:00,83363.0
2025-04-16 06:00:00,83643.99
2025-04-16 07:00:00,83363.17
2025-04-16 08:00:00,83736.79
2025-04-16 09:00:00,83600.01
2025-04-16 10:00:00,83937.02
2025-04-16 11:00:00,84048.11
2025-04-16 12:00:00,83757.72
2025-04-16 13:00:00,83736.37
2025-04-16 14:00:00,84605.31
2025-04-16 15:00:00,84846.58
2025-04-16 16:00:00,85048.55
2025-04-16 17:00:00,83281.21
2025-04-16 18:00:00,84029.97
2025-04-16 19:00:00,84334.01
2025-04-16 20:00:00,84295.99
2025-04-16 21:00:00,84545.36
2025-04-16 22:00:00,84460.43
2025-04-16 23:00:00,84030.38
2025-04-17 00:00:00,84210.0
2025-04-17 01:00:00,84337.99
2025-04-17 02:00:00,84272.86
2025-04-17 03:00:00,83994.23
2025-04-17 04:00:00,84153.05
2025-04-17 05:00:00,84391.3
2025-04-17 06:00:00,84773.59
2025-04-17 07:00:00,84669.98
2025-04-17 08:00:00,84445.54
2025-04-17 09:00:00,84477.31
2025-04-17 10:00:00,84377.27
2025-04-17 11:00:00,84562.0
2025-04-17 12:00:00,84775.99
2025-04-17 13:00:00,84475.14
2025-04-17 14:00:00,84087.08
2025-04-17 15:00:00,84531.71
2025-04-17 16:00:00,84934.0
2025-04-17 17:00:00,85108.66
2025-04-17 18:00:00,84899.71
2025-04-17 19:00:00,84849.06
2025-04-17 20:00:00,85140.0
2025-04-17 21:00:00,85062.0
2025-04-17 22:00:00,84720.21
2025-04-17 23:00:00,84947.91
2025-04-18 00:00:00,84817.09
2025-04-18 01:00:00,84925.58
2025-04-18 02:00:00,84888.0
2025-04-18 03:00:00,84828.0
2025-04-18 04:00:00,84663.71
2025-04-18 05:00:00,84734.97
2025-04-18 06:00:00,84721.41
2025-04-18 07:00:00,84654.68
2025-04-18 08:00:00,84647.32
2025-04-18 09:00:00,84548.9
2025-04-18 10:00:00,84521.25
2025-04-18 11:00:00,84669.11
2025-04-18 12:00:00,84645.6
2025-04-18 13:00:00,84570.61
2025-04-18 14:00:00,84583.13
2025-04-18 15:00:00,84374.59
2025-04-18 16:00:00,84478.12
2025-04-18 17:00:00,84571.92
2025-04-18 18:00:00,84616.96
2025-04-18 19:00:00,84562.83
2025-04-18 20:00:00,84520.12
2025-04-18 21:00:00,84621.58
2025-04-18 22:00:00,84521.48
2025-04-18 23:00:00,84474.69
2025-04-19 00:00:00,84436.67
2025-04-19 01:00:00,84544.06
2025-04-19 02:00:00,84785.8
2025-04-19 03:00:00,84883.71
2025-04-19 04:00:00,85021.9
2025-04-19 05:00:00,85079.99
2025-04-19 06:00:00,84921.98
2025-04-19 07:00:00,85217.39
2025-04-19 08:00:00,85311.63
2025-04-19 09:00:00,85328.12
2025-04-19 10:00:00,85250.0
2025-04-19 11:00:00,85217.4
2025-04-19 12:00:00,85295.43
2025-04-19 13:00:00,85472.54
2025-04-19 14:00:00,85415.09
2025-04-19 15:00:00,85191.19
2025-04-19 16:00:00,84845.93
2025-04-19 17:00:00,85239.92
2025-04-19 18:00:00,85144.64
2025-04-19 19:00:00,85085.55
2025-04-19 20:00:00,85195.85
2025-04-19 21:00:00,85339.53
2025-04-19 22:00:00,85259.86
2025-04-19 23:00:00,85077.01
2025-04-20 00:00:00,85167.99
2025-04-20 01:00:00,85320.15
2025-04-20 02:00:00,85226.44
2025-04-20 03:00:00,85168.81
2025-04-20 04:00:00,85185.13
2025-04-20 05:00:00,85088.54
2025-04-20 06:00:00,84955.42
2025-04-20 07:00:00,84784.01
2025-04-20 08:00:00,84647.3
2025-04-20 09:00:00,84551.14
2025-04-20 10:00:00,84184.03
2025-04-20 11:00:00,84129.83
2025-04-20 12:00:00,84365.56
2025-04-20 13:00:00,84315.21
2025-04-20 14:00:00,84626.16
2025-04-20 15:00:00,84344.66
2025-04-20 16:00:00,84604.11
2025-04-20 17:00:00,84581.98
2025-04-20 18:00:00,84577.78
2025-04-20 19:00:00,84651.61
2025-04-20 20:00:00,85127.58
2025-04-20 21:00:00,85009.27
2025-04-20 22:00:00,84835.28
2025-04-20 23:00:00,85179.24
2025-04-21 00:00:00,86625.68
2025-04-21 01:00:00,87293.07
2025-04-21 02:00:00,87350.01
2025-04-21 03:00:00,87205.56
2025-04-21 04:00:00,87351.14
2025-04-21 05:00:00,87550.0
2025-04-21 06:00:00,87521.73
2025-04-21 07:00:00,87434.78
2025-04-21 08:00:00,87569.28
2025-04-21 09:00:00,87516.05
2025-04-21 10:00:00,87347.83
2025-04-21 11:00:00,86971.92
2025-04-21 12:00:00,87038.71
2025-04-21 13:00:00,87028.09
2025-04-21 14:00:00,88208.37
2025-04-21 15:00:00,88044.8
2025-04-21 16:00:00,87176.96
2025-04-21 17:00:00,86847.39
2025-04-21 18:00:00,86786.29
2025-04-21 19:00:00,87415.1
2025-04-21 20:00:00,87367.92
2025-04-21 21:00:00,87275.0
2025-04-21 22:00:00,87168.08
2025-04-21 23:00:00,87516.23
2025-04-22 00:00:00,87709.85
2025-04-22 01:00:00,88400.01
2025-04-22 02:00:00,88169.21
2025-04-22 03:00:00,88157.55
2025-04-22 04:00:00,88056.79
2025-04-22 05:00:00,88391.27
2025-04-22 06:00:00,88246.46
2025-04-22 07:00:00,88476.83
2025-04-22 08:00:00,88414.33
2025-04-22 09:00:00,88574.34
2025-04-22 10:00:00,88513.71
2025-04-22 11:00:00,88614.1
2025-04-22 12:00:00,88992.7
2025-04-22 13:00:00,90236.16
2025-04-22 14:00:00,90797.73
2025-04-22 15:00:00,90934.61
2025-04-22 16:00:00,90673.1
2025-04-22 17:00:00,91396.14
2025-04-22 18:00:00,91504.36
2025-04-22 19:00:00,91414.79
2025-04-22 20:00:00,91111.72
2025-04-22 21:00:00,93039.99
2025-04-22 22:00:00,92786.19
2025-04-22 23:00:00,93442.99
2025-04-23 00:00:00,92896.99
2025-04-23 01:00:00,92640.0
2025-04-23 02:00:00,92868.77
2025-04-23 03:00:00,93168.91
2025-04-23 04:00:00,93665.99
2025-04-23 05:00:00,93478.42
2025-04-23 06:00:00,93628.13
2025-04-23 07:00:00,94133.82
2025-04-23 08:00:00,94285.72
2025-04-23 09:00:00,93888.52
2025-04-23 10:00:00,93745.19
2025-04-23 11:00:00,93466.01
2025-04-23 12:00:00,93731.4
2025-04-23 13:00:00,93020.22
2025-04-23 14:00:00,92940.06
2025-04-23 15:00:00,93195.28
2025-04-23 16:00:00,93641.74
2025-04-23 17:00:00,93894.37
2025-04-23 18:00:00,93620.89
2025-04-23 19:00:00,93497.88
2025-04-23 20:00:00,93640.0
2025-04-23 21:00:00,93485.5
2025-04-23 22:00:00,93790.19
2025-04-23 23:00:00,93691.08
2025-04-24 00:00:00,93357.22
2025-04-24 01:00:00,93489.18
2025-04-24 02:00:00,93101.23
2025-04-24 03:00:00,92673.95
2025-04-24 04:00:00,92746.66
2025-04-24 05:00:00,92576.61
2025-04-24 06:00:00,92388.69
2025-04-24 07:00:00,92203.55
2025-04-24 08:00:00,92017.75
2025-04-24 09:00:00,92476.9
2025-04-24 10:00:00,92550.89
2025-04-24 11:00:00,92619.94
2025-04-24 12:00:00,92777.27
2025-04-24 13:00:00,92813.83
2025-04-24 14:00:00,93101.83
2025-04-24 15:00:00,93202.51
2025-04-24 16:00:00,93346.08
2025-04-24 17:00:00,93011.28
2025-04-24 18:00:00,93380.0
2025-04-24 19:00:00,93556.12
2025-04-24 20:00:00,93390.66
2025-04-24 21:00:00,93353.72
2025-04-24 22:00:00,93427.98
2025-04-24 23:00:00,93980.47
2025-04-25 00:00:00,93896.28
2025-04-25 01:00:00,93678.13
2025-04-25 02:00:00,92992.33
2025-04-25 03:00:00,93311.83
2025-04-25 04:00:00,93058.58
2025-04-25 05:00:00,93206.05
2025-04-25 06:00:00,93538.07
2025-04-25 07:00:00,93772.26
2025-04-25 08:00:00,93680.01
2025-04-25 09:00:00,93816.42
2025-04-25 10:00:00,93634.02
2025-04-25 11:00:00,94635.67
2025-04-25 12:00:00,94417.29
2025-04-25 13:00:00,94400.01
2025-04-25 14:00:00,95368.0
2025-04-25 15:00:00,95061.22
2025-04-25 16:00:00,95223.81
2025-04-25 17:00:00,94527.79
2025-04-25 18:00:00,94970.15
2025-04-25 19:00:00,95291.0
2025-04-25 20:00:00,94869.57
2025-04-25 21:00:00,94608.69
2025-04-25 22:00:00,94850.0
2025-04-25 23:00:00,94638.68
2025-04-26 00:00:00,94880.69
2025-04-26 01:00:00,95013.14
2025-04-26 02:00:00,95000.0
2025-04-26 03:00:00,94739.99
2025-04-26 04:00:00,94536.99
2025-04-26 05:00:00,94626.47
2025-04-26 06:00:00,94630.42
2025-04-26 07:00:00,94570.31
2025-04-26 08:00:00,94318.04
2025-04-26 09:00:00,94277.65
2025-04-26 10:00:00,94209.03
2025-04-26 11:00:00,94144.06
2025-04-26 12:00:00,94245.9
2025-04-26 13:00:00,94149.2
2025-04-26 14:00:00,94240.01
2025-04-26 15:00:00,94373.24
2025-04-26 16:00:00,94286.92
2025-04-26 17:00:00,94316.79
2025-04-26 18:00:00,94154.71
2025-04-26 19:00:00,94307.5
2025-04-26 20:00:00,94087.0
2025-04-26 21:00:00,94355.38
2025-04-26 22:00:00,94781.86
2025-04-26 23:00:00,94628.0
2025-04-27 00:00:00,94870.01
2025-04-27 01:00:00,94117.6
2025-04-27 02:00:00,94345.86
2025-04-27 03:00:00,94156.21
2025-04-27 04:00:00,94014.17
2025-04-27 05:00:00,93923.88
2025-04-27 06:00:00,94015.91
2025-04-27 07:00:00,94065.98
2025-04-27 08:00:00,94202.51
2025-04-27 09:00:00,94159.87
2025-04-27 10:00:00,94053.6
2025-04-27 11:00:00,93920.01
2025-04-27 12:00:00,93734.86
2025-04-27 13:00:00,94060.09
2025-04-27 14:00:00,93985.9
2025-04-27 15:00:00,93901.08
2025-04-27 16:00:00,93881.82
2025-04-27 17:00:00,94043.78
2025-04-27 18:00:00,94287.29
2025-04-27 19:00:00,94433.5
2025-04-27 20:00:00,94260.86
2025-04-27 21:00:00,94328.29
2025-04-27 22:00:00,93939.57
2025-04-27 23:00:00,93749.3
2025-04-28 00:00:00,93419.9
2025-04-28 01:00:00,92949.99
2025-04-28 02:00:00,93621.64
2025-04-28 03:00:00,93849.93
2025-04-28 04:00:00,94036.48
2025-04-28 05:00:00,94224.28
2025-04-28 06:00:00,94583.99
2025-04-28 07:00:00,94692.49
2025-04-28 08:00:00,94706.39
2025-04-28 09:00:00,94739.07
2025-04-28 10:00:00,95060.77
2025-04-28 11:00:00,95319.99
2025-04-28 12:00:00,95350.69
2025-04-28 13:00:00,93965.7
2025-04-28 14:00:00,94417.73
2025-04-28 15:00:00,93833.51
2025-04-28 16:00:00,93734.04
2025-04-28 17:00:00,94100.39
2025-04-28 18:00:00,94175.89
2025-04-28 19:00:00,94787.2
2025-04-28 20:00:00,94469.67
2025-04-28 21:00:00,94549.97
2025-04-28 22:00:00,94809.52
2025-04-28 23:00:00,95011.18
2025-04-29 00:00:00,95065.27
2025-04-29 01:00:00,94857.49
2025-04-29 02:00:00,94615.68
2025-04-29 03:00:00,94658.76
2025-04-29 04:00:00,94353.32
2025-04-29 05:00:00,94276.49
2025-04-29 06:00:00,94780.0
2025-04-29 07:00:00,94917.61
2025-04-29 08:00:00,95030.0
2025-04-29 09:00:00,94989.28
2025-04-29 10:00:00,94817.32
2025-04-29 11:00:00,95129.74
2025-04-29 12:00:00,94813.14
2025-04-29 13:00:00,94800.01
2025-04-29 14:00:00,95040.8
2025-04-29 15:00:00,94843.1
2025-04-29 16:00:00,94954.74
2025-04-29 17:00:00,95231.37
2025-04-29 18:00:00,95391.29
2025-04-29 19:00:00,95300.79
2025-04-29 20:00:00,94839.32
2025-04-29 21:00:00,94735.66
2025-04-29 22:00:00,94163.67
2025-04-29 23:00:00,94256.82
2025-04-30 00:00:00,94546.79
2025-04-30 01:00:00,94527.73
2025-04-30 02:00:00,94641.99
2025-04-30 03:00:00,95032.84
2025-04-30 04:00:00,95054.75
2025-04-30 05:00:00,94894.0
2025-04-30 06:00:00,94751.99
2025-04-30 07:00:00,94620.99
2025-04-30 08:00:00,94718.18
2025-04-30 09:00:00,94970.01
2025-04-30 10:00:00,94946.52
2025-04-30 11:00:00,95176.66
2025-04-30 12:00:00,94555.88
2025-04-30 13:00:00,93032.58
2025-04-30 14:00:00,93705.04
2025-04-30 15:00:00,94004.63
2025-04-30 16:00:00,93939.98
2025-04-30 17:00:00,94100.39
2025-04-30 18:00:00,94078.24
2025-04-30 19:00:00,94152.01
2025-04-30 20:00:00,94555.99
2025-04-30 21:00:00,94419.0
2025-04-30 22:00:00,94114.05
2025-04-30 23:00:00,94172.0
2025-05-01 00:00:00,94405.47
2025-05-01 01:00:00,94636.51
2025-05-01 02:00:00,94867.46
2025-05-01 03:00:00,94782.6
2025-05-01 04:00:00,94860.51
2025-05-01 05:00:00,95147.96
2025-05-01 06:00:00,94888.85
2025-05-01 07:00:00,95025.84
2025-05-01 08:00:00,95210.16
2025-05-01 09:00:00,95520.99
2025-05-01 10:00:00,96169.01
2025-05-01 11:00:00,96180.01
2025-05-01 12:00:00,96373.2
2025-05-01 13:00:00,95809.52
2025-05-01 14:00:00,96827.99
2025-05-01 15:00:00,96854.3
2025-05-01 16:00:00,97007.14
2025-05-01 17:00:00,96794.17
2025-05-01 18:00:00,96869.55
2025-05-01 19:00:00,96523.26
2025-05-01 20:00:00,96407.9
2025-05-01 21:00:00,96464.55
2025-05-01 22:00:00,96372.33
2025-05-01 23:00:00,96489.91
2025-05-02 00:00:00,97042.97
2025-05-02 01:00:00,96970.4
2025-05-02 02:00:00,96952.58
2025-05-02 03:00:00,97102.32
2025-05-02 04:00:00,96939.86
2025-05-02 05:00:00,96707.54
2025-05-02 06:00:00,96715.0
2025-05-02 07:00:00,96350.0
2025-05-02 08:00:00,96636.2
2025-05-02 09:00:00,96596.68
2025-05-02 10:00:00,96888.0
2025-05-02 11:00:00,96928.97
2025-05-02 12:00:00,97182.53
2025-05-02 13:00:00,96772.08
2025-05-02 14:00:00,97748.4
2025-05-02 15:00:00,97330.19
2025-05-02 16:00:00,97348.69
2025-05-02 17:00:00,97402.55
2025-05-02 18:00:00,97171.0
2025-05-02 19:00:00,96924.23
2025-05-02 20:00:00,97022.31
2025-05-02 21:00:00,96726.08
2025-05-02 22:00:00,96649.01
2025-05-02 23:00:00,96887.14
2025-05-03 00:00:00,96700.45
2025-05-03 01:00:00,96493.94
2025-05-03 02:00:00,96533.51
2025-05-03 03:00:00,96337.5
2025-05-03 04:00:00,96519.05
2025-05-03 05:00:00,96417.14
2025-05-03 06:00:00,96183.5
2025-05-03 07:00:00,96322.68
2025-05-03 08:00:00,96281.0
2025-05-03 09:00:00,96254.01
2025-05-03 10:00:00,95896.5
2025-05-03 11:00:00,95942.02
2025-05-03 12:00:00,96120.42
2025-05-03 13:00:00,96330.0
2025-05-03 14:00:00,96380.95
2025-05-03 15:00:00,96418.68
2025-05-03 16:00:00,96215.41
2025-05-03 17:00:00,96191.56
2025-05-03 18:00:00,96146.99
2025-05-03 19:00:00,96354.34
2025-05-03 20:00:00,96341.29
2025-05-03 21:00:00,96266.17
2025-05-03 22:00:00,96170.18
2025-05-03 23:00:00,95856.42
2025-05-04 00:00:00,95880.95
2025-05-04 01:00:00,96099.94
2025-05-04 02:00:00,95892.28
2025-05-04 03:00:00,95722.23
2025-05-04 04:00:00,95725.52
2025-05-04 05:00:00,96042.72
2025-05-04 06:00:00,95905.74
2025-05-04 07:00:00,95879.99
2025-05-04 08:00:00,95647.27
2025-05-04 09:00:00,95485.01
2025-05-04 10:00:00,95400.47
2025-05-04 11:00:00,95423.2
2025-05-04 12:00:00,95462.24
2025-05-04 13:00:00,95369.37
2025-05-04 14:00:00,95611.07
2025-05-04 15:00:00,95467.6
2025-05-04 16:00:00,95341.56
2025-05-04 17:00:00,95410.08
2025-05-04 18:00:00,95389.07
2025-05-04 19:00:00,95584.07
2025-05-04 20:00:00,95719.99
2025-05-04 21:00:00,95675.99
2025-05-04 22:00:00,95015.82
2025-05-04 23:00:00,94277.62
2025-05-05 00:00:00,94724.11
2025-05-05 01:00:00,93929.0
2025-05-05 02:00:00,94236.67
2025-05-05 03:00:00,94031.47
2025-05-05 04:00:00,94409.66
2025-05-05 05:00:00,94732.77
2025-05-05 06:00:00,94761.13
2025-05-05 07:00:00,94761.91
2025-05-05 08:00:00,94559.19
2025-05-05 09:00:00,94550.63
2025-05-05 10:00:00,94121.89
2025-05-05 11:00:00,94038.18
2025-05-05 12:00:00,94333.33
2025-05-05 13:00:00,94226.38
2025-05-05 14:00:00,93879.37
2025-05-05 15:00:00,93770.31
2025-05-05 16:00:00,94206.31
2025-05-05 17:00:00,94500.0
2025-05-05 18:00:00,94730.39
2025-05-05 19:00:00,94347.17
2025-05-05 20:00:00,94242.02
2025-05-05 21:00:00,94719.82
2025-05-05 22:00:00,95049.48
2025-05-05 23:00:00,94733.68
2025-05-06 00:00:00,94598.89
2025-05-06 01:00:00,94312.6
2025-05-06 02:00:00,94334.99
2025-05-06 03:00:00,94454.01
2025-05-06 04:00:00,94574.57
2025-05-06 05:00:00,94345.56
2025-05-06 06:00:00,94498.11
2025-05-06 07:00:00,94400.99
2025-05-06 08:00:00,94375.9
2025-05-06 09:00:00,94211.96
2025-05-06 10:00:00,93942.83
2025-05-06 11:00:00,93812.54
2025-05-06 12:00:00,93935.99
2025-05-06 13:00:00,93616.92
2025-05-06 14:00:00,94147.02
2025-05-06 15:00:00,94558.95
2025-05-06 16:00:00,94241.01
2025-05-06 17:00:00,94535.93
2025-05-06 18:00:00,95067.36
2025-05-06 19:00:00,94963.5
2025-05-06 20:00:00,94682.23
2025-05-06 21:00:00,94688.99
2025-05-06 22:00:00,96259.94
2025-05-06 23:00:00,96834.02
2025-05-07 00:00:00,97415.65
2025-05-07 01:00:00,97242.85
2025-05-07 02:00:00,96619.05
2025-05-07 03:00:00,96506.9
2025-05-07 04:00:00,96576.0
2025-05-07 05:00:00,96380.96
2025-05-07 06:00:00,96557.31
2025-05-07 07:00:00,96994.82
2025-05-07 08:00:00,97024.45
2025-05-07 09:00:00,96978.4
2025-05-07 10:00:00,97030.01
2025-05-07 11:00:00,97047.43
2025-05-07 12:00:00,96966.08
2025-05-07 13:00:00,97022.01
2025-05-07 14:00:00,96938.0
2025-05-07 15:00:00,96923.91
2025-05-07 16:00:00,96857.15
2025-05-07 17:00:00,96307.54
2025-05-07 18:00:00,96593.59
2025-05-07 19:00:00,96180.01
2025-05-07 20:00:00,96766.8
2025-05-07 21:00:00,97120.63
2025-05-07 22:00:00,97262.88
2025-05-07 23:00:00,97030.5
2025-05-08 00:00:00,97770.01
2025-05-08 01:00:00,97816.21
2025-05-08 02:00:00,98681.99
2025-05-08 03:00:00,99152.79
2025-05-08 04:00:00,98954.32
2025-05-08 05:00:00,98740.61
2025-05-08 06:00:00,99039.99
2025-05-08 07:00:00,99252.34
2025-05-08 08:00:00,99666.66
2025-05-08 09:00:00,99790.97
2025-05-08 10:00:00,99780.67
2025-05-08 11:00:00,99409.14
2025-05-08 12:00:00,99287.97
2025-05-08 13:00:00,99290.03
2025-05-08 14:00:00,99371.95
2025-05-08 15:00:00,100758.08
2025-05-08 16:00:00,101276.49
2025-05-08 17:00:00,101027.13
2025-05-08 18:00:00,101365.38
2025-05-08 19:00:00,101299.99
2025-05-08 20:00:00,102607.8
2025-05-08 21:00:00,102828.03
2025-05-08 22:00:00,103017.95
2025-05-08 23:00:00,103261.6
2025-05-09 00:00:00,102820.0
2025-05-09 01:00:00,103098.34
2025-05-09 02:00:00,102595.5
2025-05-09 03:00:00,102451.04
2025-05-09 04:00:00,102828.0
2025-05-09 05:00:00,102979.35
2025-05-09 06:00:00,103230.11
2025-05-09 07:00:00,103628.77
2025-05-09 08:00:00,102968.25
2025-05-09 09:00:00,102915.58
2025-05-09 10:00:00,103371.63
2025-05-09 11:00:00,102958.31
2025-05-09 12:00:00,102899.99
2025-05-09 13:00:00,103633.5
2025-05-09 14:00:00,103155.99
2025-05-09 15:00:00,102895.99
2025-05-09 16:00:00,102480.83
2025-05-09 17:00:00,103199.99
2025-05-09 18:00:00,103176.46
2025-05-09 19:00:00,103189.17
2025-05-09 20:00:00,103183.94
2025-05-09 21:00:00,102984.99
2025-05-09 22:00:00,102784.66
2025-05-09 23:00:00,102971.99
2025-05-10 00:00:00,102865.7
2025-05-10 01:00:00,102987.5
2025-05-10 02:00:00,103147.96
2025-05-10 03:00:00,103226.24
2025-05-10 04:00:00,103152.48
2025-05-10 05:00:00,103361.0
2025-05-10 06:00:00,103930.71
2025-05-10 07:00:00,103759.71
2025-05-10 08:00:00,103634.92
2025-05-10 09:00:00,103761.91
2025-05-10 10:00:00,103593.15
2025-05-10 11:00:00,103434.94
2025-05-10 12:00:00,103695.98
2025-05-10 13:00:00,103628.86
2025-05-10 14:00:00,103520.41
2025-05-10 15:00:00,103138.77
2025-05-10 16:00:00,103435.22
2025-05-10 17:00:00,103176.88
2025-05-10 18:00:00,103252.88
2025-05-10 19:00:00,103191.35
2025-05-10 20:00:00,103193.43
2025-05-10 21:00:00,103756.71
2025-05-10 22:00:00,103597.89
2025-05-10 23:00:00,104809.53
2025-05-11 00:00:00,104428.58
2025-05-11 01:00:00,104135.32
2025-05-11 02:00:00,103781.06
2025-05-11 03:00:00,104007.03
2025-05-11 04:00:00,104153.72
2025-05-11 05:00:00,103840.0
2025-05-11 06:00:00,103864.52
2025-05-11 07:00:00,103385.47
2025-05-11 08:00:00,103825.39
2025-05-11 09:00:00,104347.94
2025-05-11 10:00:00,104644.0
2025-05-11 11:00:00,104652.01
2025-05-11 12:00:00,104601.9
2025-05-11 13:00:00,103959.99
2025-05-11 14:00:00,104160.0
2025-05-11 15:00:00,104150.0
2025-05-11 16:00:00,103984.13
2025-05-11 17:00:00,104036.7
2025-05-11 18:00:00,104528.19
2025-05-11 19:00:00,104420.0
2025-05-11 20:00:00,104269.85
2025-05-11 21:00:00,104349.0
2025-05-11 22:00:00,103793.67
2025-05-11 23:00:00,104118.0
2025-05-12 00:00:00,104587.31
2025-05-12 01:00:00,103984.14
2025-05-12 02:00:00,103885.72
2025-05-12 03:00:00,104100.13
2025-05-12 04:00:00,104072.7
2025-05-12 05:00:00,103940.0
2025-05-12 06:00:00,104384.8
2025-05-12 07:00:00,104467.99
2025-05-12 08:00:00,104614.04
2025-05-12 09:00:00,104459.34
2025-05-12 10:00:00,104527.62
2025-05-12 11:00:00,103762.9
2025-05-12 12:00:00,103881.15
2025-05-12 13:00:00,104319.99
2025-05-12 14:00:00,102799.99
2025-05-12 15:00:00,102527.26
2025-05-12 16:00:00,102856.06
2025-05-12 17:00:00,102556.19
2025-05-12 18:00:00,101630.59
2025-05-12 19:00:00,101860.0
2025-05-12 20:00:00,102678.51
2025-05-12 21:00:00,102510.1
2025-05-12 22:00:00,102856.38
2025-05-12 23:00:00,102791.32
2025-05-13 00:00:00,102260.01
2025-05-13 01:00:00,102400.48
2025-05-13 02:00:00,102067.99
2025-05-13 03:00:00,101719.4
2025-05-13 04:00:00,102745.71
2025-05-13 05:00:00,102477.15
2025-05-13 06:00:00,102552.0
2025-05-13 07:00:00,102665.5
2025-05-13 08:00:00,102722.0
2025-05-13 09:00:00,103457.03
2025-05-13 10:00:00,103557.72
2025-05-13 11:00:00,103729.2
2025-05-13 12:00:00,103682.52
2025-05-13 13:00:00,103715.87
2025-05-13 14:00:00,103191.65
2025-05-13 15:00:00,103682.55
2025-05-13 16:00:00,103725.85
2025-05-13 17:00:00,104268.17
2025-05-13 18:00:00,104354.19
2025-05-13 19:00:00,104792.22
2025-05-13 20:00:00,104562.39
2025-05-13 21:00:00,104342.71
2025-05-13 22:00:00,104128.5
2025-05-13 23:00:00,104103.72
2025-05-14 00:00:00,103920.76
2025-05-14 01:00:00,103734.82
2025-05-14 02:00:00,103713.27
2025-05-14 03:00:00,103587.44
2025-05-14 04:00:00,103743.02
2025-05-14 05:00:00,103896.71
2025-05-14 06:00:00,103757.5
2025-05-14 07:00:00,103716.55
2025-05-14 08:00:00,103200.0
2025-05-14 09:00:00,103485.73
2025-05-14 10:00:00,103708.49
2025-05-14 11:00:00,103944.93
2025-05-14 12:00:00,103999.99
2025-05-14 13:00:00,103970.87
2025-05-14 14:00:00,103265.46
2025-05-14 15:00:00,103514.24
2025-05-14 16:00:00,103363.65
2025-05-14 17:00:00,103246.79
2025-05-14 18:00:00,103523.81
2025-05-14 19:00:00,103321.72
2025-05-14 20:00:00,103555.51
2025-05-14 21:00:00,103647.39
2025-05-14 22:00:00,103511.46
2025-05-14 23:00:00,103507.82
2025-05-15 00:00:00,103801.85
2025-05-15 01:00:00,103033.52
2025-05-15 02:00:00,103047.62
2025-05-15 03:00:00,102753.63
2025-05-15 04:00:00,102891.76
2025-05-15 05:00:00,102375.31
2025-05-15 06:00:00,102247.4
2025-05-15 07:00:00,101779.99
2025-05-15 08:00:00,102274.65
2025-05-15 09:00:00,101823.39
2025-05-15 10:00:00,101804.74
2025-05-15 11:00:00,102371.61
2025-05-15 12:00:00,102560.0
2025-05-15 13:00:00,102133.49
2025-05-15 14:00:00,101987.65
2025-05-15 15:00:00,103251.35
2025-05-15 16:00:00,103846.27
2025-05-15 17:00:00,103968.24
2025-05-15 18:00:00,102697.31
2025-05-15 19:00:00,103157.26
2025-05-15 20:00:00,103443.51
2025-05-15 21:00:00,103288.75
2025-05-15 22:00:00,103492.06
2025-05-15 23:00:00,103763.71
2025-05-16 00:00:00,103764.81
2025-05-16 01:00:00,104047.61
2025-05-16 02:00:00,104199.8
2025-05-16 03:00:00,104023.49
2025-05-16 04:00:00,103919.95
2025-05-16 05:00:00,103898.52
2025-05-16 06:00:00,103987.87
2025-05-16 07:00:00,103710.17
2025-05-16 08:00:00,103388.6
2025-05-16 09:00:00,103793.65
2025-05-16 10:00:00,103796.91
2025-05-16 11:00:00,103651.71
2025-05-16 12:00:00,103506.07
2025-05-16 13:00:00,104007.98
2025-05-16 14:00:00,103578.7
2025-05-16 15:00:00,104183.33
2025-05-16 16:00:00,104145.49
2025-05-16 17:00:00,103867.96
2025-05-16 18:00:00,103691.55
2025-05-16 19:00:00,104032.6
2025-05-16 20:00:00,103692.48
2025-05-16 21:00:00,103612.0
2025-05-16 22:00:00,103521.96
2025-05-16 23:00:00,103463.9
2025-05-17 00:00:00,103360.01
2025-05-17 01:00:00,102829.57
2025-05-17 02:00:00,103286.01
2025-05-17 03:00:00,103508.48
2025-05-17 04:00:00,103658.05
2025-05-17 05:00:00,103342.79
2025-05-17 06:00:00,103487.95
2025-05-17 07:00:00,103451.14
2025-05-17 08:00:00,103426.06
2025-05-17 09:00:00,102896.59
2025-05-17 10:00:00,102873.74
2025-05-17 11:00:00,102994.17
2025-05-17 12:00:00,102927.57
2025-05-17 13:00:00,102713.34
2025-05-17 14:00:00,103124.8
2025-05-17 15:00:00,102939.53
2025-05-17 16:00:00,102938.32
2025-05-17 17:00:00,103130.43
2025-05-17 18:00:00,102987.2
2025-05-17 19:00:00,103158.6
2025-05-17 20:00:00,103372.04
2025-05-17 21:00:00,103243.69
2025-05-17 22:00:00,103031.03
2025-05-17 23:00:00,103126.65
2025-05-18 00:00:00,103382.8
2025-05-18 01:00:00,103251.49
2025-05-18 02:00:00,103346.7
2025-05-18 03:00:00,103295.7
2025-05-18 04:00:00,103355.01
2025-05-18 05:00:00,103648.2
2025-05-18 06:00:00,103476.19
2025-05-18 07:00:00,103919.39
2025-05-18 08:00:00,103912.82
2025-05-18 09:00:00,103868.48
2025-05-18 10:00:00,103856.81
2025-05-18 11:00:00,103800.54
2025-05-18 12:00:00,103939.65
2025-05-18 13:00:00,104740.0
2025-05-18 14:00:00,105270.97
2025-05-18 15:00:00,105518.0
2025-05-18 16:00:00,105822.22
2025-05-18 17:00:00,104836.67
2025-05-18 18:00:00,104498.0
2025-05-18 19:00:00,103883.97
2025-05-18 20:00:00,104053.05
2025-05-18 21:00:00,104180.38
2025-05-18 22:00:00,105928.1
2025-05-18 23:00:00,106454.26
2025-05-19 00:00:00,105260.88
2025-05-19 01:00:00,105059.97
2025-05-19 02:00:00,104645.15
2025-05-19 03:00:00,103605.88
2025-05-19 04:00:00,103002.07
2025-05-19 05:00:00,103032.01
2025-05-19 06:00:00,102208.0
2025-05-19 07:00:00,103226.29
2025-05-19 08:00:00,103233.9
2025-05-19 09:00:00,103061.61
2025-05-19 10:00:00,102915.5
2025-05-19 11:00:00,102963.41
2025-05-19 12:00:00,102479.95
2025-05-19 13:00:00,103294.11
2025-05-19 14:00:00,104328.11
2025-05-19 15:00:00,104786.41
2025-05-19 16:00:00,105356.44
2025-05-19 17:00:00,105380.95
2025-05-19 18:00:00,104778.98
2025-05-19 19:00:00,105517.7
2025-05-19 20:00:00,105468.0
2025-05-19 21:00:00,105474.67
2025-05-19 22:00:00,105549.92
2025-05-19 23:00:00,105573.74
2025-05-20 00:00:00,105727.27
2025-05-20 01:00:00,106450.0
2025-05-20 02:00:00,106099.99
2025-05-20 03:00:00,105761.92
2025-05-20 04:00:00,106219.99
2025-05-20 05:00:00,106105.26
2025-05-20 06:00:00,105454.54
2025-05-20 07:00:00,105021.71
2025-05-20 08:00:00,105223.01
2025-05-20 09:00:00,105285.72
2025-05-20 10:00:00,105030.65
2025-05-20 11:00:00,105203.76
2025-05-20 12:00:00,104780.0
2025-05-20 13:00:00,104448.04
2025-05-20 14:00:00,104519.84
2025-05-20 15:00:00,105333.68
2025-05-20 16:00:00,105212.49
2025-05-20 17:00:00,106200.31
2025-05-20 18:00:00,105285.54
2025-05-20 19:00:00,107026.47
2025-05-20 20:00:00,106909.09
2025-05-20 21:00:00,106619.0
2025-05-20 22:00:00,106775.83
2025-05-20 23:00:00,106849.99
2025-05-21 00:00:00,106739.54
2025-05-21 01:00:00,106500.0
2025-05-21 02:00:00,106859.04
2025-05-21 03:00:00,106843.59
2025-05-21 04:00:00,107287.0
2025-05-21 05:00:00,107542.0
2025-05-21 06:00:00,107751.41
2025-05-21 07:00:00,106527.16
2025-05-21 08:00:00,106372.45
2025-05-21 09:00:00,106200.03
2025-05-21 10:00:00,106328.57
2025-05-21 11:00:00,106546.44
2025-05-21 12:00:00,106573.11
2025-05-21 13:00:00,107244.76
2025-05-21 14:00:00,108999.99
2025-05-21 15:00:00,108973.35
2025-05-21 16:00:00,109131.7
2025-05-21 17:00:00,106592.79
2025-05-21 18:00:00,106965.05
2025-05-21 19:00:00,108603.79
2025-05-21 20:00:00,108238.09
2025-05-21 21:00:00,108414.64
2025-05-21 22:00:00,108739.36
2025-05-21 23:00:00,109643.99
2025-05-22 00:00:00,109954.53
2025-05-22 01:00:00,109920.68
2025-05-22 02:00:00,110471.51
2025-05-22 03:00:00,111780.84
2025-05-22 04:00:00,111482.42
2025-05-22 05:00:00,110879.99
2025-05-22 06:00:00,110606.07
2025-05-22 07:00:00,111045.45
2025-05-22 08:00:00,110409.09
2025-05-22 09:00:00,110821.3
2025-05-22 10:00:00,110805.22
2025-05-22 11:00:00,110981.97
2025-05-22 12:00:00,111608.69
2025-05-22 13:00:00,110914.49
2025-05-22 14:00:00,110897.9
2025-05-22 15:00:00,111290.86
2025-05-22 16:00:00,111252.36
2025-05-22 17:00:00,111502.31
2025-05-22 18:00:00,111727.27
2025-05-22 19:00:00,111188.0
2025-05-22 20:00:00,111076.24
2025-05-22 21:00:00,110831.36
2025-05-22 22:00:00,111020.93
2025-05-22 23:00:00,111696.21
2025-05-23 00:00:00,111613.58
2025-05-23 01:00:00,111327.69
2025-05-23 02:00:00,111272.72
2025-05-23 03:00:00,111100.01
2025-05-23 04:00:00,110844.19
2025-05-23 05:00:00,110855.47
2025-05-23 06:00:00,110526.01
2025-05-23 07:00:00,110715.42
2025-05-23 08:00:00,110935.24
2025-05-23 09:00:00,111335.02
2025-05-23 10:00:00,111061.24
2025-05-23 11:00:00,109076.35
2025-05-23 12:00:00,108412.77
2025-05-23 13:00:00,109634.99
2025-05-23 14:00:00,109672.01
2025-05-23 15:00:00,108940.0
2025-05-23 16:00:00,109068.87
2025-05-23 17:00:00,109413.03
2025-05-23 18:00:00,108794.09
2025-05-23 19:00:00,108716.07
2025-05-23 20:00:00,108236.53
2025-05-23 21:00:00,108282.89
2025-05-23 22:00:00,107797.37
2025-05-23 23:00:00,107318.3
2025-05-24 00:00:00,107366.68
2025-05-24 01:00:00,107479.24
2025-05-24 02:00:00,107803.84
2025-05-24 03:00:00,108366.3
2025-05-24 04:00:00,108485.07
2025-05-24 05:00:00,108235.68
2025-05-24 06:00:00,107959.99
2025-05-24 07:00:00,107587.75
2025-05-24 08:00:00,108251.23
2025-05-24 09:00:00,108161.69
2025-05-24 10:00:00,109094.99
2025-05-24 11:00:00,109208.56
2025-05-24 12:00:00,108776.63
2025-05-24 13:00:00,108590.29
2025-05-24 14:00:00,108959.09
2025-05-24 15:00:00,108929.7
2025-05-24 16:00:00,108997.67
2025-05-24 17:00:00,108920.03
2025-05-24 18:00:00,108827.01
2025-05-24 19:00:00,108960.0
2025-05-24 20:00:00,108863.63
2025-05-24 21:00:00,108818.18
2025-05-24 22:00:00,108100.5
2025-05-24 23:00:00,107761.91
2025-05-25 00:00:00,107443.9
2025-05-25 01:00:00,107656.22
2025-05-25 02:00:00,107928.8
2025-05-25 03:00:00,108095.75
2025-05-25 04:00:00,108245.21
2025-05-25 05:00:00,108103.98
2025-05-25 06:00:00,107938.0
2025-05-25 07:00:00,107681.81
2025-05-25 08:00:00,107109.41
2025-05-25 09:00:00,107131.67
2025-05-25 10:00:00,106946.4
2025-05-25 11:00:00,107260.0
2025-05-25 12:00:00,107530.57
2025-05-25 13:00:00,107521.75
2025-05-25 14:00:00,107355.0
2025-05-25 15:00:00,106967.97
2025-05-25 16:00:00,107174.4
2025-05-25 17:00:00,107363.37
2025-05-25 18:00:00,107413.34
2025-05-25 19:00:00,107717.01
2025-05-25 20:00:00,107677.35
2025-05-25 21:00:00,107466.7
2025-05-25 22:00:00,109166.0
2025-05-25 23:00:00,109004.19
2025-05-26 00:00:00,109540.46
2025-05-26 01:00:00,109545.46
2025-05-26 02:00:00,109387.72
2025-05-26 03:00:00,109623.53
2025-05-26 04:00:00,109541.3
2025-05-26 05:00:00,109650.01
2025-05-26 06:00:00,109928.37
2025-05-26 07:00:00,110094.62
2025-05-26 08:00:00,109666.4
2025-05-26 09:00:00,109712.56
2025-05-26 10:00:00,109643.56
2025-05-26 11:00:00,109772.72
2025-05-26 12:00:00,109826.92
2025-05-26 13:00:00,109595.65
2025-05-26 14:00:00,109652.51
2025-05-26 15:00:00,110009.82
2025-05-26 16:00:00,109391.37
2025-05-26 17:00:00,109171.91
2025-05-26 18:00:00,109101.97
2025-05-26 19:00:00,109130.44
2025-05-26 20:00:00,109606.5
2025-05-26 21:00:00,109346.68
2025-05-26 22:00:00,109190.48
2025-05-26 23:00:00,109434.79
2025-05-27 00:00:00,109136.37
2025-05-27 01:00:00,108385.31
2025-05-27 02:00:00,108272.72
2025-05-27 03:00:00,108892.16
2025-05-27 04:00:00,108952.65
2025-05-27 05:00:00,108923.36
2025-05-27 06:00:00,108828.19
2025-05-27 07:00:00,109547.16
2025-05-27 08:00:00,109695.65
2025-05-27 09:00:00,109830.25
2025-05-27 10:00:00,109698.57
2025-05-27 11:00:00,109585.49
2025-05-27 12:00:00,109603.02
2025-05-27 13:00:00,109837.26
2025-05-27 14:00:00,109374.75
2025-05-27 15:00:00,110140.11
2025-05-27 16:00:00,110217.39
2025-05-27 17:00:00,110232.46
2025-05-27 18:00:00,109890.62
2025-05-27 19:00:00,109877.87
2025-05-27 20:00:00,109551.69
2025-05-27 21:00:00,108918.07
2025-05-27 22:00:00,109027.01
2025-05-27 23:00:00,108938.17
2025-05-28 00:00:00,109205.39
2025-05-28 01:00:00,108667.99
2025-05-28 02:00:00,108627.42
2025-05-28 03:00:00,108863.64
2025-05-28 04:00:00,108971.87
2025-05-28 05:00:00,109000.0
2025-05-28 06:00:00,108727.27
2025-05-28 07:00:00,108816.44
2025-05-28 08:00:00,109040.45
2025-05-28 09:00:00,108789.17
2025-05-28 10:00:00,108829.01
2025-05-28 11:00:00,108870.38
2025-05-28 12:00:00,108891.94
2025-05-28 13:00:00,108068.45
2025-05-28 14:00:00,107522.72
2025-05-28 15:00:00,107107.31
2025-05-28 16:00:00,107420.0
2025-05-28 17:00:00,107679.01
2025-05-28 18:00:00,107476.55
2025-05-28 19:00:00,106946.01
2025-05-28 20:00:00,107318.18
2025-05-28 21:00:00,107495.74
2025-05-28 22:00:00,107400.73
2025-05-28 23:00:00,107781.78
2025-05-29 00:00:00,108285.32
2025-05-29 01:00:00,108156.23
2025-05-29 02:00:00,108426.94
2025-05-29 03:00:00,108044.88
2025-05-29 04:00:00,107564.44
2025-05-29 05:00:00,107681.81
2025-05-29 06:00:00,107915.46
2025-05-29 07:00:00,107880.72
2025-05-29 08:00:00,108492.49
2025-05-29 09:00:00,108520.01
2025-05-29 10:00:00,108746.01
2025-05-29 11:00:00,108779.84
2025-05-29 12:00:00,108434.78
2025-05-29 13:00:00,107601.08
2025-05-29 14:00:00,107622.54
2025-05-29 15:00:00,107019.89
2025-05-29 16:00:00,106724.42
2025-05-29 17:00:00,106303.6
2025-05-29 18:00:00,105837.13
2025-05-29 19:00:00,105731.74
2025-05-29 20:00:00,106180.0
2025-05-29 21:00:00,106443.01
2025-05-29 22:00:00,105929.07
2025-05-29 23:00:00,105589.75
2025-05-30 00:00:00,104939.99
2025-05-30 01:00:00,105666.66
2025-05-30 02:00:00,106000.0
2025-05-30 03:00:00,106024.33
2025-05-30 04:00:00,106112.08
2025-05-30 05:00:00,106083.42
2025-05-30 06:00:00,105711.77
2025-05-30 07:00:00,105028.02
2025-05-30 08:00:00,105177.33
2025-05-30 09:00:00,105623.04
2025-05-30 10:00:00,105925.06
2025-05-30 11:00:00,105880.51
2025-05-30 12:00:00,105684.96
2025-05-30 13:00:00,105495.59
2025-05-30 14:00:00,105346.33
2025-05-30 15:00:00,105543.0
2025-05-30 16:00:00,103898.75
2025-05-30 17:00:00,104183.15
2025-05-30 18:00:00,104891.99
2025-05-30 19:00:00,104640.5
2025-05-30 20:00:00,104580.0
2025-05-30 21:00:00,104631.59
2025-05-30 22:00:00,103966.33
2025-05-30 23:00:00,103985.48
2025-05-31 00:00:00,103957.33
2025-05-31 01:00:00,103476.61
2025-05-31 02:00:00,103189.83
2025-05-31 03:00:00,103684.01
2025-05-31 04:00:00,103812.0
2025-05-31 05:00:00,103538.94
2025-05-31 06:00:00,103862.52
2025-05-31 07:00:00,103747.02
2025-05-31 08:00:00,103648.32
2025-05-31 09:00:00,103538.01
2025-05-31 10:00:00,103410.0
2025-05-31 11:00:00,103498.18
2025-05-31 12:00:00,104033.96
2025-05-31 13:00:00,104117.3
2025-05-31 14:00:00,104573.92
2025-05-31 15:00:00,104556.08
2025-05-31 16:00:00,104490.57
2025-05-31 17:00:00,104349.06
2025-05-31 18:00:00,104487.81
2025-05-31 19:00:00,104698.02
2025-05-31 20:00:00,104781.83
2025-05-31 21:00:00,104863.16
2025-05-31 22:00:00,104625.8
2025-05-31 23:00:00,104591.88
2025-06-01 00:00:00,104446.49
2025-06-01 01:00:00,104126.07
2025-06-01 02:00:00,104195.12
2025-06-01 03:00:00,104381.03
2025-06-01 04:00:00,104633.16
2025-06-01 05:00:00,104536.57
2025-06-01 06:00:00,104258.93
2025-06-01 07:00:00,104275.95
2025-06-01 08:00:00,104386.6
2025-06-01 09:00:00,103934.34
2025-06-01 10:00:00,103930.99
2025-06-01 11:00:00,104082.68
2025-06-01 12:00:00,103956.26
2025-06-01 13:00:00,104259.2
2025-06-01 14:00:00,104599.7
2025-06-01 15:00:00,104715.1
2025-06-01 16:00:00,105038.8
2025-06-01 17:00:00,105066.33
2025-06-01 18:00:00,104900.01
2025-06-01 19:00:00,105121.94
2025-06-01 20:00:00,104948.91
2025-06-01 21:00:00,105496.54
2025-06-01 22:00:00,105512.18
2025-06-01 23:00:00,105642.93
2025-06-02 00:00:00,105427.48
2025-06-02 01:00:00,105388.59
2025-06-02 02:00:00,105026.98
2025-06-02 03:00:00,104829.27
2025-06-02 04:00:00,104765.48
2025-06-02 05:00:00,104833.79
2025-06-02 06:00:00,105162.38
2025-06-02 07:00:00,105387.67
2025-06-02 08:00:00,105328.43
2025-06-02 09:00:00,104585.36
2025-06-02 10:00:00,104370.85
2025-06-02 11:00:00,104047.64
2025-06-02 12:00:00,104200.32
2025-06-02 13:00:00,103800.0
2025-06-02 14:00:00,104176.62
2025-06-02 15:00:00,104438.79
2025-06-02 16:00:00,104286.06
2025-06-02 17:00:00,104399.89
2025-06-02 18:00:00,104361.54
2025-06-02 19:00:00,104425.63
2025-06-02 20:00:00,104878.62
2025-06-02 21:00:00,104942.0
2025-06-02 22:00:00,105695.49
2025-06-02 23:00:00,105857.99
2025-06-03 00:00:00,106285.72
2025-06-03 01:00:00,106481.75
2025-06-03 02:00:00,105612.46
2025-06-03 03:00:00,105482.02
2025-06-03 04:00:00,105166.92
2025-06-03 05:00:00,105452.08
2025-06-03 06:00:00,105429.67
2025-06-03 07:00:00,105170.75
2025-06-03 08:00:00,105094.93
2025-06-03 09:00:00,105198.11
2025-06-03 10:00:00,105280.99
2025-06-03 11:00:00,105287.24
2025-06-03 12:00:00,105307.94
2025-06-03 13:00:00,105421.55
2025-06-03 14:00:00,106550.01
2025-06-03 15:00:00,106610.66
2025-06-03 16:00:00,105817.63
2025-06-03 17:00:00,105943.98
2025-06-03 18:00:00,106013.15
2025-06-03 19:00:00,106238.81
2025-06-03 20:00:00,105738.69
2025-06-03 21:00:00,105367.93
2025-06-03 22:00:00,105743.74
2025-06-03 23:00:00,105376.89
2025-06-04 00:00:00,105476.2
2025-06-04 01:00:00,105592.9
2025-06-04 02:00:00,105476.22
2025-06-04 03:00:00,105519.27
2025-06-04 04:00:00,105407.05
2025-06-04 05:00:00,105354.14
2025-06-04 06:00:00,105301.02
2025-06-04 07:00:00,105320.75
2025-06-04 08:00:00,105435.93
2025-06-04 09:00:00,105825.31
2025-06-04 10:00:00,105705.13
2025-06-04 11:00:00,105084.36
2025-06-04 12:00:00,105039.19
2025-06-04 13:00:00,104761.17
2025-06-04 14:00:00,105033.3
2025-06-04 15:00:00,105298.27
2025-06-04 16:00:00,105445.89
2025-06-04 17:00:00,105051.1
2025-06-04 18:00:00,104951.54
2025-06-04 19:00:00,104913.52
2025-06-04 20:00:00,104609.87
2025-06-04 21:00:00,104930.61
2025-06-04 22:00:00,104775.36
2025-06-04 23:00:00,104696.86
2025-06-05 00:00:00,104976.74
2025-06-05 01:00:00,104774.92
2025-06-05 02:00:00,104989.48
2025-06-05 03:00:00,105047.15
2025-06-05 04:00:00,105173.71
2025-06-05 05:00:00,104649.23
2025-06-05 06:00:00,104452.93
2025-06-05 07:00:00,104518.05
2025-06-05 08:00:00,104675.36
2025-06-05 09:00:00,104900.0
2025-06-05 10:00:00,104659.24
2025-06-05 11:00:00,104827.8
2025-06-05 12:00:00,105649.59
2025-06-05 13:00:00,104527.0
2025-06-05 14:00:00,104639.2
2025-06-05 15:00:00,104531.49
2025-06-05 16:00:00,103262.53
2025-06-05 17:00:00,103240.04
2025-06-05 18:00:00,103006.05
2025-06-05 19:00:00,101914.77
2025-06-05 20:00:00,100483.91
2025-06-05 21:00:00,101542.82
2025-06-05 22:00:00,101502.61
2025-06-05 23:00:00,101508.68
2025-06-06 00:00:00,101900.77
2025-06-06 01:00:00,101841.2
2025-06-06 02:00:00,102203.52
2025-06-06 03:00:00,102493.3
2025-06-06 04:00:00,102777.0
2025-06-06 05:00:00,102954.24
2025-06-06 06:00:00,103160.0
2025-06-06 07:00:00,103150.44
2025-06-06 08:00:00,103510.25
2025-06-06 09:00:00,103643.98
2025-06-06 10:00:00,103676.25
2025-06-06 11:00:00,103927.99
2025-06-06 12:00:00,103753.27
2025-06-06 13:00:00,104098.84
2025-06-06 14:00:00,104776.7
2025-06-06 15:00:00,105092.28
2025-06-06 16:00:00,104758.27
2025-06-06 17:00:00,104922.14
2025-06-06 18:00:00,104497.69
2025-06-06 19:00:00,104219.8
2025-06-06 20:00:00,104478.07
2025-06-06 21:00:00,104386.29
2025-06-06 22:00:00,104476.81
2025-06-06 23:00:00,104288.44
2025-06-07 00:00:00,104511.69
2025-06-07 01:00:00,104453.56
2025-06-07 02:00:00,104531.57
2025-06-07 03:00:00,104871.58
2025-06-07 04:00:00,104819.99
2025-06-07 05:00:00,104877.36
2025-06-07 06:00:00,105316.37
2025-06-07 07:00:00,104867.04
2025-06-07 08:00:00,104746.44
2025-06-07 09:00:00,104848.09
2025-06-07 10:00:00,105145.84
2025-06-07 11:00:00,105150.01
2025-06-07 12:00:00,105465.21
2025-06-07 13:00:00,105610.52
2025-06-07 14:00:00,105431.61
2025-06-07 15:00:00,105558.11
2025-06-07 16:00:00,105350.68
2025-06-07 17:00:00,105393.21
2025-06-07 18:00:00,105599.99
2025-06-07 19:00:00,105725.91
2025-06-07 20:00:00,105846.98
2025-06-07 21:00:00,105764.64
2025-06-07 22:00:00,105820.51
2025-06-07 23:00:00,105552.15
2025-06-08 00:00:00,105473.21
2025-06-08 01:00:00,105690.33
2025-06-08 02:00:00,105441.87
2025-06-08 03:00:00,105471.59
2025-06-08 04:00:00,105614.38
2025-06-08 05:00:00,105438.34
2025-06-08 06:00:00,105442.87
2025-06-08 07:00:00,105426.45
2025-06-08 08:00:00,105373.81
2025-06-08 09:00:00,105140.01
2025-06-08 10:00:00,105357.64
2025-06-08 11:00:00,105686.71
2025-06-08 12:00:00,105721.5
2025-06-08 13:00:00,105627.9
2025-06-08 14:00:00,105829.66
2025-06-08 15:00:00,105984.52
2025-06-08 16:00:00,106189.99
2025-06-08 17:00:00,106082.95
2025-06-08 18:00:00,106317.7
2025-06-08 19:00:00,106289.99
2025-06-08 20:00:00,106147.66
2025-06-08 21:00:00,106331.92
2025-06-08 22:00:00,105770.55
2025-06-08 23:00:00,105734.0
2025-06-09 00:00:00,105706.34
2025-06-09 01:00:00,105527.71
2025-06-09 02:00:00,105560.89
2025-06-09 03:00:00,105659.13
2025-06-09 04:00:00,105449.21
2025-06-09 05:00:00,105379.11
2025-06-09 06:00:00,105692.83
2025-06-09 07:00:00,105560.71
2025-06-09 08:00:00,105926.39
2025-06-09 09:00:00,106612.52
2025-06-09 10:00:00,107179.7
2025-06-09 11:00:00,107759.21
2025-06-09 12:00:00,107750.39
2025-06-09 13:00:00,107026.47
2025-06-09 14:00:00,107610.33
2025-06-09 15:00:00,107635.91
2025-06-09 16:00:00,107697.51
2025-06-09 17:00:00,108337.56
2025-06-09 18:00:00,108446.18
2025-06-09 19:00:00,108564.72
2025-06-09 20:00:00,108706.74
2025-06-09 21:00:00,109973.75
2025-06-09 22:00:00,110177.28
2025-06-09 23:00:00,110263.02
2025-06-10 00:00:00,109913.91
2025-06-10 01:00:00,109788.57
2025-06-10 02:00:00,109650.94
2025-06-10 03:00:00,109568.02
2025-06-10 04:00:00,109528.55
2025-06-10 05:00:00,109310.49
2025-06-10 06:00:00,109502.68
2025-06-10 07:00:00,109205.14
2025-06-10 08:00:00,109082.65
2025-06-10 09:00:00,109508.78
2025-06-10 10:00:00,109303.61
2025-06-10 11:00:00,109541.28
2025-06-10 12:00:00,109697.76
2025-06-10 13:00:00,109305.28
2025-06-10 14:00:00,108620.01
2025-06-10 15:00:00,109015.42
2025-06-10 16:00:00,108720.61
2025-06-10 17:00:00,108711.37
2025-06-10 18:00:00,109282.38
2025-06-10 19:00:00,109526.3
2025-06-10 20:00:00,109960.0
2025-06-10 21:00:00,109863.07
2025-06-10 22:00:00,109727.87
2025-06-10 23:00:00,110274.39
2025-06-11 00:00:00,109825.54
2025-06-11 01:00:00,109605.53
2025-06-11 02:00:00,109677.03
2025-06-11 03:00:00,109722.95
2025-06-11 04:00:00,109562.75
2025-06-11 05:00:00,109468.03
2025-06-11 06:00:00,109595.01
2025-06-11 07:00:00,109446.74
2025-06-11 08:00:00,109576.02
2025-06-11 09:00:00,109269.83
2025-06-11 10:00:00,109373.12
2025-06-11 11:00:00,109252.09
2025-06-11 12:00:00,109714.87
2025-06-11 13:00:00,109684.0
2025-06-11 14:00:00,109866.69
2025-06-11 15:00:00,109735.7
2025-06-11 16:00:00,109439.38
2025-06-11 17:00:00,108984.72
2025-06-11 18:00:00,108807.25
2025-06-11 19:00:00,108742.37
2025-06-11 20:00:00,108906.44
2025-06-11 21:00:00,108508.18
2025-06-11 22:00:00,108443.38
2025-06-11 23:00:00,108645.12
2025-06-12 00:00:00,108705.99
2025-06-12 01:00:00,108515.99
2025-06-12 02:00:00,108400.52
2025-06-12 03:00:00,107860.05
2025-06-12 04:00:00,107765.12
2025-06-12 05:00:00,107746.91
2025-06-12 06:00:00,107909.02
2025-06-12 07:00:00,107633.53
2025-06-12 08:00:00,107731.67
2025-06-12 09:00:00,107507.35
2025-06-12 10:00:00,107323.16
2025-06-12 11:00:00,106900.95
2025-06-12 12:00:00,106988.54
2025-06-12 13:00:00,107070.8
2025-06-12 14:00:00,107612.69
2025-06-12 15:00:00,107020.95
2025-06-12 16:00:00,107744.71
2025-06-12 17:00:00,108287.4
2025-06-12 18:00:00,107561.35
2025-06-12 19:00:00,106788.8
2025-06-12 20:00:00,105973.62
2025-06-12 21:00:00,105894.31
2025-06-12 22:00:00,105890.7
2025-06-12 23:00:00,105671.73
2025-06-13 00:00:00,103797.81
2025-06-13 01:00:00,103773.65
2025-06-13 02:00:00,103641.21
2025-06-13 03:00:00,104277.22
2025-06-13 04:00:00,104404.52
2025-06-13 05:00:00,104002.25
2025-06-13 06:00:00,104704.26
2025-06-13 07:00:00,104895.0
2025-06-13 08:00:00,104739.45
2025-06-13 09:00:00,104830.36
2025-06-13 10:00:00,104874.01
2025-06-13 11:00:00,105039.48
2025-06-13 12:00:00,104852.29
2025-06-13 13:00:00,104732.44
2025-06-13 14:00:00,104970.74
2025-06-13 15:00:00,105436.87
2025-06-13 16:00:00,105783.66
2025-06-13 17:00:00,105390.94
2025-06-13 18:00:00,105193.04
2025-06-13 19:00:00,105110.0
2025-06-13 20:00:00,105424.0
2025-06-13 21:00:00,105612.59
2025-06-13 22:00:00,105751.28
2025-06-13 23:00:00,106066.59
2025-06-14 00:00:00,105826.32
2025-06-14 01:00:00,105470.35
2025-06-14 02:00:00,105374.17
2025-06-14 03:00:00,105228.82
2025-06-14 04:00:00,105371.07
2025-06-14 05:00:00,105288.3
2025-06-14 06:00:00,105105.13
2025-06-14 07:00:00,105076.59
2025-06-14 08:00:00,105095.03
2025-06-14 09:00:00,104862.26
2025-06-14 10:00:00,105011.92
2025-06-14 11:00:00,105082.01
2025-06-14 12:00:00,105053.63
2025-06-14 13:00:00,105017.41
2025-06-14 14:00:00,104913.01
2025-06-14 15:00:00,104841.3
2025-06-14 16:00:00,104457.85
2025-06-14 17:00:00,104608.17
2025-06-14 18:00:00,104892.81
2025-06-14 19:00:00,104645.67
2025-06-14 20:00:00,104894.29
2025-06-14 21:00:00,105315.54
2025-06-14 22:00:00,105428.74
2025-06-14 23:00:00,105414.64
2025-06-15 00:00:00,105643.99
2025-06-15 01:00:00,105421.03
2025-06-15 02:00:00,105481.02
2025-06-15 03:00:00,105473.55
2025-06-15 04:00:00,105559.68
2025-06-15 05:00:00,106073.94
2025-06-15 06:00:00,105440.69
2025-06-15 07:00:00,105428.0
2025-06-15 08:00:00,105197.19
2025-06-15 09:00:00,104915.15
2025-06-15 10:00:00,105119.99
2025-06-15 11:00:00,104970.51
2025-06-15 12:00:00,105289.81
2025-06-15 13:00:00,105515.97
2025-06-15 14:00:00,105657.64
2025-06-15 15:00:00,105564.0
2025-06-15 16:00:00,105567.24
2025-06-15 17:00:00,105689.64
2025-06-15 18:00:00,105485.29
2025-06-15 19:00:00,105294.19
2025-06-15 20:00:00,104729.53
2025-06-15 21:00:00,104807.75
2025-06-15 22:00:00,105263.51
2025-06-15 23:00:00,105594.01
2025-06-16 00:00:00,105429.32
2025-06-16 01:00:00,105815.08
2025-06-16 02:00:00,105785.51
2025-06-16 03:00:00,105921.84
2025-06-16 04:00:00,106386.0
2025-06-16 05:00:00,106559.98
2025-06-16 06:00:00,106586.01
2025-06-16 07:00:00,107061.8
2025-06-16 08:00:00,107180.0
2025-06-16 09:00:00,106945.86
2025-06-16 10:00:00,106834.32
2025-06-16 11:00:00,106883.99
2025-06-16 12:00:00,106690.47
2025-06-16 13:00:00,107160.06
2025-06-16 14:00:00,107533.5
2025-06-16 15:00:00,107424.96
2025-06-16 16:00:00,107765.99
2025-06-16 17:00:00,107755.0
2025-06-16 18:00:00,108255.96
2025-06-16 19:00:00,108652.0
2025-06-16 20:00:00,108782.68
2025-06-16 21:00:00,108513.1
2025-06-16 22:00:00,107700.01
2025-06-16 23:00:00,106794.53
2025-06-17 00:00:00,107238.63
2025-06-17 01:00:00,107173.51
2025-06-17 02:00:00,107482.39
2025-06-17 03:00:00,107590.41
2025-06-17 04:00:00,107333.64
2025-06-17 05:00:00,107122.02
2025-06-17 06:00:00,106832.91
2025-06-17 07:00:00,106758.52
2025-06-17 08:00:00,106568.06
2025-06-17 09:00:00,106160.57
2025-06-17 10:00:00,105956.01
2025-06-17 11:00:00,105641.47
2025-06-17 12:00:00,105507.0
2025-06-17 13:00:00,105349.27
2025-06-17 14:00:00,104847.33
2025-06-17 15:00:00,104241.63
2025-06-17 16:00:00,103630.67
2025-06-17 17:00:00,103814.01
2025-06-17 18:00:00,104414.84
2025-06-17 19:00:00,104686.12
2025-06-17 20:00:00,104362.39
2025-06-17 21:00:00,104552.58
2025-06-17 22:00:00,104228.31
2025-06-17 23:00:00,104551.17
2025-06-18 00:00:00,104842.78
2025-06-18 01:00:00,104776.92
2025-06-18 02:00:00,104856.06
2025-06-18 03:00:00,105184.84
2025-06-18 04:00:00,105447.39
2025-06-18 05:00:00,105423.5
2025-06-18 06:00:00,104966.2
2025-06-18 07:00:00,104973.24
2025-06-18 08:00:00,104949.9
2025-06-18 09:00:00,104697.03
2025-06-18 10:00:00,104266.19
2025-06-18 11:00:00,104840.59
2025-06-18 12:00:00,104514.0
2025-06-18 13:00:00,104439.81
2025-06-18 14:00:00,104619.88
2025-06-18 15:00:00,104801.01
2025-06-18 16:00:00,104426.93
2025-06-18 17:00:00,104331.83
2025-06-18 18:00:00,103623.39
2025-06-18 19:00:00,103808.41
2025-06-18 20:00:00,104822.33
2025-06-18 21:00:00,105085.5
2025-06-18 22:00:00,104815.23
2025-06-18 23:00:00,104886.78
2025-06-19 00:00:00,104944.06
2025-06-19 01:00:00,104599.25
2025-06-19 02:00:00,104722.51
2025-06-19 03:00:00,105100.02
2025-06-19 04:00:00,105073.52
2025-06-19 05:00:00,104892.86
2025-06-19 06:00:00,104707.94
2025-06-19 07:00:00,104642.85
2025-06-19 08:00:00,104746.12
2025-06-19 09:00:00,104994.0
2025-06-19 10:00:00,104913.19
2025-06-19 11:00:00,104776.23
2025-06-19 12:00:00,104752.6
2025-06-19 13:00:00,104283.33
2025-06-19 14:00:00,104148.6
2025-06-19 15:00:00,104096.93
2025-06-19 16:00:00,104001.13
2025-06-19 17:00:00,104521.31
2025-06-19 18:00:00,104392.53
2025-06-19 19:00:00,104250.44
2025-06-19 20:00:00,104266.82
2025-06-19 21:00:00,104332.45
2025-06-19 22:00:00,104596.29
2025-06-19 23:00:00,104658.59
2025-06-20 00:00:00,104692.74
2025-06-20 01:00:00,104778.5
2025-06-20 02:00:00,104628.0
2025-06-20 03:00:00,104596.63
2025-06-20 04:00:00,104258.59
2025-06-20 05:00:00,104584.68
2025-06-20 06:00:00,104719.86
2025-06-20 07:00:00,105811.74
2025-06-20 08:00:00,105959.68
2025-06-20 09:00:00,105940.58
2025-06-20 10:00:00,105958.87
2025-06-20 11:00:00,105977.82
2025-06-20 12:00:00,105982.89
2025-06-20 13:00:00,105674.0
2025-06-20 14:00:00,103940.01
2025-06-20 15:00:00,104217.99
2025-06-20 16:00:00,103670.61
2025-06-20 17:00:00,103279.26
2025-06-20 18:00:00,103165.45
2025-06-20 19:00:00,103307.22
2025-06-20 20:00:00,103693.5
2025-06-20 21:00:00,103532.0
2025-06-20 22:00:00,103107.11
2025-06-20 23:00:00,103297.99
2025-06-21 00:00:00,103248.07
2025-06-21 01:00:00,103515.36
2025-06-21 02:00:00,103499.98
2025-06-21 03:00:00,103495.87
2025-06-21 04:00:00,103384.98
2025-06-21 05:00:00,103421.21
2025-06-21 06:00:00,103572.69
2025-06-21 07:00:00,103458.5
2025-06-21 08:00:00,103826.03
2025-06-21 09:00:00,103843.37
2025-06-21 10:00:00,103831.22
2025-06-21 11:00:00,103874.64
2025-06-21 12:00:00,103807.7
2025-06-21 13:00:00,103572.29
2025-06-21 14:00:00,103549.99
2025-06-21 15:00:00,103560.9
2025-06-21 16:00:00,103486.01
2025-06-21 17:00:00,103182.98
2025-06-21 18:00:00,102645.22
2025-06-21 19:00:00,102245.1
2025-06-21 20:00:00,102782.08
2025-06-21 21:00:00,101455.61
2025-06-21 22:00:00,101772.96
2025-06-21 23:00:00,102120.01
2025-06-22 00:00:00,102852.0
2025-06-22 01:00:00,102387.0
2025-06-22 02:00:00,102347.64
2025-06-22 03:00:00,102375.4
2025-06-22 04:00:00,102548.15
2025-06-22 05:00:00,102853.89
2025-06-22 06:00:00,102744.36
2025-06-22 07:00:00,102424.61
2025-06-22 08:00:00,102712.34
2025-06-22 09:00:00,102199.99
2025-06-22 10:00:00,102495.69
2025-06-22 11:00:00,102739.48
2025-06-22 12:00:00,102759.98
2025-06-22 13:00:00,100865.66
2025-06-22 14:00:00,99628.28
2025-06-22 15:00:00,98906.21
2025-06-22 16:00:00,99667.17
2025-06-22 17:00:00,99480.0
2025-06-22 18:00:00,99437.42
2025-06-22 19:00:00,98882.84
2025-06-22 20:00:00,99536.0
2025-06-22 21:00:00,99173.83
2025-06-22 22:00:00,100980.05
2025-06-22 23:00:00,100963.87
2025-06-23 00:00:00,100904.6
2025-06-23 01:00:00,101101.64
2025-06-23 02:00:00,101301.2
2025-06-23 03:00:00,101154.14
2025-06-23 04:00:00,101167.99
2025-06-23 05:00:00,101771.02
2025-06-23 06:00:00,101940.27
2025-06-23 07:00:00,101931.04
2025-06-23 08:00:00,101881.37
2025-06-23 09:00:00,101567.66
2025-06-23 10:00:00,101463.21
2025-06-23 11:00:00,101289.01
2025-06-23 12:00:00,101684.7
2025-06-23 13:00:00,102354.14
2025-06-23 14:00:00,101624.39
2025-06-23 15:00:00,101420.7
2025-06-23 16:00:00,100692.1
2025-06-23 17:00:00,102484.02
2025-06-23 18:00:00,102933.78
2025-06-23 19:00:00,103161.29
2025-06-23 20:00:00,103739.99
2025-06-23 21:00:00,103705.52
2025-06-23 22:00:00,105538.19
2025-06-23 23:00:00,105333.93
2025-06-24 00:00:00,105132.59
2025-06-24 01:00:00,105450.76
2025-06-24 02:00:00,104753.8
2025-06-24 03:00:00,104919.6
2025-06-24 04:00:00,104826.14
2025-06-24 05:00:00,105396.54
2025-06-24 06:00:00,105655.23
2025-06-24 07:00:00,104933.74
2025-06-24 08:00:00,104996.77
2025-06-24 09:00:00,105198.98
2025-06-24 10:00:00,105281.99
2025-06-24 11:00:00,105170.0
2025-06-24 12:00:00,105205.47
2025-06-24 13:00:00,105065.44
2025-06-24 14:00:00,105517.5
2025-06-24 15:00:00,105244.73
2025-06-24 16:00:00,106225.26
2025-06-24 17:00:00,106046.69
2025-06-24 18:00:00,105533.73
2025-06-24 19:00:00,105643.19
2025-06-24 20:00:00,106087.3
2025-06-24 21:00:00,105989.05
2025-06-24 22:00:00,106025.39
2025-06-24 23:00:00,106083.0
2025-06-25 00:00:00,106407.34
2025-06-25 01:00:00,106387.43
2025-06-25 02:00:00,106474.58
2025-06-25 03:00:00,106232.01
2025-06-25 04:00:00,106197.56
2025-06-25 05:00:00,106213.72
2025-06-25 06:00:00,106399.99
2025-06-25 07:00:00,106600.01
2025-06-25 08:00:00,106635.76
2025-06-25 09:00:00,106628.06
2025-06-25 10:00:00,107126.49
2025-06-25 11:00:00,107198.02
2025-06-25 12:00:00,107240.0
2025-06-25 13:00:00,107923.21
2025-06-25 14:00:00,107629.59
2025-06-25 15:00:00,107028.0
2025-06-25 16:00:00,107139.81
2025-06-25 17:00:00,107402.53
2025-06-25 18:00:00,107406.63
2025-06-25 19:00:00,107761.68
2025-06-25 20:00:00,107781.2
2025-06-25 21:00:00,107569.67
2025-06-25 22:00:00,107275.01
2025-06-25 23:00:00,107340.58
2025-06-26 00:00:00,107320.0
2025-06-26 01:00:00,107638.01
2025-06-26 02:00:00,107920.47
2025-06-26 03:00:00,107853.79
2025-06-26 04:00:00,107845.41
2025-06-26 05:00:00,107632.09
2025-06-26 06:00:00,107761.5
2025-06-26 07:00:00,107813.99
2025-06-26 08:00:00,107753.07
2025-06-26 09:00:00,107325.12
2025-06-26 10:00:00,107389.01
2025-06-26 11:00:00,107325.41
2025-06-26 12:00:00,107122.48
2025-06-26 13:00:00,106960.01
2025-06-26 14:00:00,107436.6
2025-06-26 15:00:00,107313.6
2025-06-26 16:00:00,107196.05
2025-06-26 17:00:00,107192.99
2025-06-26 18:00:00,107384.1
2025-06-26 19:00:00,107532.98
2025-06-26 20:00:00,107766.29
2025-06-26 21:00:00,107029.6
2025-06-26 22:00:00,106992.59
2025-06-26 23:00:00,106947.06
2025-06-27 00:00:00,106675.22
2025-06-27 01:00:00,107122.81
2025-06-27 02:00:00,107253.6
2025-06-27 03:00:00,107477.76
2025-06-27 04:00:00,107497.06
2025-06-27 05:00:00,107267.74
2025-06-27 06:00:00,107278.82
2025-06-27 07:00:00,106869.71
2025-06-27 08:00:00,106998.53
2025-06-27 09:00:00,107083.8
2025-06-27 10:00:00,106995.32
2025-06-27 11:00:00,106983.6
2025-06-27 12:00:00,106692.9
2025-06-27 13:00:00,106820.99
2025-06-27 14:00:00,106557.79
2025-06-27 15:00:00,107308.25
2025-06-27 16:00:00,107480.1
2025-06-27 17:00:00,106875.75
2025-06-27 18:00:00,106704.6
2025-06-27 19:00:00,106801.02
2025-06-27 20:00:00,107119.5
2025-06-27 21:00:00,107052.01
2025-06-27 22:00:00,107100.7
2025-06-27 23:00:00,107047.59
2025-06-28 00:00:00,107064.19
2025-06-28 01:00:00,107066.19
2025-06-28 02:00:00,107110.0
2025-06-28 03:00:00,107300.13
2025-06-28 04:00:00,107191.19
2025-06-28 05:00:00,107294.8
2025-06-28 06:00:00,107412.07
2025-06-28 07:00:00,107485.0
2025-06-28 08:00:00,107379.99
2025-06-28 09:00:00,107307.99
2025-06-28 10:00:00,107274.41
2025-06-28 11:00:00,107373.39
2025-06-28 12:00:00,107341.34
2025-06-28 13:00:00,107101.78
2025-06-28 14:00:00,107204.8
2025-06-28 15:00:00,107449.28
2025-06-28 16:00:00,107295.84
2025-06-28 17:00:00,107465.12
2025-06-28 18:00:00,107318.0
2025-06-28 19:00:00,107225.74
2025-06-28 20:00:00,107169.52
2025-06-28 21:00:00,107331.38
2025-06-28 22:00:00,107370.61
2025-06-28 23:00:00,107296.79
2025-06-29 00:00:00,107475.92
2025-06-29 01:00:00,107311.0
2025-06-29 02:00:00,107307.48
2025-06-29 03:00:00,107210.78
2025-06-29 04:00:00,107264.15
2025-06-29 05:00:00,107309.99
2025-06-29 06:00:00,107376.95
2025-06-29 07:00:00,107402.18
2025-06-29 08:00:00,107693.85
2025-06-29 09:00:00,107891.64
2025-06-29 10:00:00,108153.26
2025-06-29 11:00:00,108477.11
2025-06-29 12:00:00,108189.88
2025-06-29 13:00:00,108051.52
2025-06-29 14:00:00,107948.08
2025-06-29 15:00:00,107750.72
2025-06-29 16:00:00,107552.03
2025-06-29 17:00:00,107544.44
2025-06-29 18:00:00,107640.01
2025-06-29 19:00:00,107406.81
2025-06-29 20:00:00,107359.79
2025-06-29 21:00:00,107543.48
2025-06-29 22:00:00,108079.9
2025-06-29 23:00:00,108356.93
2025-06-30 00:00:00,108713.81
2025-06-30 01:00:00,108493.93
2025-06-30 02:00:00,108479.81
2025-06-30 03:00:00,108503.74
2025-06-30 04:00:00,108314.99
2025-06-30 05:00:00,108280.65
2025-06-30 06:00:00,107571.72
2025-06-30 07:00:00,107614.08
2025-06-30 08:00:00,107512.89
2025-06-30 09:00:00,107478.77
2025-06-30 10:00:00,107649.49
2025-06-30 11:00:00,107654.2
2025-06-30 12:00:00,107570.58
2025-06-30 13:00:00,107525.49
2025-06-30 14:00:00,106803.32
2025-06-30 15:00:00,107580.46
2025-06-30 16:00:00,107599.96
2025-06-30 17:00:00,107462.94
2025-06-30 18:00:00,107242.01
2025-06-30 19:00:00,107745.97
2025-06-30 20:00:00,107577.89
2025-06-30 21:00:00,107130.81
2025-06-30 22:00:00,107112.75
2025-06-30 23:00:00,107146.5
2025-07-01 00:00:00,107377.02
2025-07-01 01:00:00,107220.0
2025-07-01 02:00:00,107101.69
2025-07-01 03:00:00,107192.38
2025-07-01 04:00:00,106881.6
2025-07-01 05:00:00,106932.49
2025-07-01 06:00:00,106890.77
2025-07-01 07:00:00,107178.99
2025-07-01 08:00:00,106710.12
2025-07-01 09:00:00,106556.39
2025-07-01 10:00:00,106490.42
2025-07-01 11:00:00,106605.8
2025-07-01 12:00:00,106421.08
2025-07-01 13:00:00,106807.42
2025-07-01 14:00:00,105925.0
2025-07-01 15:00:00,105955.18
2025-07-01 16:00:00,106082.56
2025-07-01 17:00:00,106253.79
2025-07-01 18:00:00,105749.68
2025-07-01 19:00:00,105398.53
2025-07-01 20:00:00,105920.01
2025-07-01 21:00:00,105784.13
2025-07-01 22:00:00,105613.22
2025-07-01 23:00:00,105681.14
2025-07-02 00:00:00,105392.3
2025-07-02 01:00:00,105720.0
2025-07-02 02:00:00,105908.7
2025-07-02 03:00:00,106194.7
2025-07-02 04:00:00,106382.86
2025-07-02 05:00:00,106638.83
2025-07-02 06:00:00,107014.38
2025-07-02 07:00:00,107080.0
2025-07-02 08:00:00,107728.99
2025-07-02 09:00:00,107636.16
2025-07-02 10:00:00,107848.95
2025-07-02 11:00:00,107479.99
2025-07-02 12:00:00,107379.92
2025-07-02 13:00:00,107768.2
2025-07-02 14:00:00,108139.99
2025-07-02 15:00:00,108737.74
2025-07-02 16:00:00,109413.02
2025-07-02 17:00:00,109129.67
2025-07-02 18:00:00,109538.88
2025-07-02 19:00:00,109676.14
2025-07-02 20:00:00,109136.3
2025-07-02 21:00:00,109441.8
2025-07-02 22:00:00,109142.0
2025-07-02 23:00:00,108849.6
2025-07-03 00:00:00,108915.0
2025-07-03 01:00:00,108975.97
2025-07-03 02:00:00,108721.52
2025-07-03 03:00:00,108628.21
2025-07-03 04:00:00,108790.0
2025-07-03 05:00:00,109340.37
2025-07-03 06:00:00,109478.94
2025-07-03 07:00:00,109280.0
2025-07-03 08:00:00,109377.57
2025-07-03 09:00:00,109942.2
2025-07-03 10:00:00,109839.37
2025-07-03 11:00:00,109599.19
2025-07-03 12:00:00,109167.99
2025-07-03 13:00:00,110255.63
2025-07-03 14:00:00,109718.57
2025-07-03 15:00:00,109127.84
2025-07-03 16:00:00,109288.46
2025-07-03 17:00:00,109556.0
2025-07-03 18:00:00,109678.75
2025-07-03 19:00:00,109803.41
2025-07-03 20:00:00,109947.11
2025-07-03 21:00:00,109788.0
2025-07-03 22:00:00,109699.17
2025-07-03 23:00:00,109584.78
2025-07-04 00:00:00,109478.94
2025-07-04 01:00:00,109500.01
2025-07-04 02:00:00,109180.54
2025-07-04 03:00:00,109235.57
2025-07-04 04:00:00,108982.59
2025-07-04 05:00:00,109012.0
2025-07-04 06:00:00,109025.99
2025-07-04 07:00:00,108700.0
2025-07-04 08:00:00,108763.28
2025-07-04 09:00:00,108997.59
2025-07-04 10:00:00,108899.74
2025-07-04 11:00:00,108888.0
2025-07-04 12:00:00,108731.79
2025-07-04 13:00:00,107970.23
2025-07-04 14:00:00,107810.0
2025-07-04 15:00:00,107573.29
2025-07-04 16:00:00,107636.98
2025-07-04 17:00:00,107875.37
2025-07-04 18:00:00,107489.23
2025-07-04 19:00:00,107469.23
2025-07-04 20:00:00,107692.01
2025-07-04 21:00:00,107911.2
2025-07-04 22:00:00,108254.95
2025-07-04 23:00:00,107984.24
2025-07-05 00:00:00,108196.01
2025-07-05 01:00:00,107981.13
2025-07-05 02:00:00,108067.87
2025-07-05 03:00:00,108154.72
2025-07-05 04:00:00,108137.66
2025-07-05 05:00:00,108125.63
2025-07-05 06:00:00,108270.82
2025-07-05 07:00:00,108053.46
2025-07-05 08:00:00,108029.97
2025-07-05 09:00:00,108078.06
2025-07-05 10:00:00,108085.23
2025-07-05 11:00:00,108112.21
2025-07-05 12:00:00,108148.57
2025-07-05 13:00:00,108125.99
2025-07-05 14:00:00,108193.23
2025-07-05 15:00:00,108058.0
2025-07-05 16:00:00,108101.99
2025-07-05 17:00:00,108090.08
2025-07-05 18:00:00,108010.0
2025-07-05 19:00:00,108141.78
2025-07-05 20:00:00,108096.75
2025-07-05 21:00:00,108090.0
2025-07-05 22:00:00,108188.47
2025-07-05 23:00:00,108198.12
2025-07-06 00:00:00,108206.99
2025-07-06 01:00:00,108218.25
2025-07-06 02:00:00,108060.02
2025-07-06 03:00:00,108050.49
2025-07-06 04:00:00,107989.11
2025-07-06 05:00:00,108003.35
2025-07-06 06:00:00,108121.98
2025-07-06 07:00:00,108040.31
2025-07-06 08:00:00,108005.27
2025-07-06 09:00:00,107850.01
2025-07-06 10:00:00,107990.93
2025-07-06 11:00:00,108076.01
2025-07-06 12:00:00,108232.99
2025-07-06 13:00:00,108772.17
2025-07-06 14:00:00,108933.25
2025-07-06 15:00:00,108905.99
2025-07-06 16:00:00,108856.92
2025-07-06 17:00:00,108919.22
2025-07-06 18:00:00,108463.99
2025-07-06 19:00:00,108538.46
2025-07-06 20:00:00,108665.47
2025-07-06 21:00:00,109208.25
2025-07-06 22:00:00,109228.73
2025-07-06 23:00:00,109203.84
2025-07-07 00:00:00,108823.07
2025-07-07 01:00:00,109019.13
2025-07-07 02:00:00,109364.52
2025-07-07 03:00:00,109389.47
2025-07-07 04:00:00,109128.73
2025-07-07 05:00:00,109079.99
2025-07-07 06:00:00,108774.5
2025-07-07 07:00:00,109061.08
2025-07-07 08:00:00,109011.7
2025-07-07 09:00:00,108849.06
2025-07-07 10:00:00,108664.14
2025-07-07 11:00:00,108642.01
2025-07-07 12:00:00,108346.85
2025-07-07 13:00:00,108536.84
2025-07-07 14:00:00,108223.14
2025-07-07 15:00:00,108292.59
2025-07-07 16:00:00,107976.91
2025-07-07 17:00:00,107943.15
2025-07-07 18:00:00,108024.53
2025-07-07 19:00:00,108056.68
2025-07-07 20:00:00,107886.85
2025-07-07 21:00:00,108166.95
2025-07-07 22:00:00,108019.23
2025-07-07 23:00:00,108262.94
2025-07-08 00:00:00,108299.99
2025-07-08 01:00:00,107705.03
2025-07-08 02:00:00,107766.2
2025-07-08 03:00:00,107901.52
2025-07-08 04:00:00,108019.24
2025-07-08 05:00:00,108210.94
2025-07-08 06:00:00,108299.72
2025-07-08 07:00:00,108484.61
2025-07-08 08:00:00,108262.36
2025-07-08 09:00:00,108469.99
2025-07-08 10:00:00,108832.77
2025-07-08 11:00:00,108756.37
2025-07-08 12:00:00,108949.19
2025-07-08 13:00:00,109034.61
2025-07-08 14:00:00,108376.0
2025-07-08 15:00:00,108268.35
2025-07-08 16:00:00,108439.37
2025-07-08 17:00:00,108991.0
2025-07-08 18:00:00,109147.56
2025-07-08 19:00:00,108771.88
2025-07-08 20:00:00,108630.54
2025-07-08 21:00:00,108889.9
2025-07-08 22:00:00,108917.01
2025-07-08 23:00:00,108922.98
2025-07-09 00:00:00,108940.39
2025-07-09 01:00:00,108780.76
2025-07-09 02:00:00,108611.53
2025-07-09 03:00:00,108376.41
2025-07-09 04:00:00,108553.61
2025-07-09 05:00:00,108778.1
2025-07-09 06:00:00,108840.01
2025-07-09 07:00:00,108714.39
2025-07-09 08:00:00,108654.16
2025-07-09 09:00:00,108763.37
2025-07-09 10:00:00,108900.0
2025-07-09 11:00:00,109058.27
2025-07-09 12:00:00,109330.77
2025-07-09 13:00:00,109184.0
2025-07-09 14:00:00,108900.29
2025-07-09 15:00:00,109071.32
2025-07-09 16:00:00,109408.71
2025-07-09 17:00:00,109168.0
2025-07-09 18:00:00,109536.49
2025-07-09 19:00:00,111750.0
2025-07-09 20:00:00,110714.97
2025-07-09 21:00:00,110818.36
2025-07-09 22:00:00,111382.17
2025-07-09 23:00:00,111233.99
2025-07-10 00:00:00,110916.66
2025-07-10 01:00:00,111189.71
2025-07-10 02:00:00,111213.91
2025-07-10 03:00:00,111074.51
2025-07-10 04:00:00,111150.0
2025-07-10 05:00:00,111086.14
2025-07-10 06:00:00,111233.34
2025-07-10 07:00:00,111230.0
2025-07-10 08:00:00,111233.33
2025-07-10 09:00:00,111041.36
2025-07-10 10:00:00,111088.51
2025-07-10 11:00:00,111019.99
2025-07-10 12:00:00,110869.0
2025-07-10 13:00:00,110800.01
2025-07-10 14:00:00,111247.57
2025-07-10 15:00:00,111408.4
2025-07-10 16:00:00,112643.48
2025-07-10 17:00:00,113722.82
2025-07-10 18:00:00,113420.0
2025-07-10 19:00:00,113301.81
2025-07-10 20:00:00,113493.16
2025-07-10 21:00:00,116490.52
2025-07-10 22:00:00,116008.38
2025-07-10 23:00:00,116010.0
2025-07-11 00:00:00,115590.63
2025-07-11 01:00:00,115967.57
2025-07-11 02:00:00,116672.57
2025-07-11 03:00:00,116881.7
2025-07-11 04:00:00,116918.16
2025-07-11 05:00:00,117860.37
2025-07-11 06:00:00,117648.33
2025-07-11 07:00:00,117526.88
2025-07-11 08:00:00,117964.76
2025-07-11 09:00:00,118470.34
2025-07-11 10:00:00,117983.78
2025-07-11 11:00:00,117821.91
2025-07-11 12:00:00,117878.11
2025-07-11 13:00:00,117989.18
2025-07-11 14:00:00,117858.16
2025-07-11 15:00:00,116902.59
2025-07-11 16:00:00,117393.39
2025-07-11 17:00:00,117640.0
2025-07-11 18:00:00,117694.01
2025-07-11 19:00:00,118108.81
2025-07-11 20:00:00,117664.46
2025-07-11 21:00:00,117619.99
2025-07-11 22:00:00,117615.89
2025-07-11 23:00:00,117527.66
2025-07-12 00:00:00,117407.99
2025-07-12 01:00:00,117644.81
2025-07-12 02:00:00,117599.99
2025-07-12 03:00:00,117774.42
2025-07-12 04:00:00,117646.44
2025-07-12 05:00:00,117689.68
2025-07-12 06:00:00,117847.66
2025-07-12 07:00:00,117731.99
2025-07-12 08:00:00,117929.65
2025-07-12 09:00:00,118158.78
2025-07-12 10:00:00,118077.32
2025-07-12 11:00:00,117810.0
2025-07-12 12:00:00,117559.97
2025-07-12 13:00:00,117500.0
2025-07-12 14:00:00,117389.47
2025-07-12 15:00:00,117100.01
2025-07-12 16:00:00,117191.08
2025-07-12 17:00:00,117478.4
2025-07-12 18:00:00,117504.0
2025-07-12 19:00:00,117550.96
2025-07-12 20:00:00,117023.36
2025-07-12 21:00:00,117485.22
2025-07-12 22:00:00,117385.37
2025-07-12 23:00:00,117420.0
2025-07-13 00:00:00,117316.1
2025-07-13 01:00:00,117553.37
2025-07-13 02:00:00,117620.0
2025-07-13 03:00:00,117753.6
2025-07-13 04:00:00,117879.22
2025-07-13 05:00:00,117759.99
2025-07-13 06:00:00,117888.51
2025-07-13 07:00:00,117999.0
2025-07-13 08:00:00,117895.78
2025-07-13 09:00:00,117739.16
2025-07-13 10:00:00,117747.99
2025-07-13 11:00:00,118072.01
2025-07-13 12:00:00,118432.11
2025-07-13 13:00:00,118610.01
2025-07-13 14:00:00,118766.94
2025-07-13 15:00:00,118672.24
2025-07-13 16:00:00,118528.01
2025-07-13 17:00:00,118699.6
2025-07-13 18:00:00,118992.73
2025-07-13 19:00:00,118961.08
2025-07-13 20:00:00,119083.6
2025-07-13 21:00:00,118648.87
2025-07-13 22:00:00,118520.01
2025-07-13 23:00:00,119086.64
2025-07-14 00:00:00,119061.4
2025-07-14 01:00:00,119100.58
2025-07-14 02:00:00,119647.88
2025-07-14 03:00:00,120750.24
2025-07-14 04:00:00,121400.0
2025-07-14 05:00:00,122461.99
2025-07-14 06:00:00,122130.99
2025-07-14 07:00:00,122736.04
2025-07-14 08:00:00,122578.0
2025-07-14 09:00:00,121973.74
2025-07-14 10:00:00,121905.48
2025-07-14 11:00:00,121467.24
2025-07-14 12:00:00,121918.0
2025-07-14 13:00:00,121710.64
2025-07-14 14:00:00,121158.89
2025-07-14 15:00:00,119878.23
2025-07-14 16:00:00,120268.87
2025-07-14 17:00:00,119896.42
2025-07-14 18:00:00,119644.94
2025-07-14 19:00:00,119939.41
2025-07-14 20:00:00,120167.07
2025-07-14 21:00:00,120034.98
2025-07-14 22:00:00,120057.01
2025-07-14 23:00:00,119841.18
2025-07-15 00:00:00,119497.92
2025-07-15 01:00:00,118431.71
2025-07-15 02:00:00,118251.05
2025-07-15 03:00:00,117148.47
2025-07-15 04:00:00,117480.48
2025-07-15 05:00:00,117335.12
2025-07-15 06:00:00,117070.54
2025-07-15 07:00:00,116779.12
2025-07-15 08:00:00,116777.47
2025-07-15 09:00:00,116779.99
2025-07-15 10:00:00,117016.48
2025-07-15 11:00:00,117113.98
2025-07-15 12:00:00,117204.18
2025-07-15 13:00:00,118088.13
2025-07-15 14:00:00,116008.19
2025-07-15 15:00:00,116391.43
2025-07-15 16:00:00,117188.01
2025-07-15 17:00:00,117372.99
2025-07-15 18:00:00,116719.55
2025-07-15 19:00:00,116416.07
2025-07-15 20:00:00,116419.02
2025-07-15 21:00:00,117553.92
2025-07-15 22:00:00,117827.74
2025-07-15 23:00:00,117758.09
2025-07-16 00:00:00,118112.89
2025-07-16 01:00:00,117724.29
2025-07-16 02:00:00,117317.27
2025-07-16 03:00:00,117482.67
2025-07-16 04:00:00,117600.92
2025-07-16 05:00:00,117869.82
2025-07-16 06:00:00,118276.3
2025-07-16 07:00:00,118189.25
2025-07-16 08:00:00,118699.99
2025-07-16 09:00:00,119193.37
2025-07-16 10:00:00,118736.25
2025-07-16 11:00:00,118769.06
2025-07-16 12:00:00,118613.43
2025-07-16 13:00:00,118700.01
2025-07-16 14:00:00,119056.8
2025-07-16 15:00:00,119095.76
2025-07-16 16:00:00,119291.91
2025-07-16 17:00:00,119073.35
2025-07-16 18:00:00,119512.2
2025-07-16 19:00:00,119230.16
2025-07-16 20:00:00,119921.96
2025-07-16 21:00:00,119297.64
2025-07-16 22:00:00,118639.34
2025-07-16 23:00:00,118630.43
2025-07-17 00:00:00,118894.33
2025-07-17 01:00:00,118149.7
2025-07-17 02:00:00,118330.57
2025-07-17 03:00:00,118128.8
2025-07-17 04:00:00,118485.4
2025-07-17 05:00:00,118587.03
2025-07-17 06:00:00,118452.51
2025-07-17 07:00:00,118311.75
2025-07-17 08:00:00,118330.93
2025-07-17 09:00:00,118769.34
2025-07-17 10:00:00,118340.01
2025-07-17 11:00:00,117995.0
2025-07-17 12:00:00,117867.08
2025-07-17 13:00:00,118281.99
2025-07-17 14:00:00,118770.94
2025-07-17 15:00:00,118881.99
2025-07-17 16:00:00,118558.61
2025-07-17 17:00:00,119261.5
2025-07-17 18:00:00,119580.0
2025-07-17 19:00:00,118959.66
2025-07-17 20:00:00,119436.86
2025-07-17 21:00:00,120272.19
2025-07-17 22:00:00,119766.71
2025-07-17 23:00:00,119177.56
2025-07-18 00:00:00,119739.06
2025-07-18 01:00:00,120336.88
2025-07-18 02:00:00,120096.43
2025-07-18 03:00:00,120223.09
2025-07-18 04:00:00,120403.4
2025-07-18 05:00:00,120589.95
2025-07-18 06:00:00,120251.0
2025-07-18 07:00:00,119339.51
2025-07-18 08:00:00,118642.01
2025-07-18 09:00:00,118875.01
2025-07-18 10:00:00,119250.72
2025-07-18 11:00:00,119171.34
2025-07-18 12:00:00,119442.44
2025-07-18 13:00:00,118773.38
2025-07-18 14:00:00,118139.99
2025-07-18 15:00:00,117860.25
2025-07-18 16:00:00,117553.42
2025-07-18 17:00:00,117600.01
2025-07-18 18:00:00,117310.72
2025-07-18 19:00:00,117374.76
2025-07-18 20:00:00,117405.0
2025-07-18 21:00:00,117676.82
2025-07-18 22:00:00,117683.71
2025-07-18 23:00:00,117924.84
2025-07-19 00:00:00,117739.7
2025-07-19 01:00:00,118036.73
2025-07-19 02:00:00,118201.03
2025-07-19 03:00:00,118322.54
2025-07-19 04:00:00,118134.83
2025-07-19 05:00:00,118205.98
2025-07-19 06:00:00,118164.42
2025-07-19 07:00:00,118163.06
2025-07-19 08:00:00,118101.82
2025-07-19 09:00:00,118244.3
2025-07-19 10:00:00,118440.38
2025-07-19 11:00:00,118327.06
2025-07-19 12:00:00,118242.04
2025-07-19 13:00:00,118188.14
2025-07-19 14:00:00,117668.14
2025-07-19 15:00:00,118058.11
2025-07-19 16:00:00,117973.99
2025-07-19 17:00:00,117808.17
2025-07-19 18:00:00,117859.1
2025-07-19 19:00:00,118007.88
2025-07-19 20:00:00,117720.01
2025-07-19 21:00:00,117705.82
2025-07-19 22:00:00,117792.98
2025-07-19 23:00:00,117840.0
2025-07-20 00:00:00,117942.31
2025-07-20 01:00:00,117941.25
2025-07-20 02:00:00,117970.49
2025-07-20 03:00:00,117958.01
2025-07-20 04:00:00,117949.98
2025-07-20 05:00:00,117846.91
2025-07-20 06:00:00,117824.48
2025-07-20 07:00:00,118029.49
2025-07-20 08:00:00,118151.14
2025-07-20 09:00:00,117913.11
2025-07-20 10:00:00,117888.21
2025-07-20 11:00:00,117878.46
2025-07-20 12:00:00,118085.43
2025-07-20 13:00:00,118417.35
2025-07-20 14:00:00,118468.41
2025-07-20 15:00:00,118671.11
2025-07-20 16:00:00,118557.78
2025-07-20 17:00:00,118018.69
2025-07-20 18:00:00,118361.79
2025-07-20 19:00:00,118155.01
2025-07-20 20:00:00,118087.67
2025-07-20 21:00:00,117997.88
2025-07-20 22:00:00,117479.93
2025-07-20 23:00:00,117265.12
2025-07-21 00:00:00,117352.06
2025-07-21 01:00:00,117305.86
2025-07-21 02:00:00,118183.92
2025-07-21 03:00:00,118404.0
2025-07-21 04:00:00,118331.61
2025-07-21 05:00:00,118430.22
2025-07-21 06:00:00,119169.25
2025-07-21 07:00:00,119362.67
2025-07-21 08:00:00,119016.83
2025-07-21 09:00:00,118690.05
2025-07-21 10:00:00,118578.14
2025-07-21 11:00:00,118070.17
2025-07-21 12:00:00,118172.82
2025-07-21 13:00:00,118834.0
2025-07-21 14:00:00,118828.99
2025-07-21 15:00:00,118313.16
2025-07-21 16:00:00,117738.44
2025-07-21 17:00:00,117847.82
2025-07-21 18:00:00,117162.28
2025-07-21 19:00:00,116767.67
2025-07-21 20:00:00,116939.4
2025-07-21 21:00:00,117215.25
2025-07-21 22:00:00,117348.96
2025-07-21 23:00:00,117380.36
2025-07-22 00:00:00,117123.69
2025-07-22 01:00:00,117750.01
2025-07-22 02:00:00,117027.81
2025-07-22 03:00:00,117210.0
2025-07-22 04:00:00,116555.01
2025-07-22 05:00:00,117329.27
2025-07-22 06:00:00,117847.26
2025-07-22 07:00:00,117983.68
2025-07-22 08:00:00,118289.99
2025-07-22 09:00:00,118399.09
2025-07-22 10:00:00,118955.99
2025-07-22 11:00:00,119154.99
2025-07-22 12:00:00,119293.7
2025-07-22 13:00:00,118147.82
2025-07-22 14:00:00,119060.0
2025-07-22 15:00:00,118912.04
2025-07-22 16:00:00,118681.26
2025-07-22 17:00:00,119199.39
2025-07-22 18:00:00,119733.69
2025-07-22 19:00:00,119282.1
2025-07-22 20:00:00,119703.28
2025-07-22 21:00:00,119400.0
2025-07-22 22:00:00,119844.23
2025-07-22 23:00:00,119954.42
2025-07-23 00:00:00,119546.56
2025-07-23 01:00:00,119488.22
2025-07-23 02:00:00,119090.73
2025-07-23 03:00:00,118614.17
2025-07-23 04:00:00,118996.0
2025-07-23 05:00:00,118645.04
2025-07-23 06:00:00,118417.99
2025-07-23 07:00:00,118350.35
2025-07-23 08:00:00,118423.21
2025-07-23 09:00:00,118040.0
2025-07-23 10:00:00,118372.12
2025-07-23 11:00:00,118538.46
2025-07-23 12:00:00,117980.7
2025-07-23 13:00:00,117381.44
2025-07-23 14:00:00,118204.99
2025-07-23 15:00:00,118567.39
2025-07-23 16:00:00,117712.53
2025-07-23 17:00:00,118131.99
2025-07-23 18:00:00,118379.45
2025-07-23 19:00:00,118393.64
2025-07-23 20:00:00,117900.0
2025-07-23 21:00:00,118181.36
2025-07-23 22:00:00,118568.99
2025-07-23 23:00:00,118755.99
2025-07-24 00:00:00,119060.0
2025-07-24 01:00:00,119094.4
2025-07-24 02:00:00,118960.6
2025-07-24 03:00:00,118488.92
2025-07-24 04:00:00,117941.86
2025-07-24 05:00:00,117604.55
2025-07-24 06:00:00,117466.81
2025-07-24 07:00:00,118416.21
2025-07-24 08:00:00,118775.28
2025-07-24 09:00:00,118507.08
2025-07-24 10:00:00,118373.99
2025-07-24 11:00:00,118600.0
2025-07-24 12:00:00,118531.42
2025-07-24 13:00:00,118227.48
2025-07-24 14:00:00,119057.11
2025-07-24 15:00:00,119092.65
2025-07-24 16:00:00,118529.97
2025-07-24 17:00:00,119122.94
2025-07-24 18:00:00,119044.29
2025-07-24 19:00:00,118943.42
2025-07-24 20:00:00,118722.02
2025-07-24 21:00:00,118527.52
2025-07-24 22:00:00,118280.01
2025-07-24 23:00:00,118340.99
2025-07-25 00:00:00,117664.56
2025-07-25 01:00:00,117359.26
2025-07-25 02:00:00,116353.67
2025-07-25 03:00:00,115419.66
2025-07-25 04:00:00,116102.7
2025-07-25 05:00:00,115500.0
2025-07-25 06:00:00,115284.25
2025-07-25 07:00:00,115320.01
2025-07-25 08:00:00,115202.55
2025-07-25 09:00:00,116033.44
2025-07-25 10:00:00,116308.48
2025-07-25 11:00:00,116543.58
2025-07-25 12:00:00,116105.96
2025-07-25 13:00:00,116216.27
2025-07-25 14:00:00,114960.01
2025-07-25 15:00:00,115727.08
2025-07-25 16:00:00,116185.32
2025-07-25 17:00:00,116042.5
2025-07-25 18:00:00,116491.53
2025-07-25 19:00:00,116688.6
2025-07-25 20:00:00,117040.01
2025-07-25 21:00:00,117214.23
2025-07-25 22:00:00,117279.97
2025-07-25 23:00:00,117614.31
2025-07-26 00:00:00,117496.0
2025-07-26 01:00:00,117153.73
2025-07-26 02:00:00,117469.0
2025-07-26 03:00:00,117489.62
2025-07-26 04:00:00,117496.81
2025-07-26 05:00:00,117444.99
2025-07-26 06:00:00,117350.71
2025-07-26 07:00:00,117304.47
2025-07-26 08:00:00,117557.14
2025-07-26 09:00:00,117570.6
2025-07-26 10:00:00,117971.93
2025-07-26 11:00:00,117776.11
2025-07-26 12:00:00,117914.17
2025-07-26 13:00:00,118125.24
2025-07-26 14:00:00,118064.99
2025-07-26 15:00:00,118130.1
2025-07-26 16:00:00,118081.18
2025-07-26 17:00:00,118039.98
2025-07-26 18:00:00,118095.15
2025-07-26 19:00:00,118232.11
2025-07-26 20:00:00,117956.32
2025-07-26 21:00:00,118028.56
2025-07-26 22:00:00,118007.02
2025-07-26 23:00:00,117919.99
2025-07-27 00:00:00,117952.0
2025-07-27 01:00:00,118102.0
2025-07-27 02:00:00,118309.99
2025-07-27 03:00:00,118182.83
2025-07-27 04:00:00,118215.1
2025-07-27 05:00:00,118274.73
2025-07-27 06:00:00,118263.4
2025-07-27 07:00:00,118095.95
2025-07-27 08:00:00,117950.47
2025-07-27 09:00:00,117943.92
2025-07-27 10:00:00,118184.92
2025-07-27 11:00:00,118072.71
2025-07-27 12:00:00,118097.39
2025-07-27 13:00:00,118201.99
2025-07-27 14:00:00,118422.16
2025-07-27 15:00:00,118585.74
2025-07-27 16:00:00,119090.45
2025-07-27 17:00:00,119196.69
2025-07-27 18:00:00,119021.33
2025-07-27 19:00:00,118960.0
2025-07-27 20:00:00,118754.13
2025-07-27 21:00:00,119265.76
2025-07-27 22:00:00,119495.17
2025-07-27 23:00:00,119415.55
2025-07-28 00:00:00,119236.72
2025-07-28 01:00:00,119037.77
2025-07-28 02:00:00,119434.14
2025-07-28 03:00:00,119287.99
2025-07-28 04:00:00,119218.05
2025-07-28 05:00:00,119526.13
2025-07-28 06:00:00,119448.02
2025-07-28 07:00:00,118900.0
2025-07-28 08:00:00,119072.45
2025-07-28 09:00:00,118930.87
2025-07-28 10:00:00,118764.53
2025-07-28 11:00:00,118827.49
2025-07-28 12:00:00,118845.24
2025-07-28 13:00:00,118434.78
2025-07-28 14:00:00,117985.93
2025-07-28 15:00:00,118174.9
2025-07-28 16:00:00,118028.88
2025-07-28 17:00:00,117667.86
2025-07-28 18:00:00,117776.56
2025-07-28 19:00:00,118068.73
2025-07-28 20:00:00,118044.93
2025-07-28 21:00:00,118106.9
2025-07-28 22:00:00,117854.35
2025-07-28 23:00:00,118062.32
2025-07-29 00:00:00,117979.8
2025-07-29 01:00:00,117774.16
2025-07-29 02:00:00,118095.6
2025-07-29 03:00:00,118764.85
2025-07-29 04:00:00,118533.93
2025-07-29 05:00:00,118800.0
2025-07-29 06:00:00,118764.85
2025-07-29 07:00:00,118882.37
2025-07-29 08:00:00,118923.8
2025-07-29 09:00:00,118784.79
2025-07-29 10:00:00,118317.75
2025-07-29 11:00:00,118592.38
2025-07-29 12:00:00,118906.85
2025-07-29 13:00:00,118621.27
2025-07-29 14:00:00,117823.67
2025-07-29 15:00:00,117400.01
2025-07-29 16:00:00,117739.03
2025-07-29 17:00:00,117773.69
2025-07-29 18:00:00,117606.72
2025-07-29 19:00:00,117525.29
2025-07-29 20:00:00,117514.28
2025-07-29 21:00:00,117606.79
2025-07-29 22:00:00,117848.03
2025-07-29 23:00:00,117950.76
2025-07-30 00:00:00,117744.77
2025-07-30 01:00:00,117862.05
2025-07-30 02:00:00,118024.11
2025-07-30 03:00:00,118161.87
2025-07-30 04:00:00,117993.52
2025-07-30 05:00:00,117992.26
2025-07-30 06:00:00,118287.31
2025-07-30 07:00:00,118123.01
2025-07-30 08:00:00,118372.73
2025-07-30 09:00:00,118164.08
2025-07-30 10:00:00,118020.18
2025-07-30 11:00:00,117579.99
2025-07-30 12:00:00,117739.02
2025-07-30 13:00:00,117675.79
2025-07-30 14:00:00,118714.35
2025-07-30 15:00:00,118000.01
2025-07-30 16:00:00,117734.8
2025-07-30 17:00:00,117802.1
2025-07-30 18:00:00,116523.14
2025-07-30 19:00:00,116916.73
2025-07-30 20:00:00,117175.71
2025-07-30 21:00:00,117326.82
2025-07-30 22:00:00,117486.49
2025-07-30 23:00:00,117840.3
2025-07-31 00:00:00,118415.8
2025-07-31 01:00:00,118055.32
2025-07-31 02:00:00,118447.52
2025-07-31 03:00:00,118466.14
2025-07-31 04:00:00,118511.53
2025-07-31 05:00:00,118362.0
2025-07-31 06:00:00,118691.78
2025-07-31 07:00:00,118665.97
2025-07-31 08:00:00,118593.94
2025-07-31 09:00:00,118605.58
2025-07-31 10:00:00,118505.02
2025-07-31 11:00:00,118371.25
2025-07-31 12:00:00,118626.18
2025-07-31 13:00:00,118557.01
2025-07-31 14:00:00,117913.18
2025-07-31 15:00:00,118306.18
2025-07-31 16:00:00,118538.53
2025-07-31 17:00:00,117728.0
2025-07-31 18:00:00,117658.8
2025-07-31 19:00:00,116785.79
2025-07-31 20:00:00,116514.0
2025-07-31 21:00:00,116536.96
2025-07-31 22:00:00,116010.6
2025-07-31 23:00:00,115764.08
2025-08-01 00:00:00,115427.27
2025-08-01 01:00:00,115331.86
2025-08-01 02:00:00,115966.12
2025-08-01 03:00:00,115648.03
2025-08-01 04:00:00,115695.52
2025-08-01 05:00:00,115568.0
2025-08-01 06:00:00,115156.51
2025-08-01 07:00:00,115081.77
2025-08-01 08:00:00,114615.99
2025-08-01 09:00:00,114938.67
2025-08-01 10:00:00,114762.58
2025-08-01 11:00:00,115305.65
2025-08-01 12:00:00,115732.48
2025-08-01 13:00:00,114352.05
2025-08-01 14:00:00,115619.8
2025-08-01 15:00:00,115357.82
2025-08-01 16:00:00,115015.6
2025-08-01 17:00:00,114420.0
2025-08-01 18:00:00,113836.93
2025-08-01 19:00:00,113328.68
2025-08-01 20:00:00,113951.09
2025-08-01 21:00:00,113892.12
2025-08-01 22:00:00,113141.05
2025-08-01 23:00:00,113297.93
2025-08-02 00:00:00,113822.97
2025-08-02 01:00:00,113674.24
2025-08-02 02:00:00,113702.24
2025-08-02 03:00:00,113909.86
2025-08-02 04:00:00,114025.75
2025-08-02 05:00:00,113981.06
2025-08-02 06:00:00,113697.85
2025-08-02 07:00:00,113982.49
2025-08-02 08:00:00,113682.01
2025-08-02 09:00:00,113690.7
2025-08-02 10:00:00,113550.89
2025-08-02 11:00:00,113787.12
2025-08-02 12:00:00,113620.01
2025-08-02 13:00:00,113457.85
2025-08-02 14:00:00,113099.89
2025-08-02 15:00:00,112840.71
2025-08-02 16:00:00,113200.25
2025-08-02 17:00:00,112724.03
2025-08-02 18:00:00,112327.65
2025-08-02 19:00:00,112229.42
2025-08-02 20:00:00,112780.0
2025-08-02 21:00:00,112859.32
2025-08-02 22:00:00,112862.14
2025-08-02 23:00:00,112546.35
2025-08-03 00:00:00,112956.04
2025-08-03 01:00:00,113107.99
2025-08-03 02:00:00,113517.58
2025-08-03 03:00:00,113604.2
2025-08-03 04:00:00,113468.41
2025-08-03 05:00:00,113618.52
2025-08-03 06:00:00,113559.34
2025-08-03 07:00:00,113700.0
2025-08-03 08:00:00,113692.0
2025-08-03 09:00:00,113654.95
2025-08-03 10:00:00,113899.99
2025-08-03 11:00:00,113862.18
2025-08-03 12:00:00,114009.99
2025-08-03 13:00:00,113939.0
2025-08-03 14:00:00,113792.28
2025-08-03 15:00:00,113959.06
2025-08-03 16:00:00,113995.16
2025-08-03 17:00:00,114117.42
2025-08-03 18:00:00,114380.4
2025-08-03 19:00:00,114313.19
2025-08-03 20:00:00,114423.77
2025-08-03 21:00:00,114435.47
2025-08-03 22:00:00,114324.83
2025-08-03 23:00:00,114208.8
2025-08-04 00:00:00,114899.87
2025-08-04 01:00:00,114671.96
2025-08-04 02:00:00,114797.9
2025-08-04 03:00:00,114570.61
2025-08-04 04:00:00,114383.55
2025-08-04 05:00:00,114391.26
2025-08-04 06:00:00,114423.76
2025-08-04 07:00:00,114652.97
2025-08-04 08:00:00,114546.25
2025-08-04 09:00:00,114325.92
2025-08-04 10:00:00,114251.83
2025-08-04 11:00:00,114493.09
2025-08-04 12:00:00,114444.36
2025-08-04 13:00:00,114913.88
2025-08-04 14:00:00,114736.78
2025-08-04 15:00:00,114826.0
2025-08-04 16:00:00,115301.0
2025-08-04 17:00:00,115193.41
2025-08-04 18:00:00,114957.64
2025-08-04 19:00:00,114777.62
2025-08-04 20:00:00,114811.96
2025-08-04 21:00:00,115111.09
2025-08-04 22:00:00,115325.88
2025-08-04 23:00:00,115055.03
2025-08-05 00:00:00,114886.96
2025-08-05 01:00:00,114708.11
2025-08-05 02:00:00,114719.27
2025-08-05 03:00:00,114256.85
2025-08-05 04:00:00,114338.06
2025-08-05 05:00:00,114405.99
2025-08-05 06:00:00,114178.63
2025-08-05 07:00:00,113969.7
2025-08-05 08:00:00,114281.09
2025-08-05 09:00:00,114694.76
2025-08-05 10:00:00,114841.27
2025-08-05 11:00:00,114827.07
2025-08-05 12:00:00,113937.35
2025-08-05 13:00:00,114381.43
2025-08-05 14:00:00,113037.12
2025-08-05 15:00:00,112934.0
2025-08-05 16:00:00,113175.73
2025-08-05 17:00:00,113640.01
2025-08-05 18:00:00,113644.71
2025-08-05 19:00:00,113616.52
2025-08-05 20:00:00,113690.71
2025-08-05 21:00:00,113606.53
2025-08-05 22:00:00,113961.25
2025-08-05 23:00:00,114129.75
2025-08-06 00:00:00,113879.7
2025-08-06 01:00:00,113821.21
2025-08-06 02:00:00,113623.22
2025-08-06 03:00:00,113509.97
2025-08-06 04:00:00,113429.21
2025-08-06 05:00:00,114148.01
2025-08-06 06:00:00,114084.93
2025-08-06 07:00:00,114227.91
2025-08-06 08:00:00,113948.22
2025-08-06 09:00:00,114093.15
2025-08-06 10:00:00,114067.2
2025-08-06 11:00:00,114226.69
2025-08-06 12:00:00,113914.31
2025-08-06 13:00:00,114270.09
2025-08-06 14:00:00,115187.96
2025-08-06 15:00:00,115413.87
2025-08-06 16:00:00,115132.49
2025-08-06 17:00:00,115500.0
2025-08-06 18:00:00,115423.22
2025-08-06 19:00:00,115259.99
2025-08-06 20:00:00,115045.64
2025-08-06 21:00:00,115048.78
2025-08-06 22:00:00,115106.67
2025-08-06 23:00:00,114992.27
2025-08-07 00:00:00,114890.65
2025-08-07 01:00:00,114763.46
2025-08-07 02:00:00,114565.28
2025-08-07 03:00:00,114546.03
2025-08-07 04:00:00,114349.58
2025-08-07 05:00:00,114568.73
2025-08-07 06:00:00,114650.01
2025-08-07 07:00:00,114787.99
2025-08-07 08:00:00,114948.74
2025-08-07 09:00:00,115062.19
2025-08-07 10:00:00,116347.22
2025-08-07 11:00:00,116519.53
2025-08-07 12:00:00,116390.0
2025-08-07 13:00:00,116640.0
2025-08-07 14:00:00,116363.16
2025-08-07 15:00:00,116689.81
2025-08-07 16:00:00,116259.24
2025-08-07 17:00:00,116511.54
2025-08-07 18:00:00,116561.05
2025-08-07 19:00:00,117461.98
2025-08-07 20:00:00,117182.19
2025-08-07 21:00:00,117105.78
2025-08-07 22:00:00,117554.23
2025-08-07 23:00:00,117472.01
2025-08-08 00:00:00,117264.12
2025-08-08 01:00:00,116888.02
2025-08-08 02:00:00,116700.0
2025-08-08 03:00:00,116737.35
2025-08-08 04:00:00,116750.01
2025-08-08 05:00:00,116530.63
2025-08-08 06:00:00,116740.01
2025-08-08 07:00:00,116817.19
2025-08-08 08:00:00,116620.63
2025-08-08 09:00:00,116685.17
2025-08-08 10:00:00,116544.39
2025-08-08 11:00:00,116891.51
2025-08-08 12:00:00,116500.48
2025-08-08 13:00:00,116917.97
2025-08-08 14:00:00,116491.53
2025-08-08 15:00:00,116207.69
2025-08-08 16:00:00,116193.63
2025-08-08 17:00:00,116708.86
2025-08-08 18:00:00,116497.99
2025-08-08 19:00:00,116453.41
2025-08-08 20:00:00,116888.52
2025-08-08 21:00:00,116931.44
2025-08-08 22:00:00,116888.9
2025-08-08 23:00:00,116674.74
2025-08-09 00:00:00,116586.0
2025-08-09 01:00:00,116563.26
2025-08-09 02:00:00,116404.0
2025-08-09 03:00:00,116384.01
2025-08-09 04:00:00,116434.76
2025-08-09 05:00:00,116739.23
2025-08-09 06:00:00,116650.75
2025-08-09 07:00:00,116756.01
2025-08-09 08:00:00,117106.65
2025-08-09 09:00:00,117510.87
2025-08-09 10:00:00,117424.16
2025-08-09 11:00:00,117110.0
2025-08-09 12:00:00,117116.64
2025-08-09 13:00:00,116968.32
2025-08-09 14:00:00,116972.87
2025-08-09 15:00:00,116892.47
2025-08-09 16:00:00,116648.51
2025-08-09 17:00:00,116670.22
2025-08-09 18:00:00,116634.91
2025-08-09 19:00:00,116535.69
2025-08-09 20:00:00,116778.07
2025-08-09 21:00:00,116524.09
2025-08-09 22:00:00,116541.63
2025-08-09 23:00:00,116462.25
2025-08-10 00:00:00,116749.47
2025-08-10 01:00:00,116576.42
2025-08-10 02:00:00,117317.99
2025-08-10 03:00:00,118500.0
2025-08-10 04:00:00,118485.45
2025-08-10 05:00:00,118045.0
2025-08-10 06:00:00,118074.24
2025-08-10 07:00:00,117808.3
2025-08-10 08:00:00,118308.85
2025-08-10 09:00:00,118293.08
2025-08-10 10:00:00,118020.0
2025-08-10 11:00:00,118330.58
2025-08-10 12:00:00,118514.0
2025-08-10 13:00:00,118452.0
2025-08-10 14:00:00,118779.0
2025-08-10 15:00:00,118815.0
2025-08-10 16:00:00,118671.74
2025-08-10 17:00:00,118520.32
2025-08-10 18:00:00,118554.01
2025-08-10 19:00:00,118663.08
2025-08-10 20:00:00,118323.16
2025-08-10 21:00:00,118716.9
2025-08-10 22:00:00,119084.92
2025-08-10 23:00:00,119294.01
2025-08-11 00:00:00,119126.35
2025-08-11 01:00:00,119988.0
2025-08-11 02:00:00,121876.0
2025-08-11 03:00:00,121728.99
2025-08-11 04:00:00,122080.0
2025-08-11 05:00:00,122059.34
2025-08-11 06:00:00,122300.63
2025-08-11 07:00:00,121537.15
2025-08-11 08:00:00,121679.13
2025-08-11 09:00:00,121439.75
2025-08-11 10:00:00,121184.84
2025-08-11 11:00:00,120561.54
2025-08-11 12:00:00,119643.7
2025-08-11 13:00:00,120010.0
2025-08-11 14:00:00,120243.59
2025-08-11 15:00:00,120314.4
2025-08-11 16:00:00,119953.65
2025-08-11 17:00:00,119500.0
2025-08-11 18:00:00,119773.92
2025-08-11 19:00:00,119089.3
2025-08-11 20:00:00,118824.34
2025-08-11 21:00:00,118712.61
2025-08-11 22:00:00,118886.96
2025-08-11 23:00:00,118686.0
2025-08-12 00:00:00,118949.31
2025-08-12 01:00:00,118977.1
2025-08-12 02:00:00,119054.13
2025-08-12 03:00:00,118857.7
2025-08-12 04:00:00,119067.97
2025-08-12 05:00:00,118819.99
2025-08-12 06:00:00,118839.97
2025-08-12 07:00:00,118986.72
2025-08-12 08:00:00,118814.7
2025-08-12 09:00:00,118408.38
2025-08-12 10:00:00,118449.99
2025-08-12 11:00:00,118522.22
2025-08-12 12:00:00,119264.66
2025-08-12 13:00:00,118847.35
2025-08-12 14:00:00,119437.12
2025-08-12 15:00:00,119933.0
2025-08-12 16:00:00,119647.7
2025-08-12 17:00:00,119269.99
2025-08-12 18:00:00,119344.9
2025-08-12 19:00:00,119665.27
2025-08-12 20:00:00,120192.1
2025-08-12 21:00:00,119903.36
2025-08-12 22:00:00,120099.99
2025-08-12 23:00:00,120134.08
2025-08-13 00:00:00,119713.19
2025-08-13 01:00:00,119478.47
2025-08-13 02:00:00,119549.37
2025-08-13 03:00:00,119482.01
2025-08-13 04:00:00,119335.01
2025-08-13 05:00:00,119070.69
2025-08-13 06:00:00,119410.01
2025-08-13 07:00:00,119580.4
2025-08-13 08:00:00,120044.49
2025-08-13 09:00:00,120116.02
2025-08-13 10:00:00,120496.0
2025-08-13 11:00:00,120570.41
2025-08-13 12:00:00,120273.72
2025-08-13 13:00:00,121767.97
2025-08-13 14:00:00,120890.73
2025-08-13 15:00:00,120920.62
2025-08-13 16:00:00,121421.77
2025-08-13 17:00:00,121823.24
2025-08-13 18:00:00,121639.2
2025-08-13 19:00:00,122744.21
2025-08-13 20:00:00,122904.01
2025-08-13 21:00:00,122561.16
2025-08-13 22:00:00,122954.03
2025-08-13 23:00:00,123306.43
2025-08-14 00:00:00,123847.83
2025-08-14 01:00:00,123337.67
2025-08-14 02:00:00,123662.53
2025-08-14 03:00:00,123337.14
2025-08-14 04:00:00,123003.17
2025-08-14 05:00:00,122134.76
2025-08-14 06:00:00,121771.27
2025-08-14 07:00:00,121725.31
2025-08-14 08:00:00,121637.78
2025-08-14 09:00:00,121649.84
2025-08-14 10:00:00,120933.0
2025-08-14 11:00:00,120949.67
2025-08-14 12:00:00,118866.37
2025-08-14 13:00:00,118428.85
2025-08-14 14:00:00,118799.01
2025-08-14 15:00:00,118257.25
2025-08-14 16:00:00,117866.42
2025-08-14 17:00:00,117920.13
2025-08-14 18:00:00,118089.75
2025-08-14 19:00:00,117945.92
2025-08-14 20:00:00,117866.16
2025-08-14 21:00:00,117899.16
2025-08-14 22:00:00,118285.46
2025-08-14 23:00:00,118295.09
2025-08-15 00:00:00,118181.97
2025-08-15 01:00:00,118681.64
2025-08-15 02:00:00,118698.0
2025-08-15 03:00:00,118968.91
2025-08-15 04:00:00,118833.03
2025-08-15 05:00:00,118984.29
2025-08-15 06:00:00,119082.82
2025-08-15 07:00:00,118956.45
2025-08-15 08:00:00,118878.72
2025-08-15 09:00:00,118707.99
2025-08-15 10:00:00,118879.83
2025-08-15 11:00:00,119006.01
2025-08-15 12:00:00,118648.66
2025-08-15 13:00:00,117770.48
2025-08-15 14:00:00,117400.0
2025-08-15 15:00:00,117275.22
2025-08-15 16:00:00,117353.36
2025-08-15 17:00:00,117586.92
2025-08-15 18:00:00,117159.66
2025-08-15 19:00:00,116936.27
2025-08-15 20:00:00,117280.0
2025-08-15 21:00:00,117320.02
2025-08-15 22:00:00,117702.0
2025-08-15 23:00:00,117342.05
2025-08-16 00:00:00,117735.21
2025-08-16 01:00:00,117821.6
2025-08-16 02:00:00,117505.51
2025-08-16 03:00:00,117429.63
2025-08-16 04:00:00,117815.66
2025-08-16 05:00:00,117595.78
2025-08-16 06:00:00,117394.65
2025-08-16 07:00:00,117596.07
2025-08-16 08:00:00,117631.09
2025-08-16 09:00:00,117312.0
2025-08-16 10:00:00,117388.0
2025-08-16 11:00:00,117378.52
2025-08-16 12:00:00,117747.36
2025-08-16 13:00:00,117623.52
2025-08-16 14:00:00,117771.39
2025-08-16 15:00:00,117676.7
2025-08-16 16:00:00,117747.65
2025-08-16 17:00:00,117693.0
2025-08-16 18:00:00,117685.79
2025-08-16 19:00:00,117672.12
2025-08-16 20:00:00,117655.41
2025-08-16 21:00:00,117452.21
2025-08-16 22:00:00,117460.56
2025-08-16 23:00:00,117380.66
2025-08-17 00:00:00,117255.19
2025-08-17 01:00:00,117439.97
2025-08-17 02:00:00,117606.0
2025-08-17 03:00:00,117684.95
2025-08-17 04:00:00,118076.11
2025-08-17 05:00:00,118000.01
2025-08-17 06:00:00,117923.99
2025-08-17 07:00:00,118005.98
2025-08-17 08:00:00,118366.06
2025-08-17 09:00:00,118345.99
2025-08-17 10:00:00,118393.34
2025-08-17 11:00:00,118308.01
2025-08-17 12:00:00,118162.6
2025-08-17 13:00:00,118429.99
2025-08-17 14:00:00,118150.01
2025-08-17 15:00:00,118246.16
2025-08-17 16:00:00,117834.56
2025-08-17 17:00:00,117900.0
2025-08-17 18:00:00,117542.01
2025-08-17 19:00:00,117570.07
2025-08-17 20:00:00,117599.44
2025-08-17 21:00:00,117700.0
2025-08-17 22:00:00,117954.99
2025-08-17 23:00:00,117405.01
2025-08-18 00:00:00,117290.19
2025-08-18 01:00:00,116269.54
2025-08-18 02:00:00,115453.24
2025-08-18 03:00:00,115319.0
2025-08-18 04:00:00,115469.51
2025-08-18 05:00:00,115687.99
2025-08-18 06:00:00,115245.56
2025-08-18 07:00:00,115205.98
2025-08-18 08:00:00,115135.43
2025-08-18 09:00:00,115038.46
2025-08-18 10:00:00,115058.58
2025-08-18 11:00:00,114947.27
2025-08-18 12:00:00,115519.99
2025-08-18 13:00:00,114839.13
2025-08-18 14:00:00,115633.73
2025-08-18 15:00:00,116145.34
2025-08-18 16:00:00,115962.24
2025-08-18 17:00:00,116428.99
2025-08-18 18:00:00,116481.81
2025-08-18 19:00:00,116313.99
2025-08-18 20:00:00,116407.99
2025-08-18 21:00:00,116648.99
2025-08-18 22:00:00,116399.99
2025-08-18 23:00:00,116227.05
2025-08-19 00:00:00,116563.13
2025-08-19 01:00:00,115798.0
2025-08-19 02:00:00,115747.08
2025-08-19 03:00:00,114810.0
2025-08-19 04:00:00,115305.99
2025-08-19 05:00:00,114972.9
2025-08-19 06:00:00,115019.99
2025-08-19 07:00:00,114978.14
2025-08-19 08:00:00,115186.48
2025-08-19 09:00:00,115322.7
2025-08-19 10:00:00,115400.0
2025-08-19 11:00:00,115508.71
2025-08-19 12:00:00,115599.99
2025-08-19 13:00:00,115192.0
2025-08-19 14:00:00,113882.66
2025-08-19 15:00:00,113786.38
2025-08-19 16:00:00,113388.3
2025-08-19 17:00:00,113520.11
2025-08-19 18:00:00,113069.61
2025-08-19 19:00:00,113132.48
2025-08-19 20:00:00,113570.44
2025-08-19 21:00:00,113419.11
2025-08-19 22:00:00,113174.42
2025-08-19 23:00:00,112872.94
2025-08-20 00:00:00,113215.5
2025-08-20 01:00:00,112996.93
2025-08-20 02:00:00,113438.29
2025-08-20 03:00:00,113525.91
2025-08-20 04:00:00,113633.47
2025-08-20 05:00:00,113708.0
2025-08-20 06:00:00,113653.28
2025-08-20 07:00:00,113490.13
2025-08-20 08:00:00,114010.0
2025-08-20 09:00:00,113699.98
2025-08-20 10:00:00,113792.2
2025-08-20 11:00:00,113666.68
2025-08-20 12:00:00,113659.01
2025-08-20 13:00:00,112693.15
2025-08-20 14:00:00,113465.84
2025-08-20 15:00:00,113353.94
2025-08-20 16:00:00,113839.99
2025-08-20 17:00:00,114197.53
2025-08-20 18:00:00,113490.01
2025-08-20 19:00:00,114276.66
2025-08-20 20:00:00,114370.0
2025-08-20 21:00:00,114356.24
2025-08-20 22:00:00,114595.19
2025-08-20 23:00:00,114271.24
2025-08-21 00:00:00,114292.14
2025-08-21 01:00:00,114729.94
2025-08-21 02:00:00,114038.0
2025-08-21 03:00:00,113954.62
2025-08-21 04:00:00,113800.0
2025-08-21 05:00:00,113995.12
2025-08-21 06:00:00,113807.2
2025-08-21 07:00:00,113896.03
2025-08-21 08:00:00,113588.45
2025-08-21 09:00:00,113376.85
2025-08-21 10:00:00,113329.74
2025-08-21 11:00:00,113148.66
2025-08-21 12:00:00,113095.29
2025-08-21 13:00:00,113486.98
2025-08-21 14:00:00,113281.99
2025-08-21 15:00:00,112792.08
2025-08-21 16:00:00,112379.58
2025-08-21 17:00:00,112410.91
2025-08-21 18:00:00,112602.62
2025-08-21 19:00:00,112193.71
2025-08-21 20:00:00,112450.3
2025-08-21 21:00:00,112628.76
2025-08-21 22:00:00,112511.2
2025-08-21 23:00:00,112500.0
2025-08-22 00:00:00,112630.87
2025-08-22 01:00:00,112840.08
2025-08-22 02:00:00,113153.96
2025-08-22 03:00:00,112929.24
2025-08-22 04:00:00,112847.63
2025-08-22 05:00:00,113241.99
2025-08-22 06:00:00,112998.3
2025-08-22 07:00:00,113094.83
2025-08-22 08:00:00,112980.34
2025-08-22 09:00:00,113049.67
2025-08-22 10:00:00,112534.54
2025-08-22 11:00:00,112320.0
2025-08-22 12:00:00,112341.5
2025-08-22 13:00:00,112487.11
2025-08-22 14:00:00,115808.23
2025-08-22 15:00:00,116370.75
2025-08-22 16:00:00,116146.47
2025-08-22 17:00:00,117024.0
2025-08-22 18:00:00,116805.27
2025-08-22 19:00:00,116655.79
2025-08-22 20:00:00,117052.65
2025-08-22 21:00:00,117028.27
2025-08-22 22:00:00,116757.18
2025-08-22 23:00:00,116935.99
2025-08-23 00:00:00,116870.22
2025-08-23 01:00:00,116453.59
2025-08-23 02:00:00,115927.98
2025-08-23 03:00:00,115568.77
2025-08-23 04:00:00,115926.77
2025-08-23 05:00:00,115954.51
2025-08-23 06:00:00,115781.16
2025-08-23 07:00:00,115799.47
2025-08-23 08:00:00,115746.12
2025-08-23 09:00:00,115765.82
2025-08-23 10:00:00,115575.72
2025-08-23 11:00:00,115310.13
2025-08-23 12:00:00,115213.6
2025-08-23 13:00:00,114864.92
2025-08-23 14:00:00,114621.47
2025-08-23 15:00:00,114812.87
2025-08-23 16:00:00,115020.0
2025-08-23 17:00:00,115087.97
2025-08-23 18:00:00,115145.77
2025-08-23 19:00:00,115133.91
2025-08-23 20:00:00,115325.81
2025-08-23 21:00:00,115028.0
2025-08-23 22:00:00,115317.85
2025-08-23 23:00:00,115438.05
2025-08-24 00:00:00,115375.35
2025-08-24 01:00:00,115473.99
2025-08-24 02:00:00,115005.15
2025-08-24 03:00:00,115036.0
2025-08-24 04:00:00,115174.3
2025-08-24 05:00:00,114996.01
2025-08-24 06:00:00,114862.4
2025-08-24 07:00:00,114888.19
2025-08-24 08:00:00,114838.02
2025-08-24 09:00:00,114841.17
2025-08-24 10:00:00,114790.4
2025-08-24 11:00:00,114730.22
2025-08-24 12:00:00,114673.81
2025-08-24 13:00:00,114555.0
2025-08-24 14:00:00,114514.05
2025-08-24 15:00:00,114400.0
2025-08-24 16:00:00,114275.0
2025-08-24 17:00:00,114423.42
2025-08-24 18:00:00,114626.97
2025-08-24 19:00:00,112600.0
2025-08-24 20:00:00,112770.39
2025-08-24 21:00:00,112988.39
2025-08-24 22:00:00,113451.02
2025-08-24 23:00:00,113493.59
2025-08-25 00:00:00,112645.1
2025-08-25 01:00:00,113066.94
2025-08-25 02:00:00,113412.36
2025-08-25 03:00:00,112916.84
2025-08-25 04:00:00,112764.0
2025-08-25 05:00:00,112310.0
2025-08-25 06:00:00,111929.87
2025-08-25 07:00:00,111511.55
2025-08-25 08:00:00,111414.3
2025-08-25 09:00:00,111800.01
2025-08-25 10:00:00,110984.03
2025-08-25 11:00:00,111214.97
2025-08-25 12:00:00,111586.31
2025-08-25 13:00:00,111491.69
2025-08-25 14:00:00,112260.0
2025-08-25 15:00:00,112200.64
2025-08-25 16:00:00,112502.43
2025-08-25 17:00:00,112431.4
2025-08-25 18:00:00,112402.9
2025-08-25 19:00:00,110716.13
2025-08-25 20:00:00,109561.96
2025-08-25 21:00:00,109888.01
2025-08-25 22:00:00,110153.23
2025-08-25 23:00:00,110111.98
2025-08-26 00:00:00,109100.23
2025-08-26 01:00:00,109897.2
2025-08-26 02:00:00,109710.96
2025-08-26 03:00:00,109879.56
2025-08-26 04:00:00,110100.01
2025-08-26 05:00:00,110196.01
2025-08-26 06:00:00,109988.18
2025-08-26 07:00:00,110303.2
2025-08-26 08:00:00,110102.02
2025-08-26 09:00:00,110152.89
2025-08-26 10:00:00,110216.53
2025-08-26 11:00:00,109876.52
2025-08-26 12:00:00,110216.81
2025-08-26 13:00:00,110094.66
2025-08-26 14:00:00,110358.13
2025-08-26 15:00:00,109666.33
2025-08-26 16:00:00,110153.84
2025-08-26 17:00:00,109988.07
2025-08-26 18:00:00,110695.58
2025-08-26 19:00:00,111116.03
2025-08-26 20:00:00,111321.58
2025-08-26 21:00:00,111584.6
2025-08-26 22:00:00,111910.01
2025-08-26 23:00:00,111763.22
2025-08-27 00:00:00,111356.37
2025-08-27 01:00:00,111299.48
2025-08-27 02:00:00,111135.37
2025-08-27 03:00:00,111418.15
2025-08-27 04:00:00,111570.81
2025-08-27 05:00:00,111372.18
2025-08-27 06:00:00,111040.09
2025-08-27 07:00:00,110725.18
2025-08-27 08:00:00,110756.01
2025-08-27 09:00:00,110810.78
2025-08-27 10:00:00,110975.12
2025-08-27 11:00:00,111322.07
2025-08-27 12:00:00,111344.42
2025-08-27 13:00:00,111487.24
2025-08-27 14:00:00,111815.94
2025-08-27 15:00:00,112000.0
2025-08-27 16:00:00,112121.46
2025-08-27 17:00:00,112345.29
2025-08-27 18:00:00,111947.21
2025-08-27 19:00:00,112080.69
2025-08-27 20:00:00,112419.07
2025-08-27 21:00:00,111528.19
2025-08-27 22:00:00,111409.54
2025-08-27 23:00:00,111262.01
2025-08-28 00:00:00,111338.92
2025-08-28 01:00:00,111647.7
2025-08-28 02:00:00,111500.0
2025-08-28 03:00:00,112000.01
2025-08-28 04:00:00,112965.9
2025-08-28 05:00:00,112853.24
2025-08-28 06:00:00,113213.78
2025-08-28 07:00:00,113114.11
2025-08-28 08:00:00,113128.49
2025-08-28 09:00:00,112856.89
2025-08-28 10:00:00,113127.53
2025-08-28 11:00:00,112909.18
2025-08-28 12:00:00,113239.44
2025-08-28 13:00:00,112832.0
2025-08-28 14:00:00,113153.06
2025-08-28 15:00:00,112678.53
2025-08-28 16:00:00,112329.44
2025-08-28 17:00:00,112387.99
2025-08-28 18:00:00,112373.59
2025-08-28 19:00:00,111901.36
2025-08-28 20:00:00,111902.49
2025-08-28 21:00:00,112025.07
2025-08-28 22:00:00,112340.64
2025-08-28 23:00:00,112566.9
2025-08-29 00:00:00,112200.94
2025-08-29 01:00:00,111486.0
2025-08-29 02:00:00,111419.98
2025-08-29 03:00:00,111704.23
2025-08-29 04:00:00,111502.0
2025-08-29 05:00:00,111315.42
2025-08-29 06:00:00,111279.45
2025-08-29 07:00:00,110019.38
2025-08-29 08:00:00,109628.02
2025-08-29 09:00:00,109772.71
2025-08-29 10:00:00,110008.01
2025-08-29 11:00:00,110098.81
2025-08-29 12:00:00,110728.0
2025-08-29 13:00:00,109106.14
2025-08-29 14:00:00,108198.67
2025-08-29 15:00:00,108386.23
2025-08-29 16:00:00,108705.67
2025-08-29 17:00:00,108466.01
2025-08-29 18:00:00,108145.4
2025-08-29 19:00:00,108212.01
2025-08-29 20:00:00,107770.78
2025-08-29 21:00:00,108450.01
2025-08-29 22:00:00,108378.97
2025-08-29 23:00:00,108377.4
2025-08-30 00:00:00,108300.71
2025-08-30 01:00:00,107447.97
2025-08-30 02:00:00,107782.01
2025-08-30 03:00:00,108436.2
2025-08-30 04:00:00,108435.59
2025-08-30 05:00:00,108347.2
2025-08-30 06:00:00,108320.0
2025-08-30 07:00:00,108524.26
2025-08-30 08:00:00,108568.0
2025-08-30 09:00:00,108517.63
2025-08-30 10:00:00,108425.99
2025-08-30 11:00:00,108680.01
2025-08-30 12:00:00,108614.86
2025-08-30 13:00:00,108531.14
2025-08-30 14:00:00,108661.99
2025-08-30 15:00:00,108869.98
2025-08-30 16:00:00,108815.72
2025-08-30 17:00:00,108784.71
2025-08-30 18:00:00,108739.72
2025-08-30 19:00:00,108828.33
2025-08-30 20:00:00,108648.0
2025-08-30 21:00:00,108588.67
2025-08-30 22:00:00,108531.12
2025-08-30 23:00:00,108816.33
2025-08-31 00:00:00,109389.08
2025-08-31 01:00:00,109429.01
2025-08-31 02:00:00,109224.87
2025-08-31 03:00:00,109223.84
2025-08-31 04:00:00,108816.32
2025-08-31 05:00:00,108756.85
2025-08-31 06:00:00,108716.65
2025-08-31 07:00:00,108708.26
2025-08-31 08:00:00,109011.67
2025-08-31 09:00:00,108507.68
2025-08-31 10:00:00,108560.23
2025-08-31 11:00:00,108389.76
2025-08-31 12:00:00,108309.2
2025-08-31 13:00:00,108418.02
2025-08-31 14:00:00,108467.33
2025-08-31 15:00:00,108818.69
2025-08-31 16:00:00,108922.79
2025-08-31 17:00:00,108993.87
2025-08-31 18:00:00,109146.62
2025-08-31 19:00:00,108930.0
2025-08-31 20:00:00,109117.99
2025-08-31 21:00:00,109037.29
2025-08-31 22:00:00,108900.46
2025-08-31 23:00:00,108246.35
2025-09-01 00:00:00,108222.37
2025-09-01 01:00:00,108150.24
2025-09-01 02:00:00,107617.05
2025-09-01 03:00:00,107660.01
2025-09-01 04:00:00,107409.1
2025-09-01 05:00:00,107866.12
2025-09-01 06:00:00,108064.75
2025-09-01 07:00:00,109432.99
2025-09-01 08:00:00,109590.0
2025-09-01 09:00:00,109524.12
2025-09-01 10:00:00,108571.41
2025-09-01 11:00:00,108782.88
2025-09-01 12:00:00,109108.27
2025-09-01 13:00:00,109023.61
2025-09-01 14:00:00,109146.6
2025-09-01 15:00:00,108784.33
2025-09-01 16:00:00,108774.23
2025-09-01 17:00:00,108927.61
2025-09-01 18:00:00,109240.0
2025-09-01 19:00:00,109217.64
2025-09-01 20:00:00,108877.38
2025-09-01 21:00:00,107800.8
2025-09-01 22:00:00,108444.96
2025-09-01 23:00:00,109237.42
2025-09-02 00:00:00,109040.36
2025-09-02 01:00:00,109313.0
2025-09-02 02:00:00,110246.01
2025-09-02 03:00:00,110322.18
2025-09-02 04:00:00,110310.56
2025-09-02 05:00:00,110209.32
2025-09-02 06:00:00,110376.63
2025-09-02 07:00:00,110233.92
2025-09-02 08:00:00,110360.0
2025-09-02 09:00:00,110450.56
2025-09-02 10:00:00,110246.0
2025-09-02 11:00:00,109733.34
2025-09-02 12:00:00,108795.99
2025-09-02 13:00:00,111149.99
2025-09-02 14:00:00,111360.01
2025-09-02 15:00:00,110829.17
2025-09-02 16:00:00,110785.85
2025-09-02 17:00:00,110914.0
2025-09-02 18:00:00,110646.47
2025-09-02 19:00:00,110806.0
2025-09-02 20:00:00,111418.49
2025-09-02 21:00:00,111129.57
2025-09-02 22:00:00,111259.99
2025-09-02 23:00:00,111240.01
2025-09-03 00:00:00,111339.98
2025-09-03 01:00:00,111176.94
2025-09-03 02:00:00,111372.0
2025-09-03 03:00:00,111054.01
2025-09-03 04:00:00,111020.68
2025-09-03 05:00:00,110685.57
2025-09-03 06:00:00,110724.0
2025-09-03 07:00:00,111099.88
2025-09-03 08:00:00,111019.99
2025-09-03 09:00:00,111312.28
2025-09-03 10:00:00,111449.99
2025-09-03 11:00:00,111437.77
2025-09-03 12:00:00,111112.0
2025-09-03 13:00:00,111475.07
2025-09-03 14:00:00,112261.37
2025-09-03 15:00:00,112222.74
2025-09-03 16:00:00,111858.66
2025-09-03 17:00:00,112312.64
2025-09-03 18:00:00,112000.0
2025-09-03 19:00:00,112193.74
2025-09-03 20:00:00,112211.31
2025-09-03 21:00:00,111989.67
2025-09-03 22:00:00,111947.48
2025-09-03 23:00:00,111705.71
2025-09-04 00:00:00,112065.61
2025-09-04 01:00:00,111947.48
2025-09-04 02:00:00,111450.15
2025-09-04 03:00:00,111148.97
2025-09-04 04:00:00,110917.45
2025-09-04 05:00:00,110653.07
2025-09-04 06:00:00,110393.95
2025-09-04 07:00:00,110463.36
2025-09-04 08:00:00,110640.97
2025-09-04 09:00:00,110815.04
2025-09-04 10:00:00,110628.86
2025-09-04 11:00:00,110810.0
2025-09-04 12:00:00,110933.94
2025-09-04 13:00:00,110464.0
2025-09-04 14:00:00,109842.01
2025-09-04 15:00:00,109510.31
2025-09-04 16:00:00,109438.34
2025-09-04 17:00:00,109786.48
2025-09-04 18:00:00,109977.0
2025-09-04 19:00:00,109799.99
2025-09-04 20:00:00,110408.02
2025-09-04 21:00:00,110500.0
2025-09-04 22:00:00,111490.73
2025-09-04 23:00:00,110730.87
2025-09-05 00:00:00,110451.62
2025-09-05 01:00:00,111121.51
2025-09-05 02:00:00,111340.65
2025-09-05 03:00:00,111311.77
2025-09-05 04:00:00,111445.0
2025-09-05 05:00:00,111574.5
2025-09-05 06:00:00,111911.99
2025-09-05 07:00:00,112954.32
2025-09-05 08:00:00,112618.51
2025-09-05 09:00:00,112303.87
2025-09-05 10:00:00,112256.36
2025-09-05 11:00:00,112354.0
2025-09-05 12:00:00,113214.78
2025-09-05 13:00:00,113084.16
2025-09-05 14:00:00,110569.99
2025-09-05 15:00:00,110716.82
2025-09-05 16:00:00,110815.4
2025-09-05 17:00:00,110608.18
2025-09-05 18:00:00,111198.78
2025-09-05 19:00:00,111614.54
2025-09-05 20:00:00,111630.3
2025-09-05 21:00:00,110605.01
2025-09-05 22:00:00,110800.0
2025-09-05 23:00:00,110659.99
2025-09-06 00:00:00,110779.7
2025-09-06 01:00:00,110867.7
2025-09-06 02:00:00,111216.15
2025-09-06 03:00:00,111082.22
2025-09-06 04:00:00,110876.12
2025-09-06 05:00:00,110714.0
2025-09-06 06:00:00,110752.83
2025-09-06 07:00:00,110825.6
2025-09-06 08:00:00,110952.76
2025-09-06 09:00:00,110695.06
2025-09-06 10:00:00,110773.62
2025-09-06 11:00:00,110781.02
2025-09-06 12:00:00,110832.58
2025-09-06 13:00:00,110936.82
2025-09-06 14:00:00,110807.77
2025-09-06 15:00:00,110384.15
2025-09-06 16:00:00,110267.99
2025-09-06 17:00:00,110157.41
2025-09-06 18:00:00,110228.0
2025-09-06 19:00:00,110038.41
2025-09-06 20:00:00,110167.0
2025-09-06 21:00:00,110201.0
2025-09-06 22:00:00,110170.55
2025-09-06 23:00:00,110187.97
2025-09-07 00:00:00,110356.75
2025-09-07 01:00:00,110546.66
2025-09-07 02:00:00,110666.24
2025-09-07 03:00:00,110629.15
2025-09-07 04:00:00,110557.76
2025-09-07 05:00:00,110649.44
2025-09-07 06:00:00,110504.15
2025-09-07 07:00:00,110753.42
2025-09-07 08:00:00,111071.25
2025-09-07 09:00:00,111115.98
2025-09-07 10:00:00,111225.02
2025-09-07 11:00:00,111292.13
2025-09-07 12:00:00,111115.92
2025-09-07 13:00:00,111214.62
2025-09-07 14:00:00,111145.59
2025-09-07 15:00:00,111329.99
2025-09-07 16:00:00,111202.02
2025-09-07 17:00:00,110962.83
2025-09-07 18:00:00,111053.76
2025-09-07 19:00:00,111259.99
2025-09-07 20:00:00,111330.3
2025-09-07 21:00:00,111050.14
2025-09-07 22:00:00,111250.01
2025-09-07 23:00:00,111137.34
2025-09-08 00:00:00,110837.96
2025-09-08 01:00:00,110890.57
2025-09-08 02:00:00,111240.0
2025-09-08 03:00:00,111052.11
2025-09-08 04:00:00,110979.35
2025-09-08 05:00:00,111027.16
2025-09-08 06:00:00,111113.26
2025-09-08 07:00:00,111280.39
2025-09-08 08:00:00,111684.25
2025-09-08 09:00:00,112094.99
2025-09-08 10:00:00,112048.0
2025-09-08 11:00:00,112052.43
2025-09-08 12:00:00,112034.51
2025-09-08 13:00:00,111906.55
2025-09-08 14:00:00,112645.05
2025-09-08 15:00:00,112631.75
2025-09-08 16:00:00,112398.0
2025-09-08 17:00:00,112214.4
2025-09-08 18:00:00,112477.01
2025-09-08 19:00:00,112097.31
2025-09-08 20:00:00,111958.04
2025-09-08 21:00:00,112326.45
2025-09-08 22:00:00,112236.71
2025-09-08 23:00:00,112065.23
2025-09-09 00:00:00,111650.03
2025-09-09 01:00:00,111364.73
2025-09-09 02:00:00,111330.71
2025-09-09 03:00:00,111708.0
2025-09-09 04:00:00,112024.01
2025-09-09 05:00:00,112200.0
2025-09-09 06:00:00,113022.61
2025-09-09 07:00:00,112991.11
2025-09-09 08:00:00,112992.69
2025-09-09 09:00:00,112966.54
2025-09-09 10:00:00,112732.62
2025-09-09 11:00:00,112433.59
2025-09-09 12:00:00,112671.76
2025-09-09 13:00:00,112760.58
2025-09-09 14:00:00,111767.45
2025-09-09 15:00:00,110880.76
2025-09-09 16:00:00,110975.99
2025-09-09 17:00:00,111025.44
2025-09-09 18:00:00,111131.92
2025-09-09 19:00:00,111301.53
2025-09-09 20:00:00,111530.16
2025-09-09 21:00:00,111299.61
2025-09-09 22:00:00,111556.16
2025-09-09 23:00:00,111546.39
2025-09-10 00:00:00,111010.46
2025-09-10 01:00:00,111005.64
2025-09-10 02:00:00,111411.13
2025-09-10 03:00:00,111545.88
2025-09-10 04:00:00,111520.43
2025-09-10 05:00:00,111577.31
2025-09-10 06:00:00,111792.33
2025-09-10 07:00:00,112553.65
2025-09-10 08:00:00,112370.08
2025-09-10 09:00:00,112274.29
2025-09-10 10:00:00,112270.01
2025-09-10 11:00:00,112299.99
2025-09-10 12:00:00,113413.51
2025-09-10 13:00:00,113952.0
2025-09-10 14:00:00,113899.99
2025-09-10 15:00:00,113853.99
2025-09-10 16:00:00,113759.89
2025-09-10 17:00:00,113738.01
2025-09-10 18:00:00,113584.85
2025-09-10 19:00:00,113574.52
2025-09-10 20:00:00,113566.39
2025-09-10 21:00:00,113842.53
2025-09-10 22:00:00,113881.2
2025-09-10 23:00:00,113960.0
2025-09-11 00:00:00,113885.7
2025-09-11 01:00:00,113903.23
2025-09-11 02:00:00,113819.02
2025-09-11 03:00:00,114400.01
2025-09-11 04:00:00,114158.29
2025-09-11 05:00:00,114266.0
2025-09-11 06:00:00,114324.64
2025-09-11 07:00:00,114083.58
2025-09-11 08:00:00,114049.39
2025-09-11 09:00:00,113895.29
2025-09-11 10:00:00,114062.32
2025-09-11 11:00:00,113999.99
2025-09-11 12:00:00,113975.99
2025-09-11 13:00:00,114628.08
2025-09-11 14:00:00,114463.73
2025-09-11 15:00:00,114180.31
2025-09-11 16:00:00,114487.53
2025-09-11 17:00:00,114589.84
2025-09-11 18:00:00,114312.35
2025-09-11 19:00:00,114419.99
2025-09-11 20:00:00,114395.99
2025-09-11 21:00:00,114482.69
2025-09-11 22:00:00,115084.0
2025-09-11 23:00:00,115482.69
2025-09-12 00:00:00,115840.69
2025-09-12 01:00:00,115377.29
2025-09-12 02:00:00,115391.0
2025-09-12 03:00:00,115194.14
2025-09-12 04:00:00,115359.99
2025-09-12 05:00:00,115612.84
2025-09-12 06:00:00,115318.0
2025-09-12 07:00:00,115086.7
2025-09-12 08:00:00,115048.0
2025-09-12 09:00:00,115048.01
2025-09-12 10:00:00,114980.85
2025-09-12 11:00:00,114913.45
2025-09-12 12:00:00,115083.97
2025-09-12 13:00:00,115166.45
2025-09-12 14:00:00,115260.0
2025-09-12 15:00:00,115121.18
2025-09-12 16:00:00,115495.56
2025-09-12 17:00:00,115815.16
2025-09-12 18:00:00,116486.18
2025-09-12 19:00:00,116632.51
2025-09-12 20:00:00,116157.33
2025-09-12 21:00:00,115865.89
2025-09-12 22:00:00,116027.46
2025-09-12 23:00:00,116029.42
2025-09-13 00:00:00,116209.32
2025-09-13 01:00:00,115764.3
2025-09-13 02:00:00,115886.17
2025-09-13 03:00:00,115957.0
2025-09-13 04:00:00,115698.4
2025-09-13 05:00:00,115704.04
2025-09-13 06:00:00,115749.99
2025-09-13 07:00:00,115778.71
2025-09-13 08:00:00,115978.01
2025-09-13 09:00:00,116035.33
2025-09-13 10:00:00,115937.99
2025-09-13 11:00:00,115974.11
2025-09-13 12:00:00,116002.91
2025-09-13 13:00:00,115761.05
2025-09-13 14:00:00,115797.68
2025-09-13 15:00:00,115768.68
2025-09-13 16:00:00,115334.0
2025-09-13 17:00:00,115571.78
2025-09-13 18:00:00,115633.92
2025-09-13 19:00:00,115797.12
2025-09-13 20:00:00,115905.88
2025-09-13 21:00:00,115895.39
2025-09-13 22:00:00,115871.58
2025-09-13 23:00:00,115918.29
2025-09-14 00:00:00,115935.6
2025-09-14 01:00:00,115962.93
2025-09-14 02:00:00,115852.95
2025-09-14 03:00:00,115679.98
2025-09-14 04:00:00,115750.99
2025-09-14 05:00:00,115860.01
2025-09-14 06:00:00,115734.23
2025-09-14 07:00:00,115805.39
2025-09-14 08:00:00,115933.4
2025-09-14 09:00:00,116052.09
2025-09-14 10:00:00,116027.26
2025-09-14 11:00:00,115794.91
2025-09-14 12:00:00,115776.31
2025-09-14 13:00:00,115348.1
2025-09-14 14:00:00,115401.75
2025-09-14 15:00:00,115224.01
2025-09-14 16:00:00,115480.0
2025-09-14 17:00:00,115557.65
2025-09-14 18:00:00,115388.21
2025-09-14 19:00:00,115634.99
2025-09-14 20:00:00,115802.16
2025-09-14 21:00:00,116058.88
2025-09-14 22:00:00,116009.61
2025-09-14 23:00:00,115268.01
2025-09-15 00:00:00,115071.32
2025-09-15 01:00:00,115231.69
2025-09-15 02:00:00,115362.35
2025-09-15 03:00:00,115445.45
2025-09-15 04:00:00,116058.01
2025-09-15 05:00:00,116520.0
2025-09-15 06:00:00,116129.99
2025-09-15 07:00:00,115806.62
2025-09-15 08:00:00,114737.27
2025-09-15 09:00:00,114868.59
2025-09-15 10:00:00,114769.04
2025-09-15 11:00:00,115070.0
2025-09-15 12:00:00,114721.04
2025-09-15 13:00:00,114664.08
2025-09-15 14:00:00,114679.56
2025-09-15 15:00:00,114842.9
2025-09-15 16:00:00,114662.57
2025-09-15 17:00:00,115120.03
2025-09-15 18:00:00,115307.79
2025-09-15 19:00:00,115307.78
2025-09-15 20:00:00,115379.99
2025-09-15 21:00:00,115528.0
2025-09-15 22:00:00,115288.01
2025-09-15 23:00:00,115349.71
2025-09-16 00:00:00,115088.66
2025-09-16 01:00:00,115024.24
2025-09-16 02:00:00,115034.47
2025-09-16 03:00:00,115307.25
2025-09-16 04:00:00,115503.01
2025-09-16 05:00:00,115936.65
2025-09-16 06:00:00,115770.35
2025-09-16 07:00:00,115840.0
2025-09-16 08:00:00,115658.76
2025-09-16 09:00:00,115477.27
2025-09-16 10:00:00,115372.46
2025-09-16 11:00:00,115287.83
2025-09-16 12:00:00,115439.36
2025-09-16 13:00:00,115200.0
2025-09-16 14:00:00,115296.86
2025-09-16 15:00:00,115905.88
2025-09-16 16:00:00,116068.06
2025-09-16 17:00:00,116461.54
2025-09-16 18:00:00,116418.86
2025-09-16 19:00:00,116800.12
2025-09-16 20:00:00,116839.47
2025-09-16 21:00:00,116800.51
2025-09-16 22:00:00,116855.58
2025-09-16 23:00:00,116788.96
2025-09-17 00:00:00,116560.01
2025-09-17 01:00:00,116662.25
2025-09-17 02:00:00,116686.43
2025-09-17 03:00:00,116372.04
2025-09-17 04:00:00,116313.49
2025-09-17 05:00:00,117108.3
2025-09-17 06:00:00,117234.27
2025-09-17 07:00:00,117162.48
2025-09-17 08:00:00,116860.0
2025-09-17 09:00:00,116550.01
2025-09-17 10:00:00,116359.14
2025-09-17 11:00:00,116258.13
2025-09-17 12:00:00,116204.94
2025-09-17 13:00:00,116107.19
2025-09-17 14:00:00,115606.61
2025-09-17 15:00:00,115875.32
2025-09-17 16:00:00,115640.77
2025-09-17 17:00:00,115504.48
2025-09-17 18:00:00,115226.93
2025-09-17 19:00:00,115652.02
2025-09-17 20:00:00,115621.47
2025-09-17 21:00:00,116038.39
2025-09-17 22:00:00,116559.69
2025-09-17 23:00:00,116447.59
2025-09-18 00:00:00,116350.65
2025-09-18 01:00:00,116634.84
2025-09-18 02:00:00,116950.47
2025-09-18 03:00:00,117581.66
2025-09-18 04:00:00,117605.16
2025-09-18 05:00:00,117273.36
2025-09-18 06:00:00,117102.43
2025-09-18 07:00:00,117086.01
2025-09-18 08:00:00,117229.59
2025-09-18 09:00:00,117298.81
2025-09-18 10:00:00,117190.47
2025-09-18 11:00:00,117063.4
2025-09-18 12:00:00,117124.69
2025-09-18 13:00:00,117432.04
2025-09-18 14:00:00,117640.54
2025-09-18 15:00:00,117583.56
2025-09-18 16:00:00,117565.6
2025-09-18 17:00:00,117579.93
2025-09-18 18:00:00,117822.97
2025-09-18 19:00:00,117450.21
2025-09-18 20:00:00,117521.14
2025-09-18 21:00:00,117299.21
2025-09-18 22:00:00,117061.02
2025-09-18 23:00:00,117073.53
2025-09-19 00:00:00,117424.2
2025-09-19 01:00:00,117241.32
2025-09-19 02:00:00,117112.8
2025-09-19 03:00:00,116977.58
2025-09-19 04:00:00,116990.65
2025-09-19 05:00:00,116894.83
2025-09-19 06:00:00,116669.75
2025-09-19 07:00:00,116909.97
2025-09-19 08:00:00,116915.88
2025-09-19 09:00:00,116488.0
2025-09-19 10:00:00,116532.68
2025-09-19 11:00:00,116394.72
2025-09-19 12:00:00,116162.45
2025-09-19 13:00:00,116284.64
2025-09-19 14:00:00,115899.99
2025-09-19 15:00:00,115884.03
2025-09-19 16:00:00,116088.68
2025-09-19 17:00:00,115542.73
2025-09-19 18:00:00,115407.49
2025-09-19 19:00:00,115125.12
2025-09-19 20:00:00,115342.57
2025-09-19 21:00:00,115465.39
2025-09-19 22:00:00,115613.21
2025-09-19 23:00:00,115632.38
2025-09-20 00:00:00,115723.73
2025-09-20 01:00:00,115623.51
2025-09-20 02:00:00,115606.39
2025-09-20 03:00:00,115445.0
2025-09-20 04:00:00,115568.41
2025-09-20 05:00:00,115717.49
2025-09-20 06:00:00,115700.46
2025-09-20 07:00:00,115968.56
2025-09-20 08:00:00,115701.43
2025-09-20 09:00:00,115672.8
2025-09-20 10:00:00,115747.54
2025-09-20 11:00:00,115894.06
2025-09-20 12:00:00,115874.49
2025-09-20 13:00:00,115915.8
2025-09-20 14:00:00,115970.36
2025-09-20 15:00:00,115986.69
2025-09-20 16:00:00,116027.94
2025-09-20 17:00:00,115821.72
2025-09-20 18:00:00,115711.51
2025-09-20 19:00:00,115702.0
2025-09-20 20:00:00,115721.1
2025-09-20 21:00:00,115786.31
2025-09-20 22:00:00,115776.06
2025-09-20 23:00:00,115685.63
2025-09-21 00:00:00,115660.01
2025-09-21 01:00:00,115500.0
2025-09-21 02:00:00,115690.76
2025-09-21 03:00:00,115669.41
2025-09-21 04:00:00,115494.23
2025-09-21 05:00:00,115663.48
2025-09-21 06:00:00,115687.2
2025-09-21 07:00:00,115815.97
2025-09-21 08:00:00,115629.6
2025-09-21 09:00:00,115683.54
2025-09-21 10:00:00,115522.31
2025-09-21 11:00:00,115603.45
2025-09-21 12:00:00,115683.59
2025-09-21 13:00:00,115661.65
2025-09-21 14:00:00,115500.01
2025-09-21 15:00:00,115531.61
2025-09-21 16:00:00,115316.0
2025-09-21 17:00:00,115628.18
2025-09-21 18:00:00,115530.9
2025-09-21 19:00:00,115480.05
2025-09-21 20:00:00,115307.51
2025-09-21 21:00:00,115405.48
2025-09-21 22:00:00,115538.9
2025-09-21 23:00:00,115232.29
2025-09-22 00:00:00,114407.28
2025-09-22 01:00:00,114273.45
2025-09-22 02:00:00,114187.81
2025-09-22 03:00:00,114649.89
2025-09-22 04:00:00,114433.53
2025-09-22 05:00:00,113691.19
2025-09-22 06:00:00,112800.77
2025-09-22 07:00:00,112519.99
2025-09-22 08:00:00,112629.07
2025-09-22 09:00:00,112336.62
2025-09-22 10:00:00,112792.16
2025-09-22 11:00:00,112876.97
2025-09-22 12:00:00,112738.65
2025-09-22 13:00:00,113130.63
2025-09-22 14:00:00,112933.16
2025-09-22 15:00:00,112815.5
2025-09-22 16:00:00,112600.68
2025-09-22 17:00:00,112398.66
2025-09-22 18:00:00,112429.13
2025-09-22 19:00:00,112122.9
2025-09-22 20:00:00,112781.88
2025-09-22 21:00:00,112969.99
2025-09-22 22:00:00,112643.25
2025-09-22 23:00:00,112650.99
2025-09-23 00:00:00,112395.32
2025-09-23 01:00:00,112156.66
2025-09-23 02:00:00,111811.88
2025-09-23 03:00:00,112339.99
2025-09-23 04:00:00,112442.3
2025-09-23 05:00:00,112665.44
2025-09-23 06:00:00,112974.96
2025-09-23 07:00:00,113090.13
2025-09-23 08:00:00,113133.84
2025-09-23 09:00:00,112934.47
2025-09-23 10:00:00,112969.32
2025-09-23 11:00:00,112975.99
2025-09-23 12:00:00,112941.02
2025-09-23 13:00:00,112952.31
2025-09-23 14:00:00,112652.91
2025-09-23 15:00:00,112882.19
2025-09-23 16:00:00,112823.63
2025-09-23 17:00:00,111957.76
2025-09-23 18:00:00,111780.1
2025-09-23 19:00:00,111655.29
2025-09-23 20:00:00,111985.77
2025-09-23 21:00:00,112161.54
2025-09-23 22:00:00,112159.23
2025-09-23 23:00:00,111998.8
2025-09-24 00:00:00,112230.72
2025-09-24 01:00:00,112451.26
2025-09-24 02:00:00,112111.62
2025-09-24 03:00:00,111683.09
2025-09-24 04:00:00,112161.93
2025-09-24 05:00:00,112636.84
2025-09-24 06:00:00,112596.69
2025-09-24 07:00:00,112583.54
2025-09-24 08:00:00,112622.8
2025-09-24 09:00:00,112735.06
2025-09-24 10:00:00,112941.98
2025-09-24 11:00:00,113029.46
2025-09-24 12:00:00,113070.69
2025-09-24 13:00:00,112823.62
2025-09-24 14:00:00,113720.64
2025-09-24 15:00:00,113346.41
2025-09-24 16:00:00,113732.01
2025-09-24 17:00:00,113761.3
2025-09-24 18:00:00,113639.8
2025-09-24 19:00:00,113420.01
2025-09-24 20:00:00,113501.52
2025-09-24 21:00:00,113339.63
2025-09-24 22:00:00,113336.33
2025-09-24 23:00:00,113307.0
2025-09-25 00:00:00,113062.35
2025-09-25 01:00:00,112661.24
2025-09-25 02:00:00,112907.38
2025-09-25 03:00:00,112546.21
2025-09-25 04:00:00,111735.66
2025-09-25 05:00:00,111749.91
2025-09-25 06:00:00,111533.26
2025-09-25 07:00:00,111766.72
2025-09-25 08:00:00,111727.21
2025-09-25 09:00:00,111571.58
2025-09-25 10:00:00,111648.19
2025-09-25 11:00:00,111348.0
2025-09-25 12:00:00,111111.0
2025-09-25 13:00:00,111000.0
2025-09-25 14:00:00,111540.0
2025-09-25 15:00:00,111580.77
2025-09-25 16:00:00,110957.29
2025-09-25 17:00:00,108833.63
2025-09-25 18:00:00,109760.2
2025-09-25 19:00:00,109360.0
2025-09-25 20:00:00,109163.44
2025-09-25 21:00:00,109420.0
2025-09-25 22:00:00,109419.97
2025-09-25 23:00:00,108994.49
2025-09-26 00:00:00,109472.13
2025-09-26 01:00:00,109680.4
2025-09-26 02:00:00,109621.7
2025-09-26 03:00:00,109580.01
2025-09-26 04:00:00,109338.01
2025-09-26 05:00:00,109252.79
2025-09-26 06:00:00,109360.0
2025-09-26 07:00:00,109320.02
2025-09-26 08:00:00,109567.2
2025-09-26 09:00:00,109568.72
2025-09-26 10:00:00,108895.0
2025-09-26 11:00:00,109133.5
2025-09-26 12:00:00,109372.68
2025-09-26 13:00:00,109669.73
2025-09-26 14:00:00,108836.0
2025-09-26 15:00:00,109027.78
2025-09-26 16:00:00,109460.01
2025-09-26 17:00:00,109899.99
2025-09-26 18:00:00,109727.99
2025-09-26 19:00:00,109172.2
2025-09-26 20:00:00,109288.44
2025-09-26 21:00:00,109469.07
2025-09-26 22:00:00,109558.25
2025-09-26 23:00:00,109643.46
2025-09-27 00:00:00,109649.29
2025-09-27 01:00:00,109431.92
2025-09-27 02:00:00,109408.18
2025-09-27 03:00:00,109553.77
2025-09-27 04:00:00,109654.99
2025-09-27 05:00:00,109635.72
2025-09-27 06:00:00,109541.36
2025-09-27 07:00:00,109411.2
2025-09-27 08:00:00,109252.01
2025-09-27 09:00:00,109292.73
2025-09-27 10:00:00,109431.7
2025-09-27 11:00:00,109310.21
2025-09-27 12:00:00,109400.05
2025-09-27 13:00:00,109306.61
2025-09-27 14:00:00,109287.89
2025-09-27 15:00:00,109402.24
2025-09-27 16:00:00,109389.04
2025-09-27 17:00:00,109382.47
2025-09-27 18:00:00,109434.96
2025-09-27 19:00:00,109424.2
2025-09-27 20:00:00,109390.0
2025-09-27 21:00:00,109474.99
2025-09-27 22:00:00,109605.62
2025-09-27 23:00:00,109635.85
2025-09-28 00:00:00,109607.81
2025-09-28 01:00:00,109353.67
2025-09-28 02:00:00,109447.55
2025-09-28 03:00:00,109436.0
2025-09-28 04:00:00,109365.9
2025-09-28 05:00:00,109356.43
2025-09-28 06:00:00,109410.0
2025-09-28 07:00:00,109513.06
2025-09-28 08:00:00,109509.91
2025-09-28 09:00:00,109519.42
2025-09-28 10:00:00,109368.44
2025-09-28 11:00:00,109369.02
2025-09-28 12:00:00,109314.99
2025-09-28 13:00:00,109639.0
2025-09-28 14:00:00,109850.01
2025-09-28 15:00:00,110037.93
2025-09-28 16:00:00,110222.02
2025-09-28 17:00:00,110203.52
2025-09-28 18:00:00,110293.56
2025-09-28 19:00:00,110337.6
2025-09-28 20:00:00,110803.8
2025-09-28 21:00:00,110833.99
2025-09-28 22:00:00,111938.51
2025-09-28 23:00:00,112163.95
2025-09-29 00:00:00,112260.57
2025-09-29 01:00:00,111855.3
2025-09-29 02:00:00,111750.02
2025-09-29 03:00:00,111857.51
2025-09-29 04:00:00,111812.0
2025-09-29 05:00:00,111753.34
2025-09-29 06:00:00,111632.83
2025-09-29 07:00:00,111865.95
2025-09-29 08:00:00,112099.75
2025-09-29 09:00:00,112110.9
2025-09-29 10:00:00,112090.18
2025-09-29 11:00:00,112100.0
2025-09-29 12:00:00,112022.16
2025-09-29 13:00:00,113227.29
2025-09-29 14:00:00,114033.53
2025-09-29 15:00:00,113815.57
2025-09-29 16:00:00,113626.15
2025-09-29 17:00:00,114043.91
2025-09-29 18:00:00,114008.79
2025-09-29 19:00:00,114265.55
2025-09-29 20:00:00,114258.29
2025-09-29 21:00:00,114176.73
2025-09-29 22:00:00,114189.81
2025-09-29 23:00:00,114311.96
2025-09-30 00:00:00,114525.97
2025-09-30 01:00:00,114500.31
2025-09-30 02:00:00,114455.96
2025-09-30 03:00:00,114376.39
2025-09-30 04:00:00,114091.63
2025-09-30 05:00:00,113904.0
2025-09-30 06:00:00,113891.64
2025-09-30 07:00:00,113699.23
2025-09-30 08:00:00,113451.89
2025-09-30 09:00:00,112781.97
2025-09-30 10:00:00,112923.49
2025-09-30 11:00:00,113055.01
2025-09-30 12:00:00,113002.06
2025-09-30 13:00:00,113404.53
2025-09-30 14:00:00,113595.05
2025-09-30 15:00:00,113106.16
2025-09-30 16:00:00,112841.24
2025-09-30 17:00:00,113246.11
2025-09-30 18:00:00,113714.56
2025-09-30 19:00:00,114359.99
2025-09-30 20:00:00,114626.36
2025-09-30 21:00:00,114161.0
2025-09-30 22:00:00,113940.39
2025-09-30 23:00:00,114048.93
2025-10-01 00:00:00,114239.53
2025-10-01 01:00:00,114549.99
2025-10-01 02:00:00,114272.15
2025-10-01 03:00:00,114176.92
2025-10-01 04:00:00,114289.01
2025-10-01 05:00:00,114569.84
2025-10-01 06:00:00,114256.81
2025-10-01 07:00:00,114539.02
2025-10-01 08:00:00,116111.28
2025-10-01 09:00:00,116412.1
2025-10-01 10:00:00,116281.64
2025-10-01 11:00:00,116789.58
2025-10-01 12:00:00,116402.65
2025-10-01 13:00:00,116806.96
2025-10-01 14:00:00,117292.74
2025-10-01 15:00:00,117423.73
2025-10-01 16:00:00,117535.79
2025-10-01 17:00:00,116768.07
2025-10-01 18:00:00,117234.01
2025-10-01 19:00:00,117439.53
2025-10-01 20:00:00,117536.12
2025-10-01 21:00:00,117554.96
2025-10-01 22:00:00,117745.39
2025-10-01 23:00:00,118594.99
2025-10-02 00:00:00,118428.46
2025-10-02 01:00:00,118617.37
2025-10-02 02:00:00,118753.73
2025-10-02 03:00:00,118733.99
2025-10-02 04:00:00,118662.04
2025-10-02 05:00:00,118377.34
2025-10-02 06:00:00,118649.06
2025-10-02 07:00:00,118489.76
2025-10-02 08:00:00,118668.89
2025-10-02 09:00:00,118849.99
2025-10-02 10:00:00,118619.56
2025-10-02 11:00:00,118765.73
2025-10-02 12:00:00,119402.42
2025-10-02 13:00:00,119621.2
2025-10-02 14:00:00,118814.09
2025-10-02 15:00:00,119910.78
2025-10-02 16:00:00,119731.4
2025-10-02 17:00:00,119917.52
2025-10-02 18:00:00,120506.61
2025-10-02 19:00:00,120836.49
2025-10-02 20:00:00,120652.01
2025-10-02 21:00:00,120150.1
2025-10-02 22:00:00,120257.49
2025-10-02 23:00:00,120529.35
2025-10-03 00:00:00,120132.8
2025-10-03 01:00:00,119875.72
2025-10-03 02:00:00,120157.82
2025-10-03 03:00:00,120225.89
2025-10-03 04:00:00,120039.98
2025-10-03 05:00:00,119920.4
2025-10-03 06:00:00,119916.93
2025-10-03 07:00:00,119640.21
2025-10-03 08:00:00,120038.6
2025-10-03 09:00:00,120300.0
2025-10-03 10:00:00,120425.95
2025-10-03 11:00:00,120334.5
2025-10-03 12:00:00,120358.07
2025-10-03 13:00:00,120374.73
2025-10-03 14:00:00,120917.85
2025-10-03 15:00:00,122258.05
2025-10-03 16:00:00,122553.3
2025-10-03 17:00:00,122073.25
2025-10-03 18:00:00,122538.46
2025-10-03 19:00:00,122660.99
2025-10-03 20:00:00,122447.94
2025-10-03 21:00:00,122306.57
2025-10-03 22:00:00,122477.0
2025-10-03 23:00:00,122232.0
2025-10-04 00:00:00,122100.0
2025-10-04 01:00:00,121865.21
2025-10-04 02:00:00,121854.53
2025-10-04 03:00:00,122243.99
2025-10-04 04:00:00,122495.0
2025-10-04 05:00:00,122522.7
2025-10-04 06:00:00,122430.27
2025-10-04 07:00:00,122324.08
2025-10-04 08:00:00,122267.57
2025-10-04 09:00:00,122208.78
2025-10-04 10:00:00,122129.53
2025-10-04 11:00:00,121973.26
2025-10-04 12:00:00,122005.62
2025-10-04 13:00:00,122385.42
2025-10-04 14:00:00,122000.01
2025-10-04 15:00:00,121791.31
2025-10-04 16:00:00,121719.99
2025-10-04 17:00:00,121747.37
2025-10-04 18:00:00,121574.66
2025-10-04 19:00:00,121959.25
2025-10-04 20:00:00,121892.89
2025-10-04 21:00:00,122190.67
2025-10-04 22:00:00,122287.19
2025-10-04 23:00:00,122391.0
2025-10-05 00:00:00,122157.7
2025-10-05 01:00:00,122377.72
2025-10-05 02:00:00,124031.44
2025-10-05 03:00:00,123776.22
2025-10-05 04:00:00,125172.81
2025-10-05 05:00:00,125127.99
2025-10-05 06:00:00,125000.01
2025-10-05 07:00:00,124713.63
2025-10-05 08:00:00,124595.99
2025-10-05 09:00:00,123020.5
2025-10-05 10:00:00,123028.01
2025-10-05 11:00:00,123464.64
2025-10-05 12:00:00,123085.88
2025-10-05 13:00:00,123161.39
2025-10-05 14:00:00,123034.67
2025-10-05 15:00:00,122803.17
2025-10-05 16:00:00,123265.54
2025-10-05 17:00:00,123057.05
2025-10-05 18:00:00,122999.44
2025-10-05 19:00:00,122591.79
2025-10-05 20:00:00,122705.32
2025-10-05 21:00:00,122729.99
2025-10-05 22:00:00,123237.4
2025-10-05 23:00:00,123482.31
2025-10-06 00:00:00,123347.29
2025-10-06 01:00:00,124035.32
2025-10-06 02:00:00,124110.61
2025-10-06 03:00:00,123839.09
2025-10-06 04:00:00,123580.26
2025-10-06 05:00:00,123586.0
2025-10-06 06:00:00,123947.9
2025-10-06 07:00:00,123390.47
2025-10-06 08:00:00,123846.55
2025-10-06 09:00:00,123955.3
2025-10-06 10:00:00,123978.0
2025-10-06 11:00:00,124215.0
2025-10-06 12:00:00,124556.64
2025-10-06 13:00:00,125031.33
2025-10-06 14:00:00,124530.0
2025-10-06 15:00:00,125000.0
2025-10-06 16:00:00,125455.24
2025-10-06 17:00:00,125284.0
2025-10-06 18:00:00,126011.18
2025-10-06 19:00:00,125410.81
2025-10-06 20:00:00,125211.02
2025-10-06 21:00:00,125097.85
2025-10-06 22:00:00,125039.13
2025-10-06 23:00:00,124658.54
2025-10-07 00:00:00,124900.93
2025-10-07 01:00:00,124699.99
2025-10-07 02:00:00,124259.9
2025-10-07 03:00:00,124329.74
2025-10-07 04:00:00,124500.0
2025-10-07 05:00:00,124414.17
2025-10-07 06:00:00,123890.84
2025-10-07 07:00:00,123667.99
2025-10-07 08:00:00,123861.75
2025-10-07 09:00:00,124117.48
2025-10-07 10:00:00,124282.19
2025-10-07 11:00:00,124453.38
2025-10-07 12:00:00,124917.99
2025-10-07 13:00:00,123891.68
2025-10-07 14:00:00,122725.36
2025-10-07 15:00:00,121846.01
2025-10-07 16:00:00,121684.17
2025-10-07 17:00:00,121130.02
2025-10-07 18:00:00,120895.37
2025-10-07 19:00:00,121637.17
2025-10-07 20:00:00,121943.61
2025-10-07 21:00:00,122016.0
2025-10-07 22:00:00,122011.17
2025-10-07 23:00:00,121332.95
2025-10-08 00:00:00,121914.09
2025-10-08 01:00:00,121950.01
2025-10-08 02:00:00,122048.28
2025-10-08 03:00:00,121374.75
2025-10-08 04:00:00,121900.0
2025-10-08 05:00:00,121374.01
2025-10-08 06:00:00,121784.29
2025-10-08 07:00:00,121597.06
2025-10-08 08:00:00,122381.85
2025-10-08 09:00:00,122516.98
2025-10-08 10:00:00,122934.6
2025-10-08 11:00:00,122884.14
2025-10-08 12:00:00,122631.52
2025-10-08 13:00:00,122599.04
2025-10-08 14:00:00,122320.0
2025-10-08 15:00:00,122189.72
2025-10-08 16:00:00,123051.03
2025-10-08 17:00:00,124033.19
2025-10-08 18:00:00,123460.22
2025-10-08 19:00:00,123450.0
2025-10-08 20:00:00,122856.69
2025-10-08 21:00:00,123277.33
2025-10-08 22:00:00,123200.82
2025-10-08 23:00:00,123306.0
2025-10-09 00:00:00,122839.15
2025-10-09 01:00:00,122548.23
2025-10-09 02:00:00,121617.81
2025-10-09 03:00:00,122038.01
2025-10-09 04:00:00,122144.7
2025-10-09 05:00:00,122100.92
2025-10-09 06:00:00,121957.32
2025-10-09 07:00:00,121906.1
2025-10-09 08:00:00,121261.62
2025-10-09 09:00:00,121813.04
2025-10-09 10:00:00,122170.27
2025-10-09 11:00:00,122737.57
2025-10-09 12:00:00,123563.38
2025-10-09 13:00:00,122415.74
2025-10-09 14:00:00,121315.0
2025-10-09 15:00:00,121147.14
2025-10-09 16:00:00,119819.77
2025-10-09 17:00:00,120974.0
2025-10-09 18:00:00,120649.32
2025-10-09 19:00:00,120951.72
2025-10-09 20:00:00,121109.09
2025-10-09 21:00:00,121461.02
2025-10-09 22:00:00,121686.19
2025-10-09 23:00:00,121662.4
2025-10-10 00:00:00,121745.27
2025-10-10 01:00:00,121623.97
2025-10-10 02:00:00,121059.73
2025-10-10 03:00:00,121026.01
2025-10-10 04:00:00,121234.51
2025-10-10 05:00:00,121583.89
2025-10-10 06:00:00,121378.18
2025-10-10 07:00:00,120932.05
2025-10-10 08:00:00,121631.54
2025-10-10 09:00:00,121314.73
2025-10-10 10:00:00,121496.33
2025-10-10 11:00:00,121554.55
2025-10-10 12:00:00,121597.21
2025-10-10 13:00:00,121684.2
2025-10-10 14:00:00,120493.17
2025-10-10 15:00:00,119018.98
2025-10-10 16:00:00,118205.61
2025-10-10 17:00:00,117623.8
2025-10-10 18:00:00,117237.7
2025-10-10 19:00:00,116661.5
2025-10-10 20:00:00,114266.82
2025-10-10 21:00:00,113451.86
2025-10-10 22:00:00,113700.0
2025-10-10 23:00:00,112774.5
2025-10-11 00:00:00,112514.58
2025-10-11 01:00:00,111095.37
2025-10-11 02:00:00,113196.48
2025-10-11 03:00:00,112300.01
2025-10-11 04:00:00,112945.79
2025-10-11 05:00:00,112389.48
2025-10-11 06:00:00,112045.99
2025-10-11 07:00:00,110384.61
2025-10-11 08:00:00,111328.38
2025-10-11 09:00:00,111642.78
2025-10-11 10:00:00,112114.64
2025-10-11 11:00:00,112280.0
2025-10-11 12:00:00,112380.14
2025-10-11 13:00:00,112267.86
2025-10-11 14:00:00,111991.97
2025-10-11 15:00:00,111793.2
2025-10-11 16:00:00,111846.18
2025-10-11 17:00:00,112005.57
2025-10-11 18:00:00,111955.27
2025-10-11 19:00:00,111178.31
2025-10-11 20:00:00,110244.98
2025-10-11 21:00:00,110893.54
2025-10-11 22:00:00,111043.27
2025-10-11 23:00:00,110644.4
2025-10-12 00:00:00,109641.54
2025-10-12 01:00:00,109978.56
2025-10-12 02:00:00,110119.02
2025-10-12 03:00:00,110676.0
2025-10-12 04:00:00,111524.87
2025-10-12 05:00:00,111700.38
2025-10-12 06:00:00,111686.01
2025-10-12 07:00:00,111525.2
2025-10-12 08:00:00,111310.9
2025-10-12 09:00:00,111837.04
2025-10-12 10:00:00,111651.64
2025-10-12 11:00:00,111848.36
2025-10-12 12:00:00,111789.6
2025-10-12 13:00:00,111297.52
2025-10-12 14:00:00,112338.1
2025-10-12 15:00:00,113198.2
2025-10-12 16:00:00,114069.35
2025-10-12 17:00:00,113799.99
2025-10-12 18:00:00,113878.93
2025-10-12 19:00:00,114342.28
2025-10-12 20:00:00,114927.97
2025-10-12 21:00:00,114882.06
2025-10-12 22:00:00,115221.4
2025-10-12 23:00:00,114958.8
2025-10-13 00:00:00,115280.84
2025-10-13 01:00:00,115713.32
2025-10-13 02:00:00,115319.97
2025-10-13 03:00:00,114821.12
2025-10-13 04:00:00,114708.15
2025-10-13 05:00:00,114611.82
2025-10-13 06:00:00,115221.22
2025-10-13 07:00:00,115399.67
2025-10-13 08:00:00,115254.23
2025-10-13 09:00:00,115127.04
2025-10-13 10:00:00,114810.62
2025-10-13 11:00:00,114180.0
2025-10-13 12:00:00,114412.26
2025-10-13 13:00:00,115345.79
2025-10-13 14:00:00,114036.63
2025-10-13 15:00:00,114312.1
2025-10-13 16:00:00,114669.24
2025-10-13 17:00:00,115040.55
2025-10-13 18:00:00,115160.63
2025-10-13 19:00:00,115792.84
2025-10-13 20:00:00,115713.37
2025-10-13 21:00:00,115700.0
2025-10-13 22:00:00,115507.19
2025-10-13 23:00:00,115166.0
2025-10-14 00:00:00,114959.03
2025-10-14 01:00:00,114274.57
2025-10-14 02:00:00,113647.05
2025-10-14 03:00:00,113500.0
2025-10-14 04:00:00,113062.09
2025-10-14 05:00:00,112493.11
2025-10-14 06:00:00,111987.38
2025-10-14 07:00:00,111724.41
2025-10-14 08:00:00,111803.33
2025-10-14 09:00:00,111287.89
2025-10-14 10:00:00,110623.58
2025-10-14 11:00:00,111313.98
2025-10-14 12:00:00,110803.28
2025-10-14 13:00:00,111014.38
2025-10-14 14:00:00,111435.21
2025-10-14 15:00:00,112900.43
2025-10-14 16:00:00,112328.83
2025-10-14 17:00:00,112774.97
2025-10-14 18:00:00,112861.36
2025-10-14 19:00:00,112613.7
2025-10-14 20:00:00,112992.87
2025-10-14 21:00:00,113128.7
2025-10-14 22:00:00,113211.87
2025-10-14 23:00:00,113028.14
2025-10-15 00:00:00,112993.86
2025-10-15 01:00:00,112738.17
2025-10-15 02:00:00,112809.94
2025-10-15 03:00:00,112024.29
2025-10-15 04:00:00,112344.81
2025-10-15 05:00:00,112431.95
2025-10-15 06:00:00,112460.47
2025-10-15 07:00:00,112584.5
2025-10-15 08:00:00,112944.85
2025-10-15 09:00:00,112564.01
2025-10-15 10:00:00,112266.71
2025-10-15 11:00:00,111905.73
2025-10-15 12:00:00,111711.25
2025-10-15 13:00:00,111389.0
2025-10-15 14:00:00,111059.76
2025-10-15 15:00:00,110798.01
2025-10-15 16:00:00,110748.0
2025-10-15 17:00:00,111186.78
2025-10-15 18:00:00,111444.76
2025-10-15 19:00:00,111271.73
2025-10-15 20:00:00,111109.76
2025-10-15 21:00:00,110854.19
2025-10-15 22:00:00,110667.97
2025-10-15 23:00:00,110763.28
2025-10-16 00:00:00,110431.27
2025-10-16 01:00:00,111299.99
2025-10-16 02:00:00,111510.43
2025-10-16 03:00:00,111329.48
2025-10-16 04:00:00,110966.03
2025-10-16 05:00:00,110951.14
2025-10-16 06:00:00,111666.83
2025-10-16 07:00:00,110584.2
2025-10-16 08:00:00,110817.5
2025-10-16 09:00:00,111146.31
2025-10-16 10:00:00,111469.63
2025-10-16 11:00:00,111404.72
2025-10-16 12:00:00,111519.07
2025-10-16 13:00:00,110860.0
2025-10-16 14:00:00,110529.34
2025-10-16 15:00:00,108549.21
2025-10-16 16:00:00,109232.43
2025-10-16 17:00:00,108276.7
2025-10-16 18:00:00,108656.19
2025-10-16 19:00:00,108197.66
2025-10-16 20:00:00,107838.01
2025-10-16 21:00:00,108443.7
2025-10-16 22:00:00,107798.85
2025-10-16 23:00:00,108194.28
2025-10-17 00:00:00,108800.0
2025-10-17 01:00:00,108839.84
2025-10-17 02:00:00,108972.97
2025-10-17 03:00:00,109176.74
2025-10-17 04:00:00,108787.26
2025-10-17 05:00:00,108381.76
2025-10-17 06:00:00,106741.28
2025-10-17 07:00:00,105633.75
2025-10-17 08:00:00,104884.38
2025-10-17 09:00:00,104531.35
2025-10-17 10:00:00,104751.99
2025-10-17 11:00:00,105683.72
2025-10-17 12:00:00,105350.4
2025-10-17 13:00:00,105835.63
2025-10-17 14:00:00,105163.42
2025-10-17 15:00:00,106803.53
2025-10-17 16:00:00,106372.34
2025-10-17 17:00:00,106453.27
2025-10-17 18:00:00,106647.11
2025-10-17 19:00:00,106454.72
2025-10-17 20:00:00,107021.37
2025-10-17 21:00:00,107301.4
2025-10-17 22:00:00,107000.1
2025-10-17 23:00:00,106431.68
2025-10-18 00:00:00,106845.52
2025-10-18 01:00:00,107149.3
2025-10-18 02:00:00,106597.98
2025-10-18 03:00:00,107070.4
2025-10-18 04:00:00,106478.71
2025-10-18 05:00:00,106812.52
2025-10-18 06:00:00,106839.96
2025-10-18 07:00:00,106665.0
2025-10-18 08:00:00,106719.2
2025-10-18 09:00:00,106884.41
2025-10-18 10:00:00,106924.47
2025-10-18 11:00:00,107208.6
2025-10-18 12:00:00,107065.17
2025-10-18 13:00:00,106888.78
2025-10-18 14:00:00,107028.36
2025-10-18 15:00:00,106948.75
2025-10-18 16:00:00,106664.01
2025-10-18 17:00:00,106880.03
2025-10-18 18:00:00,106843.75
2025-10-18 19:00:00,107080.14
2025-10-18 20:00:00,107018.51
2025-10-18 21:00:00,107177.05
2025-10-18 22:00:00,107125.87
2025-10-18 23:00:00,107185.01
2025-10-19 00:00:00,106898.03
2025-10-19 01:00:00,106973.26
2025-10-19 02:00:00,106847.02
2025-10-19 03:00:00,107275.78
2025-10-19 04:00:00,107046.9
2025-10-19 05:00:00,106888.59
2025-10-19 06:00:00,106777.75
2025-10-19 07:00:00,106786.0
2025-10-19 08:00:00,106443.95
2025-10-19 09:00:00,107401.47
2025-10-19 10:00:00,107882.71
2025-10-19 11:00:00,107783.47
2025-10-19 12:00:00,107631.43
2025-10-19 13:00:00,108096.34
2025-10-19 14:00:00,108405.47
2025-10-19 15:00:00,108486.7
2025-10-19 16:00:00,108624.19
2025-10-19 17:00:00,109113.52
2025-10-19 18:00:00,109383.01
2025-10-19 19:00:00,108908.43
2025-10-19 20:00:00,108845.06
2025-10-19 21:00:00,108744.82
2025-10-19 22:00:00,109146.8
2025-10-19 23:00:00,108642.78
2025-10-20 00:00:00,108047.46
2025-10-20 01:00:00,108053.58
2025-10-20 02:00:00,108767.02
2025-10-20 03:00:00,110145.44
2025-10-20 04:00:00,110422.1
2025-10-20 05:00:00,111033.79
2025-10-20 06:00:00,111298.55
2025-10-20 07:00:00,111169.92
2025-10-20 08:00:00,111097.15
2025-10-20 09:00:00,110964.13
2025-10-20 10:00:00,110731.78
2025-10-20 11:00:00,111016.75
2025-10-20 12:00:00,110843.81
2025-10-20 13:00:00,111161.35
2025-10-20 14:00:00,111210.86
2025-10-20 15:00:00,111144.55
2025-10-20 16:00:00,110683.19
2025-10-20 17:00:00,110282.76
2025-10-20 18:00:00,110937.92
2025-10-20 19:00:00,110803.22
2025-10-20 20:00:00,111091.46
2025-10-20 21:00:00,110563.2
2025-10-20 22:00:00,110794.08
2025-10-20 23:00:00,110532.09
2025-10-21 00:00:00,110446.69
2025-10-21 01:00:00,109863.19
2025-10-21 02:00:00,109514.92
2025-10-21 03:00:00,109059.22
2025-10-21 04:00:00,107779.7
2025-10-21 05:00:00,107537.12
2025-10-21 06:00:00,107909.79
2025-10-21 07:00:00,108086.37
2025-10-21 08:00:00,107695.79
2025-10-21 09:00:00,107754.27
2025-10-21 10:00:00,108499.56
2025-10-21 11:00:00,108580.01
2025-10-21 12:00:00,108793.4
2025-10-21 13:00:00,108426.98
2025-10-21 14:00:00,112170.52
2025-10-21 15:00:00,113422.61
2025-10-21 16:00:00,112565.88
2025-10-21 17:00:00,111973.42
2025-10-21 18:00:00,111990.55
2025-10-21 19:00:00,111780.39
2025-10-21 20:00:00,110787.56
2025-10-21 21:00:00,110816.32
2025-10-21 22:00:00,109066.98
2025-10-21 23:00:00,108297.67
2025-10-22 00:00:00,107986.14
2025-10-22 01:00:00,108364.21
2025-10-22 02:00:00,108198.85
2025-10-22 03:00:00,108216.02
2025-10-22 04:00:00,108625.6
2025-10-22 05:00:00,108166.81
2025-10-22 06:00:00,107980.02
2025-10-22 07:00:00,108321.63
2025-10-22 08:00:00,108229.3
2025-10-22 09:00:00,107963.13
2025-10-22 10:00:00,107657.98
2025-10-22 11:00:00,107555.05
2025-10-22 12:00:00,108044.96
2025-10-22 13:00:00,108783.36
2025-10-22 14:00:00,108947.5
2025-10-22 15:00:00,108416.5
2025-10-22 16:00:00,108226.0
2025-10-22 17:00:00,107778.45
2025-10-22 18:00:00,108023.33
2025-10-22 19:00:00,107870.35
2025-10-22 20:00:00,107696.03
2025-10-22 21:00:00,107207.98
2025-10-22 22:00:00,107196.82
2025-10-22 23:00:00,107567.44
2025-10-23 00:00:00,107845.3
2025-10-23 01:00:00,108150.0
2025-10-23 02:00:00,108410.29
2025-10-23 03:00:00,108377.96
2025-10-23 04:00:00,108644.32
2025-10-23 05:00:00,108940.58
2025-10-23 06:00:00,110246.94
2025-10-23 07:00:00,109269.9
2025-10-23 08:00:00,109505.44
2025-10-23 09:00:00,109426.99
2025-10-23 10:00:00,109439.2
2025-10-23 11:00:00,109253.89
2025-10-23 12:00:00,109164.94
2025-10-23 13:00:00,109500.62
2025-10-23 14:00:00,109594.9
2025-10-23 15:00:00,109908.28
2025-10-23 16:00:00,110263.74
2025-10-23 17:00:00,111241.71
2025-10-23 18:00:00,110571.66
2025-10-23 19:00:00,110200.0
2025-10-23 20:00:00,109524.81
2025-10-23 21:00:00,109532.97
2025-10-23 22:00:00,109943.94
2025-10-23 23:00:00,110078.18
2025-10-24 00:00:00,110500.28
2025-10-24 01:00:00,110585.08
2025-10-24 02:00:00,110570.12
2025-10-24 03:00:00,110441.46
2025-10-24 04:00:00,111178.55
2025-10-24 05:00:00,111261.36
2025-10-24 06:00:00,111464.36
2025-10-24 07:00:00,111054.61
2025-10-24 08:00:00,111097.8
2025-10-24 09:00:00,111324.51
2025-10-24 10:00:00,111114.03
2025-10-24 11:00:00,111066.29
2025-10-24 12:00:00,111297.01
2025-10-24 13:00:00,110937.94
2025-10-24 14:00:00,110219.17
2025-10-24 15:00:00,110046.91
2025-10-24 16:00:00,110261.81
2025-10-24 17:00:00,110235.22
2025-10-24 18:00:00,110619.39
2025-10-24 19:00:00,110615.07
2025-10-24 20:00:00,110893.7
2025-10-24 21:00:00,111085.57
2025-10-24 22:00:00,111023.01
2025-10-24 23:00:00,111004.89
2025-10-25 00:00:00,110766.6
2025-10-25 01:00:00,111070.31
2025-10-25 02:00:00,111025.77
2025-10-25 03:00:00,111029.99
2025-10-25 04:00:00,111228.0
2025-10-25 05:00:00,111386.79
2025-10-25 06:00:00,111366.42
2025-10-25 07:00:00,111489.6
2025-10-25 08:00:00,111763.8
2025-10-25 09:00:00,111521.47
2025-10-25 10:00:00,111559.94
2025-10-25 11:00:00,111563.81
2025-10-25 12:00:00,111899.03
2025-10-25 13:00:00,111680.91
2025-10-25 14:00:00,111591.19
2025-10-25 15:00:00,111385.18
2025-10-25 16:00:00,111372.25
2025-10-25 17:00:00,111374.96
2025-10-25 18:00:00,111719.98
2025-10-25 19:00:00,111623.45
2025-10-25 20:00:00,111431.94
2025-10-25 21:00:00,111477.76
2025-10-25 22:00:00,111621.69
2025-10-25 23:00:00,111646.27
2025-10-26 00:00:00,111715.98
2025-10-26 01:00:00,111644.42
2025-10-26 02:00:00,111448.85
2025-10-26 03:00:00,111260.46
2025-10-26 04:00:00,111430.4
2025-10-26 05:00:00,111615.32
2025-10-26 06:00:00,111635.95
2025-10-26 07:00:00,111723.98
2025-10-26 08:00:00,111776.94
2025-10-26 09:00:00,112528.83
2025-10-26 10:00:00,112477.1
2025-10-26 11:00:00,113286.09
2025-10-26 12:00:00,113575.05
2025-10-26 13:00:00,113711.53
2025-10-26 14:00:00,113575.36
2025-10-26 15:00:00,113694.97
2025-10-26 16:00:00,113517.53
2025-10-26 17:00:00,113442.13
2025-10-26 18:00:00,113575.15
2025-10-26 19:00:00,113585.99
2025-10-26 20:00:00,113320.8
2025-10-26 21:00:00,113497.06
2025-10-26 22:00:00,114681.33
2025-10-26 23:00:00,114559.4
2025-10-27 00:00:00,114767.29
2025-10-27 01:00:00,115284.01
2025-10-27 02:00:00,114883.39
2025-10-27 03:00:00,114958.51
2025-10-27 04:00:00,115256.44
2025-10-27 05:00:00,115556.57
2025-10-27 06:00:00,116053.49
2025-10-27 07:00:00,115554.6
2025-10-27 08:00:00,115014.88
2025-10-27 09:00:00,115254.01
2025-10-27 10:00:00,115447.94
2025-10-27 11:00:00,115362.02
2025-10-27 12:00:00,115065.67
2025-10-27 13:00:00,115264.28
2025-10-27 14:00:00,114810.05
2025-10-27 15:00:00,114969.68
2025-10-27 16:00:00,115497.57
2025-10-27 17:00:00,115706.06
2025-10-27 18:00:00,115342.19
2025-10-27 19:00:00,114942.64
2025-10-27 20:00:00,114455.17
2025-10-27 21:00:00,114302.7
2025-10-27 22:00:00,114112.51
2025-10-27 23:00:00,114107.65
2025-10-28 00:00:00,113961.67
2025-10-28 01:00:00,114424.76
2025-10-28 02:00:00,113936.94
2025-10-28 03:00:00,113908.24
2025-10-28 04:00:00,113964.59
2025-10-28 05:00:00,113605.31
2025-10-28 06:00:00,114115.52
2025-10-28 07:00:00,114188.37
2025-10-28 08:00:00,114427.23
2025-10-28 09:00:00,114528.6
2025-10-28 10:00:00,114595.71
2025-10-28 11:00:00,114357.73
2025-10-28 12:00:00,114449.55
2025-10-28 13:00:00,115522.9
2025-10-28 14:00:00,115068.17
2025-10-28 15:00:00,114641.38
2025-10-28 16:00:00,115341.59
2025-10-28 17:00:00,115290.0
2025-10-28 18:00:00,115022.8
2025-10-28 19:00:00,113689.99
2025-10-28 20:00:00,112808.05
2025-10-28 21:00:00,112994.4
2025-10-28 22:00:00,113224.08
2025-10-28 23:00:00,112898.45
2025-10-29 00:00:00,112442.88
2025-10-29 01:00:00,112500.03
2025-10-29 02:00:00,112666.75
2025-10-29 03:00:00,112523.49
2025-10-29 04:00:00,112810.55
2025-10-29 05:00:00,113039.1
2025-10-29 06:00:00,113284.2
2025-10-29 07:00:00,113577.9
2025-10-29 08:00:00,113070.94
2025-10-29 09:00:00,112974.44
2025-10-29 10:00:00,112870.01
2025-10-29 11:00:00,113132.36
2025-10-29 12:00:00,113139.13
2025-10-29 13:00:00,112873.07
2025-10-29 14:00:00,112488.44
2025-10-29 15:00:00,111509.74
2025-10-29 16:00:00,111106.35
2025-10-29 17:00:00,111883.49
2025-10-29 18:00:00,110806.38
2025-10-29 19:00:00,110640.0
2025-10-29 20:00:00,111433.46
2025-10-29 21:00:00,111617.26
2025-10-29 22:00:00,111028.2
2025-10-29 23:00:00,110021.29
2025-10-30 00:00:00,110559.48
2025-10-30 01:00:00,110460.76
2025-10-30 02:00:00,110985.92
2025-10-30 03:00:00,110751.47
2025-10-30 04:00:00,108575.27
2025-10-30 05:00:00,110248.29
2025-10-30 06:00:00,110768.01
2025-10-30 07:00:00,111366.72
2025-10-30 08:00:00,110714.31
2025-10-30 09:00:00,110171.69
2025-10-30 10:00:00,110105.75
2025-10-30 11:00:00,109717.29
2025-10-30 12:00:00,108387.86
2025-10-30 13:00:00,107627.16
2025-10-30 14:00:00,108285.54
2025-10-30 15:00:00,107711.56
2025-10-30 16:00:00,108144.57
2025-10-30 17:00:00,107486.69
2025-10-30 18:00:00,106837.09
2025-10-30 19:00:00,106536.39
2025-10-30 20:00:00,107510.91
2025-10-30 21:00:00,107907.68
2025-10-30 22:00:00,107912.81
2025-10-30 23:00:00,108322.88
2025-10-31 00:00:00,109317.21
2025-10-31 01:00:00,109619.77
2025-10-31 02:00:00,108857.99
2025-10-31 03:00:00,109227.86
2025-10-31 04:00:00,110084.02
2025-10-31 05:00:00,109899.15
2025-10-31 06:00:00,109650.0
2025-10-31 07:00:00,109449.31
2025-10-31 08:00:00,110062.44
2025-10-31 09:00:00,109848.39
2025-10-31 10:00:00,109819.2
2025-10-31 11:00:00,110415.61
2025-10-31 12:00:00,109653.19
2025-10-31 13:00:00,110157.54
2025-10-31 14:00:00,110790.14
2025-10-31 15:00:00,110202.9
2025-10-31 16:00:00,108845.4
2025-10-31 17:00:00,109299.98
2025-10-31 18:00:00,109452.35
2025-10-31 19:00:00,109828.78
2025-10-31 20:00:00,109493.85
2025-10-31 21:00:00,109558.48
2025-10-31 22:00:00,109580.09
2025-10-31 23:00:00,109608.01
2025-11-01 00:00:00,109730.78
2025-11-01 01:00:00,109734.11
2025-11-01 02:00:00,109790.27
2025-11-01 03:00:00,110226.37
2025-11-01 04:00:00,110291.67
2025-11-01 05:00:00,110140.79
2025-11-01 06:00:00,110004.82
2025-11-01 07:00:00,110071.4
2025-11-01 08:00:00,110248.88
2025-11-01 09:00:00,109991.29
2025-11-01 10:00:00,110147.83
2025-11-01 11:00:00,110137.59
2025-11-01 12:00:00,110017.27
2025-11-01 13:00:00,109946.27
2025-11-01 14:00:00,109933.85
2025-11-01 15:00:00,110310.65
2025-11-01 16:00:00,110464.33
2025-11-01 17:00:00,110208.97
2025-11-01 18:00:00,110341.27
2025-11-01 19:00:00,110299.99
2025-11-01 20:00:00,110406.2
2025-11-01 21:00:00,109862.85
2025-11-01 22:00:00,110092.78
2025-11-01 23:00:00,110098.1
2025-11-02 00:00:00,109974.09
2025-11-02 01:00:00,109978.01
2025-11-02 02:00:00,110015.77
2025-11-02 03:00:00,110053.23
2025-11-02 04:00:00,110670.27
2025-11-02 05:00:00,110497.98
2025-11-02 06:00:00,110663.89
2025-11-02 07:00:00,110895.53
2025-11-02 08:00:00,110850.17
2025-11-02 09:00:00,110714.0
2025-11-02 10:00:00,110492.0
2025-11-02 11:00:00,111196.99
2025-11-02 12:00:00,110736.24
2025-11-02 13:00:00,110568.65
2025-11-02 14:00:00,110422.24
2025-11-02 15:00:00,110117.48
2025-11-02 16:00:00,110115.34
2025-11-02 17:00:00,110190.4
2025-11-02 18:00:00,110331.0
2025-11-02 19:00:00,110180.84
2025-11-02 20:00:00,110086.7
2025-11-02 21:00:00,109990.9
2025-11-02 22:00:00,109899.99
2025-11-02 23:00:00,110540.68
2025-11-03 00:00:00,109757.11
2025-11-03 01:00:00,109665.5
2025-11-03 02:00:00,109033.83
2025-11-03 03:00:00,107937.45
2025-11-03 04:00:00,107900.37
2025-11-03 05:00:00,107606.75
2025-11-03 06:00:00,107494.23
2025-11-03 07:00:00,107468.23
2025-11-03 08:00:00,107586.97
2025-11-03 09:00:00,107197.94
2025-11-03 10:00:00,106974.99
2025-11-03 11:00:00,107787.42
2025-11-03 12:00:00,107768.9
2025-11-03 13:00:00,107908.68
2025-11-03 14:00:00,108059.99
2025-11-03 15:00:00,105745.71
2025-11-03 16:00:00,106678.44
2025-11-03 17:00:00,107481.19
2025-11-03 18:00:00,106961.62
2025-11-03 19:00:00,107090.0
2025-11-03 20:00:00,106657.55
2025-11-03 21:00:00,106888.71
2025-11-03 22:00:00,106489.95
2025-11-03 23:00:00,106583.04
2025-11-04 00:00:00,106471.45
2025-11-04 01:00:00,107040.01
2025-11-04 02:00:00,106482.6
2025-11-04 03:00:00,107158.79
2025-11-04 04:00:00,106750.14
2025-11-04 05:00:00,104215.76
2025-11-04 06:00:00,104766.14
2025-11-04 07:00:00,104490.72
2025-11-04 08:00:00,104051.9
2025-11-04 09:00:00,103857.96
2025-11-04 10:00:00,103816.39
2025-11-04 11:00:00,104584.76
2025-11-04 12:00:00,103952.54
2025-11-04 13:00:00,103924.25
2025-11-04 14:00:00,104500.01
2025-11-04 15:00:00,103197.01
2025-11-04 16:00:00,102257.7
2025-11-04 17:00:00,101114.83
2025-11-04 18:00:00,101363.98
2025-11-04 19:00:00,100542.64
2025-11-04 20:00:00,100755.43
2025-11-04 21:00:00,100311.46
2025-11-04 22:00:00,101295.71
2025-11-04 23:00:00,101497.22
2025-11-05 00:00:00,100564.3
2025-11-05 01:00:00,100761.62
2025-11-05 02:00:00,101677.93
2025-11-05 03:00:00,102130.0
2025-11-05 04:00:00,101998.3
2025-11-05 05:00:00,101824.89
2025-11-05 06:00:00,102119.99
2025-11-05 07:00:00,101993.02
2025-11-05 08:00:00,101699.74
2025-11-05 09:00:00,101995.29
2025-11-05 10:00:00,101401.97
2025-11-05 11:00:00,102070.61
2025-11-05 12:00:00,102673.35
2025-11-05 13:00:00,102985.91
2025-11-05 14:00:00,103202.3
2025-11-05 15:00:00,103728.3
2025-11-05 16:00:00,103919.2
2025-11-05 17:00:00,103904.05
2025-11-05 18:00:00,104347.4
2025-11-05 19:00:00,104008.09
2025-11-05 20:00:00,103831.22
2025-11-05 21:00:00,103672.37
2025-11-05 22:00:00,103706.55
2025-11-05 23:00:00,103885.16
2025-11-06 00:00:00,103677.72
2025-11-06 01:00:00,103365.65
2025-11-06 02:00:00,103321.81
2025-11-06 03:00:00,103636.03
2025-11-06 04:00:00,104030.79
2025-11-06 05:00:00,103143.57
2025-11-06 06:00:00,103318.75
2025-11-06 07:00:00,103185.48
2025-11-06 08:00:00,103200.26
2025-11-06 09:00:00,102810.01
2025-11-06 10:00:00,103122.54
2025-11-06 11:00:00,103227.58
2025-11-06 12:00:00,102552.38
2025-11-06 13:00:00,103319.71
2025-11-06 14:00:00,102125.0
2025-11-06 15:00:00,102014.48
2025-11-06 16:00:00,100867.2
2025-11-06 17:00:00,101804.01
2025-11-06 18:00:00,101722.13
2025-11-06 19:00:00,101388.81
2025-11-06 20:00:00,100914.11
2025-11-06 21:00:00,101117.17
2025-11-06 22:00:00,101415.05
2025-11-06 23:00:00,101346.04
2025-11-07 00:00:00,101479.78
2025-11-07 01:00:00,101538.96
2025-11-07 02:00:00,101905.11
2025-11-07 03:00:00,101916.29
2025-11-07 04:00:00,102027.19
2025-11-07 05:00:00,102447.47
2025-11-07 06:00:00,101819.1
2025-11-07 07:00:00,102010.0
2025-11-07 08:00:00,101496.18
2025-11-07 09:00:00,101013.66
2025-11-07 10:00:00,100770.85
2025-11-07 11:00:00,100411.89
2025-11-07 12:00:00,99638.28
2025-11-07 13:00:00,100347.35
2025-11-07 14:00:00,100806.08
2025-11-07 15:00:00,100797.95
2025-11-07 16:00:00,101169.2
2025-11-07 17:00:00,102397.12
2025-11-07 18:00:00,102609.46
2025-11-07 19:00:00,103395.25
2025-11-07 20:00:00,103783.09
2025-11-07 21:00:00,103879.23
2025-11-07 22:00:00,103633.03
2025-11-07 23:00:00,103339.08
2025-11-08 00:00:00,102713.15
2025-11-08 01:00:00,102996.84
2025-11-08 02:00:00,102846.65
2025-11-08 03:00:00,102592.76
2025-11-08 04:00:00,102565.03
2025-11-08 05:00:00,102304.0
2025-11-08 06:00:00,102215.62
2025-11-08 07:00:00,102352.96
2025-11-08 08:00:00,102431.74
2025-11-08 09:00:00,102399.46
2025-11-08 10:00:00,102480.04
2025-11-08 11:00:00,101857.1
2025-11-08 12:00:00,102065.14
2025-11-08 13:00:00,101804.63
2025-11-08 14:00:00,101827.19
2025-11-08 15:00:00,101711.45
2025-11-08 16:00:00,101850.22
2025-11-08 17:00:00,101994.52
2025-11-08 18:00:00,102139.53
2025-11-08 19:00:00,101989.65
2025-11-08 20:00:00,102068.06
2025-11-08 21:00:00,102272.81
2025-11-08 22:00:00,102377.46
2025-11-08 23:00:00,102312.94
2025-11-09 00:00:00,101797.74
2025-11-09 01:00:00,102045.07
2025-11-09 02:00:00,101633.25
2025-11-09 03:00:00,101662.05
2025-11-09 04:00:00,101724.91
2025-11-09 05:00:00,101928.54
2025-11-09 06:00:00,101752.83
2025-11-09 07:00:00,101944.59
2025-11-09 08:00:00,101972.94
2025-11-09 09:00:00,101657.46
2025-11-09 10:00:00,101876.36
2025-11-09 11:00:00,102239.41
2025-11-09 12:00:00,102086.9
2025-11-09 13:00:00,102911.39
2025-11-09 14:00:00,103037.9
2025-11-09 15:00:00,103762.17
2025-11-09 16:00:00,103845.04
2025-11-09 17:00:00,103637.57
2025-11-09 18:00:00,104512.65
2025-11-09 19:00:00,104805.57
2025-11-09 20:00:00,104633.12
2025-11-09 21:00:00,104528.82
2025-11-09 22:00:00,104732.48
2025-11-09 23:00:00,104722.96
2025-11-10 00:00:00,106314.96
2025-11-10 01:00:00,105699.99
2025-11-10 02:00:00,106006.69
2025-11-10 03:00:00,106027.97
2025-11-10 04:00:00,106153.14
2025-11-10 05:00:00,106100.0
2025-11-10 06:00:00,106221.88
2025-11-10 07:00:00,106461.45
2025-11-10 08:00:00,105965.46
2025-11-10 09:00:00,106440.0
2025-11-10 10:00:00,105995.26
2025-11-10 11:00:00,106176.5
2025-11-10 12:00:00,105944.17
2025-11-10 13:00:00,106548.02
2025-11-10 14:00:00,104898.15
2025-11-10 15:00:00,105079.99
2025-11-10 16:00:00,105242.05
2025-11-10 17:00:00,105953.1
2025-11-10 18:00:00,105478.0
2025-11-10 19:00:00,105817.99
2025-11-10 20:00:00,106010.73
2025-11-10 21:00:00,105631.27
2025-11-10 22:00:00,106062.8
2025-11-10 23:00:00,106011.13
2025-11-11 00:00:00,106139.83
2025-11-11 01:00:00,106110.36
2025-11-11 02:00:00,106655.02
2025-11-11 03:00:00,106456.0
2025-11-11 04:00:00,105755.32
2025-11-11 05:00:00,105249.35
2025-11-11 06:00:00,105261.27
2025-11-11 07:00:00,104783.98
2025-11-11 08:00:00,105157.8
2025-11-11 09:00:00,104971.63
2025-11-11 10:00:00,105176.38
2025-11-11 11:00:00,105311.9
2025-11-11 12:00:00,104530.83
2025-11-11 13:00:00,104390.92
2025-11-11 14:00:00,104560.16
2025-11-11 15:00:00,103455.99
2025-11-11 16:00:00,103399.43
2025-11-11 17:00:00,103338.99
2025-11-11 18:00:00,103401.07
2025-11-11 19:00:00,103126.39
2025-11-11 20:00:00,102809.27
2025-11-11 21:00:00,102633.92
2025-11-11 22:00:00,103000.01
2025-11-11 23:00:00,103058.99
2025-11-12 00:00:00,102885.99
2025-11-12 01:00:00,103254.64
2025-11-12 02:00:00,103151.66
2025-11-12 03:00:00,103310.0
2025-11-12 04:00:00,103246.87
2025-11-12 05:00:00,103385.3
2025-11-12 06:00:00,103366.97
2025-11-12 07:00:00,103112.66
2025-11-12 08:00:00,104147.24
2025-11-12 09:00:00,104521.56
2025-11-12 10:00:00,104899.99
2025-11-12 11:00:00,105020.83
2025-11-12 12:00:00,104993.74
2025-11-12 13:00:00,105039.99
2025-11-12 14:00:00,103990.4
2025-11-12 15:00:00,102173.51
2025-11-12 16:00:00,101442.61
2025-11-12 17:00:00,101748.02
2025-11-12 18:00:00,101542.17
2025-11-12 19:00:00,101297.31
2025-11-12 20:00:00,101539.01
2025-11-12 21:00:00,101920.47
2025-11-12 22:00:00,101978.96
2025-11-12 23:00:00,101654.37
2025-11-13 00:00:00,101854.58
2025-11-13 01:00:00,102007.0
2025-11-13 02:00:00,102064.41
2025-11-13 03:00:00,102130.21
2025-11-13 04:00:00,102120.0
2025-11-13 05:00:00,103135.84
2025-11-13 06:00:00,103590.74
2025-11-13 07:00:00,103475.66
2025-11-13 08:00:00,103684.06
2025-11-13 09:00:00,102827.0
2025-11-13 10:00:00,102991.22
2025-11-13 11:00:00,102936.5
2025-11-13 12:00:00,103143.45
2025-11-13 13:00:00,102326.48
2025-11-13 14:00:00,102873.14
2025-11-13 15:00:00,101382.64
2025-11-13 16:00:00,100633.13
2025-11-13 17:00:00,99659.99
2025-11-13 18:00:00,98591.78
2025-11-13 19:00:00,98682.14
2025-11-13 20:00:00,98162.11
2025-11-13 21:00:00,98817.36
2025-11-13 22:00:00,99851.82
2025-11-13 23:00:00,99692.02
2025-11-14 00:00:00,98973.95
2025-11-14 01:00:00,99255.6
2025-11-14 02:00:00,99620.0
2025-11-14 03:00:00,99139.38
2025-11-14 04:00:00,97823.98
2025-11-14 05:00:00,97523.98
2025-11-14 06:00:00,97569.13
2025-11-14 07:00:00,97151.98
2025-11-14 08:00:00,97377.41
2025-11-14 09:00:00,96839.93
2025-11-14 10:00:00,96752.2
2025-11-14 11:00:00,96167.44
2025-11-14 12:00:00,95350.75
2025-11-14 13:00:00,95243.95
2025-11-14 14:00:00,96542.38
2025-11-14 15:00:00,96796.14
2025-11-14 16:00:00,97011.22
2025-11-14 17:00:00,95842.56
2025-11-14 18:00:00,95075.53
2025-11-14 19:00:00,95778.29
2025-11-14 20:00:00,94377.47
2025-11-14 21:00:00,95059.47
2025-11-14 22:00:00,95179.99
2025-11-14 23:00:00,94594.0
2025-11-15 00:00:00,95149.35
2025-11-15 01:00:00,95650.17
2025-11-15 02:00:00,96482.77
2025-11-15 03:00:00,96417.12
2025-11-15 04:00:00,96112.14
2025-11-15 05:00:00,96342.18
2025-11-15 06:00:00,96121.27
2025-11-15 07:00:00,96333.86
2025-11-15 08:00:00,95910.88
2025-11-15 09:00:00,95808.44
2025-11-15 10:00:00,95952.13
2025-11-15 11:00:00,95696.87
2025-11-15 12:00:00,95814.08
2025-11-15 13:00:00,96370.16
2025-11-15 14:00:00,96254.25
2025-11-15 15:00:00,96260.0
2025-11-15 16:00:00,96162.84
2025-11-15 17:00:00,96238.5
2025-11-15 18:00:00,96052.99
2025-11-15 19:00:00,96012.01
2025-11-15 20:00:00,95277.52
2025-11-15 21:00:00,95279.99
2025-11-15 22:00:00,95619.62
2025-11-15 23:00:00,95596.24
2025-11-16 00:00:00,95362.0
2025-11-16 01:00:00,95276.62
2025-11-16 02:00:00,95963.88
2025-11-16 03:00:00,95825.02
2025-11-16 04:00:00,95821.79
2025-11-16 05:00:00,95881.82
2025-11-16 06:00:00,95813.53
2025-11-16 07:00:00,96099.99
2025-11-16 08:00:00,96116.94
2025-11-16 09:00:00,96629.75
2025-11-16 10:00:00,96444.71
2025-11-16 11:00:00,95627.13
2025-11-16 12:00:00,95743.9
2025-11-16 13:00:00,95420.44
2025-11-16 14:00:00,95531.13
2025-11-16 15:00:00,94573.46
2025-11-16 16:00:00,94224.47
2025-11-16 17:00:00,94357.67
2025-11-16 18:00:00,94049.64
2025-11-16 19:00:00,94020.0
2025-11-16 20:00:00,94090.0
2025-11-16 21:00:00,93505.22
2025-11-16 22:00:00,94183.36
2025-11-16 23:00:00,94261.44
2025-11-17 00:00:00,95290.01
2025-11-17 01:00:00,94768.02
2025-11-17 02:00:00,94976.18
2025-11-17 03:00:00,95496.77
2025-11-17 04:00:00,95096.74
2025-11-17 05:00:00,95122.76
2025-11-17 06:00:00,95282.36
2025-11-17 07:00:00,95653.77
2025-11-17 08:00:00,95619.06
2025-11-17 09:00:00,95656.21
2025-11-17 10:00:00,95651.7
2025-11-17 11:00:00,95565.38
2025-11-17 12:00:00,95312.23
2025-11-17 13:00:00,93959.79
2025-11-17 14:00:00,94769.32
2025-11-17 15:00:00,93959.67
2025-11-17 16:00:00,94306.0
2025-11-17 17:00:00,92767.49
2025-11-17 18:00:00,92549.01
2025-11-17 19:00:00,91678.93
2025-11-17 20:00:00,91920.59
2025-11-17 21:00:00,91959.71
2025-11-17 22:00:00,92247.63
2025-11-17 23:00:00,92215.14
2025-11-18 00:00:00,92169.86
2025-11-18 01:00:00,91714.29
2025-11-18 02:00:00,90866.01
2025-11-18 03:00:00,90842.72
2025-11-18 04:00:00,90081.9
2025-11-18 05:00:00,90221.33
2025-11-18 06:00:00,89651.3
2025-11-18 07:00:00,90512.1
2025-11-18 08:00:00,91220.0
2025-11-18 09:00:00,91400.01
2025-11-18 10:00:00,91585.02
2025-11-18 11:00:00,91517.82
2025-11-18 12:00:00,91518.54
2025-11-18 13:00:00,91476.56
2025-11-18 14:00:00,91359.29
2025-11-18 15:00:00,92910.1
2025-11-18 16:00:00,93499.16
2025-11-18 17:00:00,93256.92
2025-11-18 18:00:00,93331.08
2025-11-18 19:00:00,93195.61
2025-11-18 20:00:00,92783.36
2025-11-18 21:00:00,92491.59
2025-11-18 22:00:00,93160.0
2025-11-18 23:00:00,92960.83
2025-11-19 00:00:00,92416.51
2025-11-19 01:00:00,92439.99
2025-11-19 02:00:00,92569.12
2025-11-19 03:00:00,91874.52
2025-11-19 04:00:00,91163.2
2025-11-19 05:00:00,90459.99
2025-11-19 06:00:00,90990.87
2025-11-19 07:00:00,91863.64
2025-11-19 08:00:00,91470.44
2025-11-19 09:00:00,91513.72
2025-11-19 10:00:00,91314.75
2025-11-19 11:00:00,91410.22
2025-11-19 12:00:00,91780.0
2025-11-19 13:00:00,91405.02
2025-11-19 14:00:00,91713.44
2025-11-19 15:00:00,89951.7
2025-11-19 16:00:00,89905.78
2025-11-19 17:00:00,89500.01
2025-11-19 18:00:00,89237.83
2025-11-19 19:00:00,88884.56
2025-11-19 20:00:00,89516.91
2025-11-19 21:00:00,90600.68
2025-11-19 22:00:00,90480.56
2025-11-19 23:00:00,91554.96
2025-11-20 00:00:00,91891.32
2025-11-20 01:00:00,92590.13
2025-11-20 02:00:00,92592.84
2025-11-20 03:00:00,92440.32
2025-11-20 04:00:00,92962.83
2025-11-20 05:00:00,92616.2
2025-11-20 06:00:00,91974.7
2025-11-20 07:00:00,92320.18
2025-11-20 08:00:00,92128.22
2025-11-20 09:00:00,91950.0
2025-11-20 10:00:00,91801.39
2025-11-20 11:00:00,91934.0
2025-11-20 12:00:00,91839.25
2025-11-20 13:00:00,91529.36
2025-11-20 14:00:00,91103.19
2025-11-20 15:00:00,89869.88
2025-11-20 16:00:00,87878.1
2025-11-20 17:00:00,87233.81
2025-11-20 18:00:00,86486.27
2025-11-20 19:00:00,86921.28
2025-11-20 20:00:00,86462.97
2025-11-20 21:00:00,87282.6
2025-11-20 22:00:00,88065.97
2025-11-20 23:00:00,86637.23
2025-11-21 00:00:00,87285.24
2025-11-21 01:00:00,87049.86
2025-11-21 02:00:00,85444.93
2025-11-21 03:00:00,85821.34
2025-11-21 04:00:00,86053.09
2025-11-21 05:00:00,86195.08
2025-11-21 06:00:00,85581.3
2025-11-21 07:00:00,84049.39
2025-11-21 08:00:00,83643.45
2025-11-21 09:00:00,82207.84
2025-11-21 10:00:00,82703.61
2025-11-21 11:00:00,82309.66
2025-11-21 12:00:00,83285.35
2025-11-21 13:00:00,84115.28
2025-11-21 14:00:00,84850.0
2025-11-21 15:00:00,82932.47
2025-11-21 16:00:00,84919.59
2025-11-21 17:00:00,84877.07
2025-11-21 18:00:00,84577.11
2025-11-21 19:00:00,84209.3
2025-11-21 20:00:00,84571.2
2025-11-21 21:00:00,85182.14
2025-11-21 22:00:00,84284.42
2025-11-21 23:00:00,85129.43
2025-11-22 00:00:00,84739.93
2025-11-22 01:00:00,85174.28
2025-11-22 02:00:00,84528.99
2025-11-22 03:00:00,84440.47
2025-11-22 04:00:00,84246.88
2025-11-22 05:00:00,84280.92
2025-11-22 06:00:00,84636.0
2025-11-22 07:00:00,84580.06
2025-11-22 08:00:00,84016.77
2025-11-22 09:00:00,83929.52
2025-11-22 10:00:00,83693.25
2025-11-22 11:00:00,84098.94
2025-11-22 12:00:00,83884.0
2025-11-22 13:00:00,83947.89
2025-11-22 14:00:00,84494.4
2025-11-22 15:00:00,84284.01
2025-11-22 16:00:00,84694.66
2025-11-22 17:00:00,84554.2
2025-11-22 18:00:00,84659.79
2025-11-22 19:00:00,84609.76
2025-11-22 20:00:00,84474.41
2025-11-22 21:00:00,84411.3
2025-11-22 22:00:00,85072.88
2025-11-22 23:00:00,84739.74
2025-11-23 00:00:00,84971.74
2025-11-23 01:00:00,85879.83
2025-11-23 02:00:00,86000.34
2025-11-23 03:00:00,86308.54
2025-11-23 04:00:00,86548.2
2025-11-23 05:00:00,86358.28
2025-11-23 06:00:00,85864.68
2025-11-23 07:00:00,85782.19
2025-11-23 08:00:00,86137.19
2025-11-23 09:00:00,86393.02
2025-11-23 10:00:00,86066.23
2025-11-23 11:00:00,86331.28
2025-11-23 12:00:00,86530.04
2025-11-23 13:00:00,86928.31
2025-11-23 14:00:00,86547.4
2025-11-23 15:00:00,87087.44
2025-11-23 16:00:00,86685.6
2025-11-23 17:00:00,86746.51
2025-11-23 18:00:00,86995.02
2025-11-23 19:00:00,87325.01
2025-11-23 20:00:00,87483.36
2025-11-23 21:00:00,87992.02
2025-11-23 22:00:00,88004.0
2025-11-23 23:00:00,86830.0
2025-11-24 00:00:00,86740.64
2025-11-24 01:00:00,87068.51
2025-11-24 02:00:00,87518.22
2025-11-24 03:00:00,87460.02
2025-11-24 04:00:00,86738.37
2025-11-24 05:00:00,87468.29
2025-11-24 06:00:00,86910.78
2025-11-24 07:00:00,87050.39
2025-11-24 08:00:00,86961.51
2025-11-24 09:00:00,85944.91
2025-11-24 10:00:00,86049.74
2025-11-24 11:00:00,86264.72
2025-11-24 12:00:00,86003.0
2025-11-24 13:00:00,86160.0
2025-11-24 14:00:00,86171.14
2025-11-24 15:00:00,86616.44
2025-11-24 16:00:00,87174.5
2025-11-24 17:00:00,88369.91
2025-11-24 18:00:00,88715.31
2025-11-24 19:00:00,88327.29
2025-11-24 20:00:00,89089.06
2025-11-24 21:00:00,88766.15
2025-11-24 22:00:00,88636.54
2025-11-24 23:00:00,88300.01
2025-11-25 00:00:00,88100.0
2025-11-25 01:00:00,87732.83
2025-11-25 02:00:00,87909.4
2025-11-25 03:00:00,87822.12
2025-11-25 04:00:00,88341.14
2025-11-25 05:00:00,88120.82
2025-11-25 06:00:00,88003.97
2025-11-25 07:00:00,87384.81
2025-11-25 08:00:00,87009.82
2025-11-25 09:00:00,87231.76
2025-11-25 10:00:00,87411.01
2025-11-25 11:00:00,87361.71
2025-11-25 12:00:00,87509.99
2025-11-25 13:00:00,87083.01
2025-11-25 14:00:00,86741.55
2025-11-25 15:00:00,86988.94
2025-11-25 16:00:00,87121.31
2025-11-25 17:00:00,87625.89
2025-11-25 18:00:00,87239.29
2025-11-25 19:00:00,86882.85
2025-11-25 20:00:00,87382.7
2025-11-25 21:00:00,87032.37
2025-11-25 22:00:00,87642.41
2025-11-25 23:00:00,87369.96
2025-11-26 00:00:00,87573.51
2025-11-26 01:00:00,87921.94
2025-11-26 02:00:00,87711.82
2025-11-26 03:00:00,87119.92
2025-11-26 04:00:00,87230.23
2025-11-26 05:00:00,87519.53
2025-11-26 06:00:00,87794.0
2025-11-26 07:00:00,87935.05
2025-11-26 08:00:00,87424.8
2025-11-26 09:00:00,86825.27
2025-11-26 10:00:00,86955.17
2025-11-26 11:00:00,87095.79
2025-11-26 12:00:00,86643.08
2025-11-26 13:00:00,87128.51
2025-11-26 14:00:00,86899.73
2025-11-26 15:00:00,86978.0
2025-11-26 16:00:00,87820.01
2025-11-26 17:00:00,89830.79
2025-11-26 18:00:00,90145.69
2025-11-26 19:00:00,89957.36
2025-11-26 20:00:00,89866.82
2025-11-26 21:00:00,90195.99
2025-11-26 22:00:00,90386.57
2025-11-26 23:00:00,90484.02
2025-11-27 00:00:00,90485.85
2025-11-27 01:00:00,91145.78
2025-11-27 02:00:00,91389.21
2025-11-27 03:00:00,91091.68
2025-11-27 04:00:00,91277.06
2025-11-27 05:00:00,90967.54
2025-11-27 06:00:00,91244.58
2025-11-27 07:00:00,91408.34
2025-11-27 08:00:00,91492.02
2025-11-27 09:00:00,91561.67
2025-11-27 10:00:00,91613.51
2025-11-27 11:00:00,91371.88
2025-11-27 12:00:00,90986.56
2025-11-27 13:00:00,90852.78
2025-11-27 14:00:00,90789.68
2025-11-27 15:00:00,90958.3
2025-11-27 16:00:00,91467.13
2025-11-27 17:00:00,91479.3
2025-11-27 18:00:00,91791.99
2025-11-27 19:00:00,91528.21
2025-11-27 20:00:00,91433.17
2025-11-27 21:00:00,91416.99
2025-11-27 22:00:00,91317.65
2025-11-27 23:00:00,91333.95
2025-11-28 00:00:00,91207.34
2025-11-28 01:00:00,90804.56
2025-11-28 02:00:00,91083.08
2025-11-28 03:00:00,91208.85
2025-11-28 04:00:00,91424.02
2025-11-28 05:00:00,91612.09
2025-11-28 06:00:00,91300.69
2025-11-28 07:00:00,90910.87
2025-11-28 08:00:00,91690.0
2025-11-28 09:00:00,91599.99
2025-11-28 10:00:00,91850.49
2025-11-28 11:00:00,91437.64
2025-11-28 12:00:00,91513.4
2025-11-28 13:00:00,92377.01
2025-11-28 14:00:00,92250.01
2025-11-28 15:00:00,92362.49
2025-11-28 16:00:00,90936.23
2025-11-28 17:00:00,90663.98
2025-11-28 18:00:00,90830.57
2025-11-28 19:00:00,91157.44
2025-11-28 20:00:00,91201.1
2025-11-28 21:00:00,90888.01
2025-11-28 22:00:00,91122.0
2025-11-28 23:00:00,90890.7
2025-11-29 00:00:00,90884.01
2025-11-29 01:00:00,90881.2
2025-11-29 02:00:00,90798.89
2025-11-29 03:00:00,90680.26
2025-11-29 04:00:00,90901.56
2025-11-29 05:00:00,90747.16
2025-11-29 06:00:00,90565.29
2025-11-29 07:00:00,90567.67
2025-11-29 08:00:00,90629.67
2025-11-29 09:00:00,90560.08
2025-11-29 10:00:00,90552.47
2025-11-29 11:00:00,90673.19
2025-11-29 12:00:00,90616.01
2025-11-29 13:00:00,90783.17
2025-11-29 14:00:00,90621.72
2025-11-29 15:00:00,91063.5
2025-11-29 16:00:00,91004.03
2025-11-29 17:00:00,90421.21
2025-11-29 18:00:00,90690.84
2025-11-29 19:00:00,90640.78
2025-11-29 20:00:00,90963.29
2025-11-29 21:00:00,91008.68
2025-11-29 22:00:00,90753.02
2025-11-29 23:00:00,90802.44
2025-11-30 00:00:00,90893.94
2025-11-30 01:00:00,90913.31
2025-11-30 02:00:00,90795.51
2025-11-30 03:00:00,90909.35
2025-11-30 04:00:00,90858.0
2025-11-30 05:00:00,90783.75
2025-11-30 06:00:00,90898.68
2025-11-30 07:00:00,90968.16
2025-11-30 08:00:00,91184.45
2025-11-30 09:00:00,91413.07
2025-11-30 10:00:00,91234.31
2025-11-30 11:00:00,91048.78
2025-11-30 12:00:00,91469.51
2025-11-30 13:00:00,91769.99
2025-11-30 14:00:00,91499.99
2025-11-30 15:00:00,91435.31
2025-11-30 16:00:00,91825.18
2025-11-30 17:00:00,91488.19
2025-11-30 18:00:00,91459.9
2025-11-30 19:00:00,91460.79
2025-11-30 20:00:00,91315.6
2025-11-30 21:00:00,91174.22
2025-11-30 22:00:00,91225.28
2025-11-30 23:00:00,90360.0
2025-12-01 00:00:00,87000.0
2025-12-01 01:00:00,87168.91
2025-12-01 02:00:00,86722.29
2025-12-01 03:00:00,86346.13
2025-12-01 04:00:00,85801.03
2025-12-01 05:00:00,86001.08
2025-12-01 06:00:00,86234.16
2025-12-01 07:00:00,86550.3
2025-12-01 08:00:00,86869.51
2025-12-01 09:00:00,86704.86
2025-12-01 10:00:00,86647.73
2025-12-01 11:00:00,86149.15
2025-12-01 12:00:00,85430.64
2025-12-01 13:00:00,85986.85
2025-12-01 14:00:00,86067.9
2025-12-01 15:00:00,84677.87
2025-12-01 16:00:00,84571.8
2025-12-01 17:00:00,84920.3
2025-12-01 18:00:00,85199.48
2025-12-01 19:00:00,85024.5
2025-12-01 20:00:00,85518.0
2025-12-01 21:00:00,86436.65
2025-12-01 22:00:00,86572.65
2025-12-01 23:00:00,86286.01
2025-12-02 00:00:00,86513.33
2025-12-02 01:00:00,86454.93
2025-12-02 02:00:00,86554.47
2025-12-02 03:00:00,86976.99
2025-12-02 04:00:00,86970.28
2025-12-02 05:00:00,87008.2
2025-12-02 06:00:00,87090.46
2025-12-02 07:00:00,87012.65
2025-12-02 08:00:00,86471.89
2025-12-02 09:00:00,86769.87
2025-12-02 10:00:00,87272.44
2025-12-02 11:00:00,87368.92
2025-12-02 12:00:00,87264.2
2025-12-02 13:00:00,87731.41
2025-12-02 14:00:00,89271.99
2025-12-02 15:00:00,90850.01
2025-12-02 16:00:00,90759.15
2025-12-02 17:00:00,91458.4
2025-12-02 18:00:00,91954.49
2025-12-02 19:00:00,91903.39
2025-12-02 20:00:00,91026.67
2025-12-02 21:00:00,91562.43
2025-12-02 22:00:00,91981.91
2025-12-02 23:00:00,91277.88
2025-12-03 00:00:00,91660.12
2025-12-03 01:00:00,92251.63
2025-12-03 02:00:00,92817.92
2025-12-03 03:00:00,92628.91
2025-12-03 04:00:00,93362.21
2025-12-03 05:00:00,93642.92
2025-12-03 06:00:00,93431.8
2025-12-03 07:00:00,92999.99
2025-12-03 08:00:00,92765.65
2025-12-03 09:00:00,93178.46
2025-12-03 10:00:00,92939.4
2025-12-03 11:00:00,93005.68
2025-12-03 12:00:00,92937.39
2025-12-03 13:00:00,93130.88
2025-12-03 14:00:00,92357.54
2025-12-03 15:00:00,92373.3
2025-12-03 16:00:00,92242.24
2025-12-03 17:00:00,92956.22
2025-12-03 18:00:00,92623.86
2025-12-03 19:00:00,93024.99
2025-12-03 20:00:00,92980.43
2025-12-03 21:00:00,93700.0
2025-12-03 22:00:00,93781.01
2025-12-03 23:00:00,93429.95
2025-12-04 00:00:00,93054.86
2025-12-04 01:00:00,93195.07
2025-12-04 02:00:00,93943.24
2025-12-04 03:00:00,93543.04
2025-12-04 04:00:00,93360.58
2025-12-04 05:00:00,92979.25
2025-12-04 06:00:00,93140.74
2025-12-04 07:00:00,93397.67
2025-12-04 08:00:00,93260.63
2025-12-04 09:00:00,93454.7
2025-12-04 10:00:00,93260.0
2025-12-04 11:00:00,92948.31
2025-12-04 12:00:00,92990.18
2025-12-04 13:00:00,92516.38
2025-12-04 14:00:00,91894.01
2025-12-04 15:00:00,92971.49
2025-12-04 16:00:00,92431.72
2025-12-04 17:00:00,92426.76
2025-12-04 18:00:00,92127.52
2025-12-04 19:00:00,91975.44
2025-12-04 20:00:00,92476.25
2025-12-04 21:00:00,92158.23
2025-12-04 22:00:00,92348.78
2025-12-04 23:00:00,92078.06
2025-12-05 00:00:00,92299.08
2025-12-05 01:00:00,92358.03
2025-12-05 02:00:00,92518.4
2025-12-05 03:00:00,92142.75
2025-12-05 04:00:00,92028.14
2025-12-05 05:00:00,91932.85
2025-12-05 06:00:00,92275.26
2025-12-05 07:00:00,92258.65
2025-12-05 08:00:00,92112.04
2025-12-05 09:00:00,91128.56
2025-12-05 10:00:00,91272.85
2025-12-05 11:00:00,91351.43
2025-12-05 12:00:00,91242.4
2025-12-05 13:00:00,90465.14
2025-12-05 14:00:00,90287.67
2025-12-05 15:00:00,90459.35
2025-12-05 16:00:00,88810.89
2025-12-05 17:00:00,89336.13
2025-12-05 18:00:00,88936.04
2025-12-05 19:00:00,89629.26
2025-12-05 20:00:00,89301.75
2025-12-05 21:00:00,89177.68
2025-12-05 22:00:00,89232.47
2025-12-05 23:00:00,89330.04
2025-12-06 00:00:00,89422.25
2025-12-06 01:00:00,89333.83
2025-12-06 02:00:00,89390.9
2025-12-06 03:00:00,89688.35
2025-12-06 04:00:00,89659.01
2025-12-06 05:00:00,89604.98
2025-12-06 06:00:00,89688.65
2025-12-06 07:00:00,89597.13
2025-12-06 08:00:00,89277.14
2025-12-06 09:00:00,89574.12
2025-12-06 10:00:00,89506.0
2025-12-06 11:00:00,89631.28
2025-12-06 12:00:00,89581.19
2025-12-06 13:00:00,89673.73
2025-12-06 14:00:00,90004.76
2025-12-06 15:00:00,89758.77
2025-12-06 16:00:00,89707.8
2025-12-06 17:00:00,89712.85
2025-12-06 18:00:00,89646.71
2025-12-06 19:00:00,89405.64
2025-12-06 20:00:00,89548.88
2025-12-06 21:00:00,89420.28
2025-12-06 22:00:00,89285.94
2025-12-06 23:00:00,89236.79
2025-12-07 00:00:00,89392.39
2025-12-07 01:00:00,89300.0
2025-12-07 02:00:00,89621.96
2025-12-07 03:00:00,89722.37
2025-12-07 04:00:00,89535.95
2025-12-07 05:00:00,89515.01
2025-12-07 06:00:00,89709.99
2025-12-07 07:00:00,89379.72
2025-12-07 08:00:00,89316.61
2025-12-07 09:00:00,89104.23
2025-12-07 10:00:00,89240.18
2025-12-07 11:00:00,89149.18
2025-12-07 12:00:00,89475.9
2025-12-07 13:00:00,89053.74
2025-12-07 14:00:00,88220.53
2025-12-07 15:00:00,89554.52
2025-12-07 16:00:00,89893.38
2025-12-07 17:00:00,90945.17
2025-12-07 18:00:00,91363.78
2025-12-07 19:00:00,91425.52
2025-12-07 20:00:00,91439.04
2025-12-07 21:00:00,90231.32
2025-12-07 22:00:00,89597.03
2025-12-07 23:00:00,90395.31
2025-12-08 00:00:00,90346.7
2025-12-08 01:00:00,90910.7
2025-12-08 02:00:00,91364.18
2025-12-08 03:00:00,91068.29
2025-12-08 04:00:00,91291.33
2025-12-08 05:00:00,91334.03
2025-12-08 06:00:00,91464.54
2025-12-08 07:00:00,91565.46
2025-12-08 08:00:00,91833.9
2025-12-08 09:00:00,91912.02
2025-12-08 10:00:00,92133.4
2025-12-08 11:00:00,91968.29
2025-12-08 12:00:00,91768.96
2025-12-08 13:00:00,91467.82
2025-12-08 14:00:00,90852.56
2025-12-08 15:00:00,89961.37
2025-12-08 16:00:00,89978.48
2025-12-08 17:00:00,90257.98
2025-12-08 18:00:00,89921.68
2025-12-08 19:00:00,90124.48
2025-12-08 20:00:00,90799.92
2025-12-08 21:00:00,91316.01
2025-12-08 22:00:00,90833.86
2025-12-08 23:00:00,90634.34
2025-12-09 00:00:00,90396.73
2025-12-09 01:00:00,90055.8
2025-12-09 02:00:00,90068.2
2025-12-09 03:00:00,90405.01
2025-12-09 04:00:00,89917.53
2025-12-09 05:00:00,89899.35
2025-12-09 06:00:00,90166.84
2025-12-09 07:00:00,90496.8
2025-12-09 08:00:00,90498.72
2025-12-09 09:00:00,90131.59
2025-12-09 10:00:00,90298.45
2025-12-09 11:00:00,90384.55
2025-12-09 12:00:00,90580.0
2025-12-09 13:00:00,90431.03
2025-12-09 14:00:00,90357.59
2025-12-09 15:00:00,92707.51
2025-12-09 16:00:00,94187.81
2025-12-09 17:00:00,93917.99
2025-12-09 18:00:00,93920.48
2025-12-09 19:00:00,93800.83
2025-12-09 20:00:00,93116.76
2025-12-09 21:00:00,92640.0
2025-12-09 22:00:00,92884.0
2025-12-09 23:00:00,92678.8
2025-12-10 00:00:00,92130.81
2025-12-10 01:00:00,92316.36
2025-12-10 02:00:00,92495.68
2025-12-10 03:00:00,92410.62
2025-12-10 04:00:00,92552.62
2025-12-10 05:00:00,92556.28
2025-12-10 06:00:00,92700.0
2025-12-10 07:00:00,92782.91
2025-12-10 08:00:00,92605.0
2025-12-10 09:00:00,92920.01
2025-12-10 10:00:00,92272.66
2025-12-10 11:00:00,92120.45
2025-12-10 12:00:00,91987.22
2025-12-10 13:00:00,92093.66
2025-12-10 14:00:00,91831.24
2025-12-10 15:00:00,92063.69
2025-12-10 16:00:00,92174.11
2025-12-10 17:00:00,92396.23
2025-12-10 18:00:00,92503.48
2025-12-10 19:00:00,92957.67
2025-12-10 20:00:00,92453.89
2025-12-10 21:00:00,92356.38
2025-12-10 22:00:00,92509.94
2025-12-10 23:00:00,92015.37
2025-12-11 00:00:00,91386.17
2025-12-11 01:00:00,90674.74
2025-12-11 02:00:00,90074.0
2025-12-11 03:00:00,89880.01
2025-12-11 04:00:00,90436.55
2025-12-11 05:00:00,90316.72
2025-12-11 06:00:00,90301.35
2025-12-11 07:00:00,90272.75
2025-12-11 08:00:00,90183.71
2025-12-11 09:00:00,90234.19
2025-12-11 10:00:00,90320.15
2025-12-11 11:00:00,90242.35
2025-12-11 12:00:00,90032.31
2025-12-11 13:00:00,90103.53
2025-12-11 14:00:00,89545.24
2025-12-11 15:00:00,89872.51
2025-12-11 16:00:00,89737.11
2025-12-11 17:00:00,89983.23
2025-12-11 18:00:00,90710.5
2025-12-11 19:00:00,90839.81
2025-12-11 20:00:00,91792.99
2025-12-11 21:00:00,92858.39
2025-12-11 22:00:00,92352.0
2025-12-11 23:00:00,92513.38
2025-12-12 00:00:00,91573.88
2025-12-12 01:00:00,92170.0
2025-12-12 02:00:00,92588.79
2025-12-12 03:00:00,92283.4
2025-12-12 04:00:00,92396.69
2025-12-12 05:00:00,92444.42
2025-12-12 06:00:00,92513.34
2025-12-12 07:00:00,92425.34
2025-12-12 08:00:00,92342.39
2025-12-12 09:00:00,92520.56
2025-12-12 10:00:00,92492.32
2025-12-12 11:00:00,92418.19
2025-12-12 12:00:00,92419.99
2025-12-12 13:00:00,92302.79
2025-12-12 14:00:00,92444.0
2025-12-12 15:00:00,89935.14
2025-12-12 16:00:00,90046.54
2025-12-12 17:00:00,90083.09
2025-12-12 18:00:00,90372.0
2025-12-12 19:00:00,90198.22
2025-12-12 20:00:00,90214.08
2025-12-12 21:00:00,90193.94
2025-12-12 22:00:00,90335.92
2025-12-12 23:00:00,90268.42
2025-12-13 00:00:00,90323.01
2025-12-13 01:00:00,90229.91
2025-12-13 02:00:00,90232.77
2025-12-13 03:00:00,90345.54
2025-12-13 04:00:00,90371.81
2025-12-13 05:00:00,90342.91
2025-12-13 06:00:00,90351.45
2025-12-13 07:00:00,90329.97
2025-12-13 08:00:00,90458.19
2025-12-13 09:00:00,90422.57
2025-12-13 10:00:00,90595.13
2025-12-13 11:00:00,90330.36
2025-12-13 12:00:00,90341.05
2025-12-13 13:00:00,90245.87
2025-12-13 14:00:00,90079.7
2025-12-13 15:00:00,90092.16
2025-12-13 16:00:00,90087.28
2025-12-13 17:00:00,90052.61
2025-12-13 18:00:00,90119.89
2025-12-13 19:00:00,90178.16
2025-12-13 20:00:00,90088.31
2025-12-13 21:00:00,90175.97
2025-12-13 22:00:00,90140.1
2025-12-13 23:00:00,90240.01
2025-12-14 00:00:00,90340.0
2025-12-14 01:00:00,90293.29
2025-12-14 02:00:00,90290.17
2025-12-14 03:00:00,90258.98
2025-12-14 04:00:00,90201.5
2025-12-14 05:00:00,90199.06
2025-12-14 06:00:00,90145.26
2025-12-14 07:00:00,90245.6
2025-12-14 08:00:00,90108.28
2025-12-14 09:00:00,90020.06
2025-12-14 10:00:00,89853.69
2025-12-14 11:00:00,89360.0
2025-12-14 12:00:00,89431.65
2025-12-14 13:00:00,89489.5
2025-12-14 14:00:00,89118.04
2025-12-14 15:00:00,89022.91
2025-12-14 16:00:00,88836.98
2025-12-14 17:00:00,88810.67
2025-12-14 18:00:00,88997.28
2025-12-14 19:00:00,88644.88
2025-12-14 20:00:00,88558.97
2025-12-14 21:00:00,88443.85
2025-12-14 22:00:00,88415.29
2025-12-14 23:00:00,88172.17
2025-12-15 00:00:00,88465.9
2025-12-15 01:00:00,89242.32
2025-12-15 02:00:00,89321.85
2025-12-15 03:00:00,89282.6
2025-12-15 04:00:00,89667.64
2025-12-15 05:00:00,89615.24
2025-12-15 06:00:00,89735.88
2025-12-15 07:00:00,89753.42
2025-12-15 08:00:00,89770.01
2025-12-15 09:00:00,89865.12
2025-12-15 10:00:00,89858.95
2025-12-15 11:00:00,89641.28
2025-12-15 12:00:00,89695.75
2025-12-15 13:00:00,89432.0
2025-12-15 14:00:00,88050.01
2025-12-15 15:00:00,87033.22
2025-12-15 16:00:00,86400.01
2025-12-15 17:00:00,85762.87
2025-12-15 18:00:00,86185.39
2025-12-15 19:00:00,86149.96
2025-12-15 20:00:00,85787.04
2025-12-15 21:00:00,86243.78
2025-12-15 22:00:00,86259.31
2025-12-15 23:00:00,86432.08
2025-12-16 00:00:00,85865.48
2025-12-16 01:00:00,85891.02
2025-12-16 02:00:00,85944.01
2025-12-16 03:00:00,85875.92
2025-12-16 04:00:00,85838.51
2025-12-16 05:00:00,86028.11
2025-12-16 06:00:00,86508.0
2025-12-16 07:00:00,86021.51
2025-12-16 08:00:00,86281.18
2025-12-16 09:00:00,86350.0
2025-12-16 10:00:00,86980.01
2025-12-16 11:00:00,87261.45
2025-12-16 12:00:00,87212.98
2025-12-16 13:00:00,86443.02
2025-12-16 14:00:00,87297.99
2025-12-16 15:00:00,87977.43
2025-12-16 16:00:00,87588.26
2025-12-16 17:00:00,87131.99
2025-12-16 18:00:00,87781.35
2025-12-16 19:00:00,87585.77
2025-12-16 20:00:00,87573.23
2025-12-16 21:00:00,87768.59
2025-12-16 22:00:00,87783.34
2025-12-16 23:00:00,87863.42
2025-12-17 00:00:00,87537.21
2025-12-17 01:00:00,87552.3
2025-12-17 02:00:00,87483.04
2025-12-17 03:00:00,87213.59
2025-12-17 04:00:00,86752.26
2025-12-17 05:00:00,86626.39
2025-12-17 06:00:00,86777.98
2025-12-17 07:00:00,87045.59
2025-12-17 08:00:00,86395.66
2025-12-17 09:00:00,86417.46
2025-12-17 10:00:00,86624.49
2025-12-17 11:00:00,86983.26
2025-12-17 12:00:00,87029.55
2025-12-17 13:00:00,87631.37
2025-12-17 14:00:00,89675.85
2025-12-17 15:00:00,87233.44
2025-12-17 16:00:00,86986.51
2025-12-17 17:00:00,86427.12
2025-12-17 18:00:00,85829.22
2025-12-17 19:00:00,86018.53
2025-12-17 20:00:00,85891.18
2025-12-17 21:00:00,85982.88
2025-12-17 22:00:00,86339.09
2025-12-17 23:00:00,86243.22
2025-12-18 00:00:00,86230.74
2025-12-18 01:00:00,86119.21
2025-12-18 02:00:00,86699.64
2025-12-18 03:00:00,86618.34
2025-12-18 04:00:00,86765.43
2025-12-18 05:00:00,86440.9
2025-12-18 06:00:00,86645.93
2025-12-18 07:00:00,86833.84
2025-12-18 08:00:00,86978.98
2025-12-18 09:00:00,87280.95
2025-12-18 10:00:00,87341.95
2025-12-18 11:00:00,87300.74
2025-12-18 12:00:00,87259.99
2025-12-18 13:00:00,88851.7
2025-12-18 14:00:00,88345.2
2025-12-18 15:00:00,88513.44
2025-12-18 16:00:00,88014.0
2025-12-18 17:00:00,86483.56
2025-12-18 18:00:00,85970.0
2025-12-18 19:00:00,84483.79
2025-12-18 20:00:00,84582.65
2025-12-18 21:00:00,85630.95
2025-12-18 22:00:00,85582.88
2025-12-18 23:00:00,85516.41
2025-12-19 00:00:00,85604.88
2025-12-19 01:00:00,85320.43
2025-12-19 02:00:00,85643.44
2025-12-19 03:00:00,86891.39
2025-12-19 04:00:00,87103.34
2025-12-19 05:00:00,87139.95
2025-12-19 06:00:00,87483.41
2025-12-19 07:00:00,87953.4
2025-12-19 08:00:00,88102.78
2025-12-19 09:00:00,88105.03
2025-12-19 10:00:00,88267.09
2025-12-19 11:00:00,88198.7
2025-12-19 12:00:00,87855.92
2025-12-19 13:00:00,87997.14
2025-12-19 14:00:00,88180.01
2025-12-19 15:00:00,87951.87
2025-12-19 16:00:00,87983.25
2025-12-19 17:00:00,86943.25
2025-12-19 18:00:00,87155.44
2025-12-19 19:00:00,87845.92
2025-12-19 20:00:00,88099.6
2025-12-19 21:00:00,87839.4
2025-12-19 22:00:00,88344.78
2025-12-19 23:00:00,88136.94
2025-12-20 00:00:00,88005.63
2025-12-20 01:00:00,88075.89
2025-12-20 02:00:00,88204.04
2025-12-20 03:00:00,88214.98
2025-12-20 04:00:00,88295.37
2025-12-20 05:00:00,88295.31
2025-12-20 06:00:00,88305.81
2025-12-20 07:00:00,88275.41
2025-12-20 08:00:00,88257.21
2025-12-20 09:00:00,88224.0
2025-12-20 10:00:00,88163.99
2025-12-20 11:00:00,88277.66
2025-12-20 12:00:00,88256.08
2025-12-20 13:00:00,88270.39
2025-12-20 14:00:00,88260.88
2025-12-20 15:00:00,88178.71
2025-12-20 16:00:00,88149.72
2025-12-20 17:00:00,88181.8
2025-12-20 18:00:00,88313.21
2025-12-20 19:00:00,88232.92
2025-12-20 20:00:00,88271.6
2025-12-20 21:00:00,88208.73
2025-12-20 22:00:00,88279.35
2025-12-20 23:00:00,88360.9
2025-12-21 00:00:00,88387.92
2025-12-21 01:00:00,88011.83
2025-12-21 02:00:00,87943.76
2025-12-21 03:00:00,88070.64
2025-12-21 04:00:00,88065.83
2025-12-21 05:00:00,88138.95
2025-12-21 06:00:00,88090.72
2025-12-21 07:00:00,88174.79
2025-12-21 08:00:00,88537.87
2025-12-21 09:00:00,88892.82
2025-12-21 10:00:00,88669.78
2025-12-21 11:00:00,88601.57
2025-12-21 12:00:00,88638.01
2025-12-21 13:00:00,87670.1
2025-12-21 14:00:00,88065.18
2025-12-21 15:00:00,88067.95
2025-12-21 16:00:00,88359.18
2025-12-21 17:00:00,88324.14
2025-12-21 18:00:00,88445.09
2025-12-21 19:00:00,88484.01
2025-12-21 20:00:00,88230.96
2025-12-21 21:00:00,88162.86
2025-12-21 22:00:00,88483.63
2025-12-21 23:00:00,88658.86
2025-12-22 00:00:00,88622.4
2025-12-22 01:00:00,88626.31
2025-12-22 02:00:00,88458.27
2025-12-22 03:00:00,88774.12
2025-12-22 04:00:00,88904.99
2025-12-22 05:00:00,88831.34
2025-12-22 06:00:00,88909.26
2025-12-22 07:00:00,89170.1
2025-12-22 08:00:00,89334.2
2025-12-22 09:00:00,89829.6
2025-12-22 10:00:00,89778.94
2025-12-22 11:00:00,89945.43
2025-12-22 12:00:00,90208.48
2025-12-22 13:00:00,89912.37
2025-12-22 14:00:00,90126.43
2025-12-22 15:00:00,89726.92
2025-12-22 16:00:00,89550.0
2025-12-22 17:00:00,89308.92
2025-12-22 18:00:00,89150.04
2025-12-22 19:00:00,88052.43
2025-12-22 20:00:00,88351.03
2025-12-22 21:00:00,88275.06
2025-12-22 22:00:00,88660.07
2025-12-22 23:00:00,88620.79
2025-12-23 00:00:00,88770.47
2025-12-23 01:00:00,88513.71
2025-12-23 02:00:00,88206.8
2025-12-23 03:00:00,88170.0
2025-12-23 04:00:00,87930.99
2025-12-23 05:00:00,87765.01
2025-12-23 06:00:00,87400.01
2025-12-23 07:00:00,87574.79
2025-12-23 08:00:00,87477.15
2025-12-23 09:00:00,87531.85
2025-12-23 10:00:00,87615.93
2025-12-23 11:00:00,87856.65
2025-12-23 12:00:00,87789.18
2025-12-23 13:00:00,87616.67
2025-12-23 14:00:00,86874.0
2025-12-23 15:00:00,87443.45
2025-12-23 16:00:00,88003.63
2025-12-23 17:00:00,87180.01
2025-12-23 18:00:00,87975.01
2025-12-23 19:00:00,87752.87
2025-12-23 20:00:00,87691.5
2025-12-23 21:00:00,87722.89
2025-12-23 22:00:00,87399.45
2025-12-23 23:00:00,87486.0
2025-12-24 00:00:00,87660.47
2025-12-24 01:00:00,87632.51
2025-12-24 02:00:00,87134.39
2025-12-24 03:00:00,87336.23
2025-12-24 04:00:00,87147.65
2025-12-24 05:00:00,86957.9
2025-12-24 06:00:00,87019.21
2025-12-24 07:00:00,86911.53
2025-12-24 08:00:00,86795.56
2025-12-24 09:00:00,86812.8
2025-12-24 10:00:00,87077.66
2025-12-24 11:00:00,87203.94
2025-12-24 12:00:00,87428.51
2025-12-24 13:00:00,87286.9
2025-12-24 14:00:00,86994.7
2025-12-24 15:00:00,87049.99
2025-12-24 16:00:00,87283.23
2025-12-24 17:00:00,87322.77
2025-12-24 18:00:00,87470.65
2025-12-24 19:00:00,87566.06
2025-12-24 20:00:00,87556.2
2025-12-24 21:00:00,87696.33
2025-12-24 22:00:00,88009.81
2025-12-24 23:00:00,87669.45
2025-12-25 00:00:00,87568.37
2025-12-25 01:00:00,87699.99
2025-12-25 02:00:00,87892.66
2025-12-25 03:00:00,87840.42
2025-12-25 04:00:00,87773.33
2025-12-25 05:00:00,87750.55
2025-12-25 06:00:00,87836.42
2025-12-25 07:00:00,87837.59
2025-12-25 08:00:00,87584.65
2025-12-25 09:00:00,87526.48
2025-12-25 10:00:00,87414.14
2025-12-25 11:00:00,87519.44
2025-12-25 12:00:00,87566.0
2025-12-25 13:00:00,87638.25
2025-12-25 14:00:00,87718.21
2025-12-25 15:00:00,88371.27
2025-12-25 16:00:00,88086.72
2025-12-25 17:00:00,88139.08
2025-12-25 18:00:00,88241.26
2025-12-25 19:00:00,88151.18
2025-12-25 20:00:00,87892.69
2025-12-25 21:00:00,87901.21
2025-12-25 22:00:00,87650.0
2025-12-25 23:00:00,87225.27
2025-12-26 00:00:00,87120.0
2025-12-26 01:00:00,87432.26
2025-12-26 02:00:00,89199.99
2025-12-26 03:00:00,88844.87
2025-12-26 04:00:00,88969.24
2025-12-26 05:00:00,88996.58
2025-12-26 06:00:00,89124.24
2025-12-26 07:00:00,88470.75
2025-12-26 08:00:00,88742.28
2025-12-26 09:00:00,88811.76
2025-12-26 10:00:00,88748.34
2025-12-26 11:00:00,88533.42
2025-12-26 12:00:00,88678.9
2025-12-26 13:00:00,88992.88
2025-12-26 14:00:00,87380.43
2025-12-26 15:00:00,87137.81
2025-12-26 16:00:00,86855.82
2025-12-26 17:00:00,87331.91
2025-12-26 18:00:00,87277.77
2025-12-26 19:00:00,87501.83
2025-12-26 20:00:00,87585.77
2025-12-26 21:00:00,87470.59
2025-12-26 22:00:00,87550.0
2025-12-26 23:00:00,87369.56
2025-12-27 00:00:00,87401.07
2025-12-27 01:00:00,87475.03
2025-12-27 02:00:00,87446.02
2025-12-27 03:00:00,87514.22
2025-12-27 04:00:00,87470.19
2025-12-27 05:00:00,87506.0
2025-12-27 06:00:00,87469.02
2025-12-27 07:00:00,87539.26
2025-12-27 08:00:00,87593.0
2025-12-27 09:00:00,87618.91
2025-12-27 10:00:00,87503.01
2025-12-27 11:00:00,87475.98
2025-12-27 12:00:00,87474.28
2025-12-27 13:00:00,87452.78
2025-12-27 14:00:00,87544.9
2025-12-27 15:00:00,87551.25
2025-12-27 16:00:00,87498.41
2025-12-27 17:00:00,87562.58
2025-12-27 18:00:00,87500.01
2025-12-27 19:00:00,87569.39
2025-12-27 20:00:00,87555.92
2025-12-27 21:00:00,87668.22
2025-12-27 22:00:00,87565.99
2025-12-27 23:00:00,87877.01
2025-12-28 00:00:00,87854.96
2025-12-28 01:00:00,87785.96
2025-12-28 02:00:00,87810.78
2025-12-28 03:00:00,87740.01
2025-12-28 04:00:00,87724.87
2025-12-28 05:00:00,87657.93
2025-12-28 06:00:00,87732.0
2025-12-28 07:00:00,87730.85
2025-12-28 08:00:00,87805.0
2025-12-28 09:00:00,87800.0
2025-12-28 10:00:00,87856.91
2025-12-28 11:00:00,87883.25
2025-12-28 12:00:00,87850.6
2025-12-28 13:00:00,87896.59
2025-12-28 14:00:00,87910.0
2025-12-28 15:00:00,87836.27
2025-12-28 16:00:00,87814.04
2025-12-28 17:00:00,87760.0
2025-12-28 18:00:00,87598.49
2025-12-28 19:00:00,87520.75
2025-12-28 20:00:00,87514.76
2025-12-28 21:00:00,87588.37
2025-12-28 22:00:00,87900.09
2025-12-28 23:00:00,87952.71
2025-12-29 00:00:00,88295.69
2025-12-29 01:00:00,88445.57
2025-12-29 02:00:00,89163.25
2025-12-29 03:00:00,90123.55
2025-12-29 04:00:00,90143.06
2025-12-29 05:00:00,89984.0
2025-12-29 06:00:00,89777.26
2025-12-29 07:00:00,89617.71
2025-12-29 08:00:00,89555.1
2025-12-29 09:00:00,88100.05
2025-12-29 10:00:00,87780.01
2025-12-29 11:00:00,87567.66
2025-12-29 12:00:00,87397.0
2025-12-29 13:00:00,87387.71
2025-12-29 14:00:00,87429.96
2025-12-29 15:00:00,87691.62
2025-12-29 16:00:00,87627.11
2025-12-29 17:00:00,87849.99
2025-12-29 18:00:00,87464.77
2025-12-29 19:00:00,87366.23
2025-12-29 20:00:00,87212.01
2025-12-29 21:00:00,87337.85
2025-12-29 22:00:00,87351.05
2025-12-29 23:00:00,87237.13
2025-12-30 00:00:00,87250.23
2025-12-30 01:00:00,87308.23
2025-12-30 02:00:00,87111.0
2025-12-30 03:00:00,87379.0
2025-12-30 04:00:00,87300.0
2025-12-30 05:00:00,87255.97
2025-12-30 06:00:00,87443.17
2025-12-30 07:00:00,87502.85
2025-12-30 08:00:00,87872.68
2025-12-30 09:00:00,87992.7
2025-12-30 10:00:00,87949.51
2025-12-30 11:00:00,87903.89
2025-12-30 12:00:00,88023.54
2025-12-30 13:00:00,88110.02
2025-12-30 14:00:00,88875.83
2025-12-30 15:00:00,89016.35
2025-12-30 16:00:00,88742.63
2025-12-30 17:00:00,88371.34
2025-12-30 18:00:00,88304.0
2025-12-30 19:00:00,88226.16
2025-12-30 20:00:00,87947.15
2025-12-30 21:00:00,88287.27
2025-12-30 22:00:00,88430.19
2025-12-30 23:00:00,88485.49
2025-12-31 00:00:00,88255.54
2025-12-31 01:00:00,88649.33
2025-12-31 02:00:00,88673.6
2025-12-31 03:00:00,88453.04
2025-12-31 04:00:00,88325.06
2025-12-31 05:00:00,88463.09
2025-12-31 06:00:00,88512.92
2025-12-31 07:00:00,88613.12
2025-12-31 08:00:00,88434.65
2025-12-31 09:00:00,88660.1
2025-12-31 10:00:00,88847.26
2025-12-31 11:00:00,89011.52
2025-12-31 12:00:00,88775.96
2025-12-31 13:00:00,88991.88
2025-12-31 14:00:00,88479.99
2025-12-31 15:00:00,87953.97
2025-12-31 16:00:00,87656.98
2025-12-31 17:00:00,87620.82
2025-12-31 18:00:00,87684.07
2025-12-31 19:00:00,87541.85
2025-12-31 20:00:00,87662.01
2025-12-31 21:00:00,87799.97
2025-12-31 22:00:00,87728.29
2025-12-31 23:00:00,87648.22
2026-01-01 00:00:00,87809.23
2026-01-01 01:00:00,87960.0
2026-01-01 02:00:00,87914.0
2026-01-01 03:00:00,87846.02
2026-01-01 04:00:00,87590.4
2026-01-01 05:00:00,87704.39
2026-01-01 06:00:00,87658.0
2026-01-01 07:00:00,87631.88
2026-01-01 08:00:00,87770.9
2026-01-01 09:00:00,87877.99
2026-01-01 10:00:00,87863.76
2026-01-01 11:00:00,88024.64
2026-01-01 12:00:00,87950.0
2026-01-01 13:00:00,87922.64
2026-01-01 14:00:00,87967.05
2026-01-01 15:00:00,88032.18
2026-01-01 16:00:00,87988.76
2026-01-01 17:00:00,88316.37
2026-01-01 18:00:00,88193.94
2026-01-01 19:00:00,88391.15
2026-01-01 20:00:00,88258.12
2026-01-01 21:00:00,88377.67
2026-01-01 22:00:00,88645.57
2026-01-01 23:00:00,88839.04
2026-01-02 00:00:00,88833.97
2026-01-02 01:00:00,88639.89
2026-01-02 02:00:00,88637.03
2026-01-02 03:00:00,88950.65
2026-01-02 04:00:00,88637.64
2026-01-02 05:00:00,88765.2
2026-01-02 06:00:00,88935.04
2026-01-02 07:00:00,88857.61
2026-01-02 08:00:00,89178.13
2026-01-02 09:00:00,89467.32
2026-01-02 10:00:00,89666.29
2026-01-02 11:00:00,89502.95
2026-01-02 12:00:00,89400.0
2026-01-02 13:00:00,89348.68
2026-01-02 14:00:00,89580.0
2026-01-02 15:00:00,89418.11
2026-01-02 16:00:00,90376.05
2026-01-02 17:00:00,90370.52
2026-01-02 18:00:00,89773.1
2026-01-02 19:00:00,89897.23
2026-01-02 20:00:00,89740.0
2026-01-02 21:00:00,90065.8
2026-01-02 22:00:00,90195.37
2026-01-02 23:00:00,89995.13
2026-01-03 00:00:00,90156.19
2026-01-03 01:00:00,90282.69
2026-01-03 02:00:00,90340.0
2026-01-03 03:00:00,90321.22
2026-01-03 04:00:00,90170.0
2026-01-03 05:00:00,90031.1
2026-01-03 06:00:00,89871.05
2026-01-03 07:00:00,89577.13
2026-01-03 08:00:00,89670.51
2026-01-03 09:00:00,89791.99
2026-01-03 10:00:00,89754.47
2026-01-03 11:00:00,89752.74
2026-01-03 12:00:00,90039.13
2026-01-03 13:00:00,90004.96
2026-01-03 14:00:00,90126.02
2026-01-03 15:00:00,89969.31
2026-01-03 16:00:00,90105.24
2026-01-03 17:00:00,90093.99
2026-01-03 18:00:00,90138.87
2026-01-03 19:00:00,90123.77
2026-01-03 20:00:00,90372.39
2026-01-03 21:00:00,90564.31
2026-01-03 22:00:00,90590.04
2026-01-03 23:00:00,90628.01
2026-01-04 00:00:00,91341.47
2026-01-04 01:00:00,91235.37
2026-01-04 02:00:00,91124.0
2026-01-04 03:00:00,91236.78
2026-01-04 04:00:00,91400.0
2026-01-04 05:00:00,91480.04
2026-01-04 06:00:00,91237.55
2026-01-04 07:00:00,91532.0
2026-01-04 08:00:00,91374.99
2026-01-04 09:00:00,91468.28
2026-01-04 10:00:00,91600.62
2026-01-04 11:00:00,91300.0
2026-01-04 12:00:00,91150.98
2026-01-04 13:00:00,91264.0
2026-01-04 14:00:00,91336.39
2026-01-04 15:00:00,91334.94
2026-01-04 16:00:00,91321.0
2026-01-04 17:00:00,91335.73
2026-01-04 18:00:00,91205.39
2026-01-04 19:00:00,91138.07
2026-01-04 20:00:00,91313.94
2026-01-04 21:00:00,91279.99
2026-01-04 22:00:00,91220.01
2026-01-04 23:00:00,91529.73
2026-01-05 00:00:00,92405.46
2026-01-05 01:00:00,92967.28
2026-01-05 02:00:00,93033.11
2026-01-05 03:00:00,92878.22
2026-01-05 04:00:00,92595.07
2026-01-05 05:00:00,92359.99
2026-01-05 06:00:00,92491.81
2026-01-05 07:00:00,92520.63
2026-01-05 08:00:00,92467.53
2026-01-05 09:00:00,92688.6
2026-01-05 10:00:00,93080.0
2026-01-05 11:00:00,93134.26
2026-01-05 12:00:00,92874.28
2026-01-05 13:00:00,92742.74
2026-01-05 14:00:00,93428.0
2026-01-05 15:00:00,93957.73
2026-01-05 16:00:00,93701.31
2026-01-05 17:00:00,94317.84
2026-01-05 18:00:00,94449.62
2026-01-05 19:00:00,94303.4
2026-01-05 20:00:00,94177.99
2026-01-05 21:00:00,94095.78
2026-01-05 22:00:00,94171.22
2026-01-05 23:00:00,93859.71
2026-01-06 00:00:00,93816.7
2026-01-06 01:00:00,93771.82
2026-01-06 02:00:00,93620.6
2026-01-06 03:00:00,93769.24
2026-01-06 04:00:00,93801.07
2026-01-06 05:00:00,93599.99
2026-01-06 06:00:00,93780.01
2026-01-06 07:00:00,93255.08
2026-01-06 08:00:00,93240.17
2026-01-06 09:00:00,93462.72
2026-01-06 10:00:00,93579.56
2026-01-06 11:00:00,93840.0
2026-01-06 12:00:00,93872.16
2026-01-06 13:00:00,93716.53
2026-01-06 14:00:00,93836.81
2026-01-06 15:00:00,93648.99
2026-01-06 16:00:00,92692.32
2026-01-06 17:00:00,91589.24
2026-01-06 18:00:00,92034.09
2026-01-06 19:00:00,92104.5
2026-01-06 20:00:00,92505.32
2026-01-06 21:00:00,93258.05
2026-01-06 22:00:00,93362.68
2026-01-06 23:00:00,93747.97
2026-01-07 00:00:00,92709.52
2026-01-07 01:00:00,92435.35
2026-01-07 02:00:00,92949.77
2026-01-07 03:00:00,92815.83
2026-01-07 04:00:00,92670.29
2026-01-07 05:00:00,92529.54
2026-01-07 06:00:00,92614.84
2026-01-07 07:00:00,92879.13
2026-01-07 08:00:00,92718.9
2026-01-07 09:00:00,91716.14
2026-01-07 10:00:00,91975.31
2026-01-07 11:00:00,92087.21
2026-01-07 12:00:00,91997.86
2026-01-07 13:00:00,92044.67
2026-01-07 14:00:00,91959.04
2026-01-07 15:00:00,91349.96
2026-01-07 16:00:00,91264.54
2026-01-07 17:00:00,91252.14
2026-01-07 18:00:00,90901.39
2026-01-07 19:00:00,91186.07
2026-01-07 20:00:00,91047.49
2026-01-07 21:00:00,91089.5
2026-01-07 22:00:00,91180.85
2026-01-07 23:00:00,91364.16
2026-01-08 00:00:00,91394.71
2026-01-08 01:00:00,91428.4
2026-01-08 02:00:00,90956.49
2026-01-08 03:00:00,90813.4
2026-01-08 04:00:00,91022.75
2026-01-08 05:00:00,90829.58
2026-01-08 06:00:00,89898.01
2026-01-08 07:00:00,90548.02
2026-01-08 08:00:00,90227.25
2026-01-08 09:00:00,90010.0
2026-01-08 10:00:00,90410.1
2026-01-08 11:00:00,90226.77
2026-01-08 12:00:00,89989.21
2026-01-08 13:00:00,89962.14
2026-01-08 14:00:00,90024.01
2026-01-08 15:00:00,90781.57
2026-01-08 16:00:00,90926.84
2026-01-08 17:00:00,91366.39
2026-01-08 18:00:00,91117.35
2026-01-08 19:00:00,90937.41
2026-01-08 20:00:00,90927.62
2026-01-08 21:00:00,91272.96
2026-01-08 22:00:00,91231.9
2026-01-08 23:00:00,91099.99
2026-01-09 00:00:00,91290.33
2026-01-09 01:00:00,91056.19
2026-01-09 02:00:00,91038.38
2026-01-09 03:00:00,91220.23
2026-01-09 04:00:00,91012.8
2026-01-09 05:00:00,91091.82
2026-01-09 06:00:00,91137.58
2026-01-09 07:00:00,90741.84
2026-01-09 08:00:00,90033.52
2026-01-09 09:00:00,90338.46
2026-01-09 10:00:00,90485.87
2026-01-09 11:00:00,90463.11
2026-01-09 12:00:00,90449.23
2026-01-09 13:00:00,90607.66
2026-01-09 14:00:00,90150.0
2026-01-09 15:00:00,91176.47
2026-01-09 16:00:00,91623.89
2026-01-09 17:00:00,91422.23
2026-01-09 18:00:00,90820.31
2026-01-09 19:00:00,90332.15
2026-01-09 20:00:00,90303.36
2026-01-09 21:00:00,90541.97
2026-01-09 22:00:00,90630.08
2026-01-09 23:00:00,90641.28
2026-01-10 00:00:00,90600.0
2026-01-10 01:00:00,90688.0
2026-01-10 02:00:00,90697.17
2026-01-10 03:00:00,90626.14
2026-01-10 04:00:00,90448.3
2026-01-10 05:00:00,90603.52
2026-01-10 06:00:00,90505.47
2026-01-10 07:00:00,90678.5
2026-01-10 08:00:00,90661.95
2026-01-10 09:00:00,90768.96
2026-01-10 10:00:00,90828.0
2026-01-10 11:00:00,90723.86
2026-01-10 12:00:00,90733.71
2026-01-10 13:00:00,90656.51
2026-01-10 14:00:00,90591.01
2026-01-10 15:00:00,90665.75
2026-01-10 16:00:00,90676.66
2026-01-10 17:00:00,90544.96
2026-01-10 18:00:00,90595.62
2026-01-10 19:00:00,90626.54
2026-01-10 20:00:00,90572.86
2026-01-10 21:00:00,90510.74
2026-01-10 22:00:00,90427.76
2026-01-10 23:00:00,90504.7
2026-01-11 00:00:00,90640.44
2026-01-11 01:00:00,90628.23
2026-01-11 02:00:00,90699.0
2026-01-11 03:00:00,90733.5
2026-01-11 04:00:00,90785.48
2026-01-11 05:00:00,90774.43
2026-01-11 06:00:00,90744.0
2026-01-11 07:00:00,90710.79
2026-01-11 08:00:00,90790.01
2026-01-11 09:00:00,90740.02
2026-01-11 10:00:00,90736.67
2026-01-11 11:00:00,90754.99
2026-01-11 12:00:00,90938.13
2026-01-11 13:00:00,90849.45
2026-01-11 14:00:00,91127.16
2026-01-11 15:00:00,90875.79
2026-01-11 16:00:00,91039.15
2026-01-11 17:00:00,90986.68
2026-01-11 18:00:00,90886.68
2026-01-11 19:00:00,90690.8
2026-01-11 20:00:00,90708.26
2026-01-11 21:00:00,90757.06
2026-01-11 22:00:00,90526.02
2026-01-11 23:00:00,91013.65
2026-01-12 00:00:00,91258.65
2026-01-12 01:00:00,91412.44
2026-01-12 02:00:00,92203.56
2026-01-12 03:00:00,91808.12
2026-01-12 04:00:00,92175.78
2026-01-12 05:00:00,92111.86
2026-01-12 06:00:00,91836.34
2026-01-12 07:00:00,91408.09
2026-01-12 08:00:00,90752.27
2026-01-12 09:00:00,90685.64
2026-01-12 10:00:00,90433.46
2026-01-12 11:00:00,90620.96
2026-01-12 12:00:00,90789.37
2026-01-12 13:00:00,90636.01
2026-01-12 14:00:00,90908.95
2026-01-12 15:00:00,91665.0
2026-01-12 16:00:00,92123.52
2026-01-12 17:00:00,91522.83
2026-01-12 18:00:00,91691.8
2026-01-12 19:00:00,91861.27
2026-01-12 20:00:00,91484.86
2026-01-12 21:00:00,91055.17
2026-01-12 22:00:00,91244.99
2026-01-12 23:00:00,91296.2
2026-01-13 00:00:00,91482.74
2026-01-13 01:00:00,91185.35
2026-01-13 02:00:00,91118.3
2026-01-13 03:00:00,91408.91
2026-01-13 04:00:00,91515.16
2026-01-13 05:00:00,91920.99
2026-01-13 06:00:00,92184.36
2026-01-13 07:00:00,91942.0
2026-01-13 08:00:00,92165.9
2026-01-13 09:00:00,92269.42
2026-01-13 10:00:00,92128.62
2026-01-13 11:00:00,92000.74
2026-01-13 12:00:00,92109.35
2026-01-13 13:00:00,92076.12
2026-01-13 14:00:00,92462.03
2026-01-13 15:00:00,93449.99
2026-01-13 16:00:00,93389.63
2026-01-13 17:00:00,93241.99
2026-01-13 18:00:00,93633.71
2026-01-13 19:00:00,94226.84
2026-01-13 20:00:00,94408.7
2026-01-13 21:00:00,94087.23
2026-01-13 22:00:00,95757.21
2026-01-13 23:00:00,95414.0
2026-01-14 00:00:00,95236.84
2026-01-14 01:00:00,95245.6
2026-01-14 02:00:00,95347.46
2026-01-14 03:00:00,95720.99
2026-01-14 04:00:00,95245.16
2026-01-14 05:00:00,95005.0
2026-01-14 06:00:00,95028.87
2026-01-14 07:00:00,95205.1
2026-01-14 08:00:00,94900.01
2026-01-14 09:00:00,95088.24
2026-01-14 10:00:00,95091.75
2026-01-14 11:00:00,94792.99
2026-01-14 12:00:00,95077.56
2026-01-14 13:00:00,94998.19
2026-01-14 14:00:00,96493.15
2026-01-14 15:00:00,96764.57
2026-01-14 16:00:00,97293.24
2026-01-14 17:00:00,96956.07
2026-01-14 18:00:00,96806.55
2026-01-14 19:00:00,97267.42
2026-01-14 20:00:00,97655.28
2026-01-14 21:00:00,97564.0
2026-01-14 22:00:00,96878.34
2026-01-14 23:00:00,96951.78
2026-01-15 00:00:00,96658.03
2026-01-15 01:00:00,96445.31
2026-01-15 02:00:00,96339.91
2026-01-15 03:00:00,95985.1
2026-01-15 04:00:00,96316.27
2026-01-15 05:00:00,96429.71
2026-01-15 06:00:00,96243.78
2026-01-15 07:00:00,96630.48
2026-01-15 08:00:00,96643.0
2026-01-15 09:00:00,97040.75
2026-01-15 10:00:00,96818.68
2026-01-15 11:00:00,96581.08
2026-01-15 12:00:00,96981.65
2026-01-15 13:00:00,96846.75
2026-01-15 14:00:00,96063.43
2026-01-15 15:00:00,96737.04
2026-01-15 16:00:00,96738.51
2026-01-15 17:00:00,96636.35
2026-01-15 18:00:00,95835.0
2026-01-15 19:00:00,95516.01
2026-01-15 20:00:00,95260.67
2026-01-15 21:00:00,95584.35
2026-01-15 22:00:00,95583.87
2026-01-15 23:00:00,95604.8
2026-01-16 00:00:00,95633.5
2026-01-16 01:00:00,95664.18
2026-01-16 02:00:00,95504.4
2026-01-16 03:00:00,95354.69
2026-01-16 04:00:00,95261.29
2026-01-16 05:00:00,95660.37
2026-01-16 06:00:00,95741.21
2026-01-16 07:00:00,95653.16
2026-01-16 08:00:00,95676.0
2026-01-16 09:00:00,95613.53
2026-01-16 10:00:00,95307.35
2026-01-16 11:00:00,95429.09
2026-01-16 12:00:00,95458.55
2026-01-16 13:00:00,95448.87
2026-01-16 14:00:00,95192.36
2026-01-16 15:00:00,94585.98
2026-01-16 16:00:00,94872.55
2026-01-16 17:00:00,95076.08
2026-01-16 18:00:00,95001.19
2026-01-16 19:00:00,95002.09
2026-01-16 20:00:00,95553.6
2026-01-16 21:00:00,95523.52
2026-01-16 22:00:00,95514.0
2026-01-16 23:00:00,95550.94
2026-01-17 00:00:00,95465.97
2026-01-17 01:00:00,95399.93
2026-01-17 02:00:00,95371.35
2026-01-17 03:00:00,95372.95
2026-01-17 04:00:00,95303.64
2026-01-17 05:00:00,95323.67
2026-01-17 06:00:00,95240.07
2026-01-17 07:00:00,95101.67
2026-01-17 08:00:00,95247.51
2026-01-17 09:00:00,95260.65
2026-01-17 10:00:00,95116.48
2026-01-17 11:00:00,95323.86
2026-01-17 12:00:00,95251.15
2026-01-17 13:00:00,95438.32
2026-01-17 14:00:00,95471.18
2026-01-17 15:00:00,95573.64
2026-01-17 16:00:00,95315.23
2026-01-17 17:00:00,95357.24
2026-01-17 18:00:00,95428.25
2026-01-17 19:00:00,95291.38
2026-01-17 20:00:00,95378.18
2026-01-17 21:00:00,95302.94
2026-01-17 22:00:00,95170.97
2026-01-17 23:00:00,95147.77
2026-01-18 00:00:00,95112.47
2026-01-18 01:00:00,94966.9
2026-01-18 02:00:00,95022.01
2026-01-18 03:00:00,95200.29
2026-01-18 04:00:00,95095.68
2026-01-18 05:00:00,95188.55
2026-01-18 06:00:00,95171.43
2026-01-18 07:00:00,95028.27
2026-01-18 08:00:00,95183.93
2026-01-18 09:00:00,95275.73
2026-01-18 10:00:00,95180.66
2026-01-18 11:00:00,95168.06
2026-01-18 12:00:00,95113.25
2026-01-18 13:00:00,95146.82
2026-01-18 14:00:00,94955.79
2026-01-18 15:00:00,95119.28
2026-01-18 16:00:00,95169.35
2026-01-18 17:00:00,95274.36
2026-01-18 18:00:00,95439.6
2026-01-18 19:00:00,95380.99
2026-01-18 20:00:00,95304.01
2026-01-18 21:00:00,95430.44
2026-01-18 22:00:00,95498.61
2026-01-18 23:00:00,93673.14
2026-01-19 00:00:00,92711.02
2026-01-19 01:00:00,92586.65
2026-01-19 02:00:00,92566.8
2026-01-19 03:00:00,92690.09
2026-01-19 04:00:00,92665.0
2026-01-19 05:00:00,92511.77
2026-01-19 06:00:00,92583.27
2026-01-19 07:00:00,92841.62
2026-01-19 08:00:00,93259.09
2026-01-19 09:00:00,93060.06
2026-01-19 10:00:00,93064.88
2026-01-19 11:00:00,93191.96
2026-01-19 12:00:00,93070.6
2026-01-19 13:00:00,93031.86
2026-01-19 14:00:00,92812.43
2026-01-19 15:00:00,93068.62
2026-01-19 16:00:00,93301.86
2026-01-19 17:00:00,93242.99
2026-01-19 18:00:00,93065.84
2026-01-19 19:00:00,93105.85
2026-01-19 20:00:00,93141.94
2026-01-19 21:00:00,93003.42
2026-01-19 22:00:00,92565.78
2026-01-19 23:00:00,92631.0
2026-01-20 00:00:00,92717.9
2026-01-20 01:00:00,92716.48
2026-01-20 02:00:00,92552.16
2026-01-20 03:00:00,92434.92
2026-01-20 04:00:00,92062.61
2026-01-20 05:00:00,91624.18
2026-01-20 06:00:00,90929.98
2026-01-20 07:00:00,91177.98
2026-01-20 08:00:00,91116.0
2026-01-20 09:00:00,91036.25
2026-01-20 10:00:00,91269.58
2026-01-20 11:00:00,91218.99
2026-01-20 12:00:00,91280.31
2026-01-20 13:00:00,90958.88
2026-01-20 14:00:00,90531.15
2026-01-20 15:00:00,90684.95
2026-01-20 16:00:00,90165.51
2026-01-20 17:00:00,89775.46
2026-01-20 18:00:00,89501.0
2026-01-20 19:00:00,89725.76
2026-01-20 20:00:00,89733.99
2026-01-20 21:00:00,89476.01
2026-01-20 22:00:00,88509.18
2026-01-20 23:00:00,88427.66
2026-01-21 00:00:00,88936.01
2026-01-21 01:00:00,89020.91
2026-01-21 02:00:00,89048.57
2026-01-21 03:00:00,89432.33
2026-01-21 04:00:00,89448.89
2026-01-21 05:00:00,89950.04
2026-01-21 06:00:00,89649.62
2026-01-21 07:00:00,89213.95
2026-01-21 08:00:00,89197.35
2026-01-21 09:00:00,89112.3
2026-01-21 10:00:00,89248.99
2026-01-21 11:00:00,88789.99
2026-01-21 12:00:00,88736.31
2026-01-21 13:00:00,88672.64
2026-01-21 14:00:00,89805.43
2026-01-21 15:00:00,90288.04
2026-01-21 16:00:00,87602.4
2026-01-21 17:00:00,87932.38
2026-01-21 18:00:00,88485.43
2026-01-21 19:00:00,90355.56
2026-01-21 20:00:00,90214.01
2026-01-21 21:00:00,90249.18
2026-01-21 22:00:00,89763.51
2026-01-21 23:00:00,89454.73
2026-01-22 00:00:00,89908.49
2026-01-22 01:00:00,90113.19
2026-01-22 02:00:00,89938.3
2026-01-22 03:00:00,89899.51
2026-01-22 04:00:00,89998.91
2026-01-22 05:00:00,90026.3
2026-01-22 06:00:00,90172.11
2026-01-22 07:00:00,89818.79
2026-01-22 08:00:00,89920.16
2026-01-22 09:00:00,90033.02
2026-01-22 10:00:00,90078.77
2026-01-22 11:00:00,89941.26
2026-01-22 12:00:00,90021.09
2026-01-22 13:00:00,89619.81
2026-01-22 14:00:00,89088.59
2026-01-22 15:00:00,89000.01
2026-01-22 16:00:00,89054.06
2026-01-22 17:00:00,89550.01
2026-01-22 18:00:00,89333.94
2026-01-22 19:00:00,89777.9
2026-01-22 20:00:00,89409.72
2026-01-22 21:00:00,89268.66
2026-01-22 22:00:00,89346.99
2026-01-22 23:00:00,89559.67
2026-01-23 00:00:00,89520.01
2026-01-23 01:00:00,89939.38
2026-01-23 02:00:00,89663.48
2026-01-23 03:00:00,89924.78
2026-01-23 04:00:00,89965.42
2026-01-23 05:00:00,89616.03
2026-01-23 06:00:00,89509.59
2026-01-23 07:00:00,89549.45
2026-01-23 08:00:00,89221.46
2026-01-23 09:00:00,88977.72
2026-01-23 10:00:00,89046.49
2026-01-23 11:00:00,89202.48
2026-01-23 12:00:00,89267.83
2026-01-23 13:00:00,89350.81
2026-01-23 14:00:00,89017.85
2026-01-23 15:00:00,89761.61
2026-01-23 16:00:00,90124.85
2026-01-23 17:00:00,90600.0
2026-01-23 18:00:00,90530.45
2026-01-23 19:00:00,89982.79
2026-01-23 20:00:00,89503.68
2026-01-23 21:00:00,89349.99
2026-01-23 22:00:00,89624.61
2026-01-23 23:00:00,89600.26
2026-01-24 00:00:00,89452.83
2026-01-24 01:00:00,89550.24
2026-01-24 02:00:00,89702.85
2026-01-24 03:00:00,89770.02
2026-01-24 04:00:00,89829.35
2026-01-24 05:00:00,89775.2
2026-01-24 06:00:00,89649.32
2026-01-24 07:00:00,89620.1
2026-01-24 08:00:00,89660.88
2026-01-24 09:00:00,89600.0
2026-01-24 10:00:00,89626.8
2026-01-24 11:00:00,89595.4
2026-01-24 12:00:00,89537.82
2026-01-24 13:00:00,89368.22
2026-01-24 14:00:00,89450.03
2026-01-24 15:00:00,89275.77
2026-01-24 16:00:00,89290.01
2026-01-24 17:00:00,89406.5
2026-01-24 18:00:00,89395.23
2026-01-24 19:00:00,89331.36
2026-01-24 20:00:00,89380.01
2026-01-24 21:00:00,89386.61
2026-01-24 22:00:00,89430.0
2026-01-24 23:00:00,89225.34
2026-01-25 00:00:00,89315.18
2026-01-25 01:00:00,89176.31
2026-01-25 02:00:00,89139.04
2026-01-25 03:00:00,88960.35
2026-01-25 04:00:00,89006.96
2026-01-25 05:00:00,88990.9
2026-01-25 06:00:00,88831.36
2026-01-25 07:00:00,88659.99
2026-01-25 08:00:00,88300.01
2026-01-25 09:00:00,88398.38
2026-01-25 10:00:00,88659.51
2026-01-25 11:00:00,88570.17
2026-01-25 12:00:00,88791.99
2026-01-25 13:00:00,88921.0
2026-01-25 14:00:00,88710.1
2026-01-25 15:00:00,88446.5
2026-01-25 16:00:00,88077.26
2026-01-25 17:00:00,87892.17
2026-01-25 18:00:00,87420.01
2026-01-25 19:00:00,86495.16
2026-01-25 20:00:00,86654.61
2026-01-25 21:00:00,86568.5
2026-01-25 22:00:00,86521.39
2026-01-25 23:00:00,86670.36
2026-01-26 00:00:00,86854.86
2026-01-26 01:00:00,87698.73
2026-01-26 02:00:00,87563.38
2026-01-26 03:00:00,87282.05
2026-01-26 04:00:00,87737.06
2026-01-26 05:00:00,87826.01
2026-01-26 06:00:00,87937.44
2026-01-26 07:00:00,88000.64
2026-01-26 08:00:00,87975.39
2026-01-26 09:00:00,87663.12
2026-01-26 10:00:00,87897.55
2026-01-26 11:00:00,87855.0
2026-01-26 12:00:00,87799.45
2026-01-26 13:00:00,87960.01
2026-01-26 14:00:00,88178.1
2026-01-26 15:00:00,87641.41
2026-01-26 16:00:00,87606.99
2026-01-26 17:00:00,87700.62
2026-01-26 18:00:00,88403.72
2026-01-26 19:00:00,88013.19
2026-01-26 20:00:00,87629.22
2026-01-26 21:00:00,88064.69
2026-01-26 22:00:00,88140.01
2026-01-26 23:00:00,88347.08
2026-01-27 00:00:00,88353.97
2026-01-27 01:00:00,88550.61
2026-01-27 02:00:00,88831.6
2026-01-27 03:00:00,88788.0
2026-01-27 04:00:00,88579.58
2026-01-27 05:00:00,88456.3
2026-01-27 06:00:00,88332.67
2026-01-27 07:00:00,88320.41
2026-01-27 08:00:00,88170.82
2026-01-27 09:00:00,87886.82
2026-01-27 10:00:00,87786.53
2026-01-27 11:00:00,87992.74
2026-01-27 12:00:00,87986.96
2026-01-27 13:00:00,87982.15
2026-01-27 14:00:00,87745.02
2026-01-27 15:00:00,88047.46
2026-01-27 16:00:00,88641.44
2026-01-27 17:00:00,87546.58
2026-01-27 18:00:00,88285.05
2026-01-27 19:00:00,88408.77
2026-01-27 20:00:00,89396.16
2026-01-27 21:00:00,89081.46
2026-01-27 22:00:00,89243.63
2026-01-27 23:00:00,89250.0
2026-01-28 00:00:00,89467.72
2026-01-28 01:00:00,89404.57
2026-01-28 02:00:00,89285.77
2026-01-28 03:00:00,89126.67
2026-01-28 04:00:00,88975.04
2026-01-28 05:00:00,89084.1
2026-01-28 06:00:00,89317.47
2026-01-28 07:00:00,89134.35
2026-01-28 08:00:00,88925.47
2026-01-28 09:00:00,89567.25
2026-01-28 10:00:00,89403.77
2026-01-28 11:00:00,90080.0
2026-01-28 12:00:00,89998.69
2026-01-28 13:00:00,90257.91
2026-01-28 14:00:00,89617.27
2026-01-28 15:00:00,89479.66
2026-01-28 16:00:00,89629.66
2026-01-28 17:00:00,90169.88
2026-01-28 18:00:00,89546.24
2026-01-28 19:00:00,89402.58
2026-01-28 20:00:00,89130.63
2026-01-28 21:00:00,89412.17
2026-01-28 22:00:00,89396.15
2026-01-28 23:00:00,89299.99
2026-01-29 00:00:00,89143.91
2026-01-29 01:00:00,88603.56
2026-01-29 02:00:00,87907.06
2026-01-29 03:00:00,88053.71
2026-01-29 04:00:00,88315.2
2026-01-29 05:00:00,88186.54
2026-01-29 06:00:00,88319.35
2026-01-29 07:00:00,88352.97
2026-01-29 08:00:00,88064.16
2026-01-29 09:00:00,87892.01
2026-01-29 10:00:00,87946.46
2026-01-29 11:00:00,87846.5
2026-01-29 12:00:00,88121.21
2026-01-29 13:00:00,88052.88
2026-01-29 14:00:00,87014.4
2026-01-29 15:00:00,84934.02
2026-01-29 16:00:00,85270.0
2026-01-29 17:00:00,84261.66
2026-01-29 18:00:00,83477.02
2026-01-29 19:00:00,84012.11
2026-01-29 20:00:00,84216.91
2026-01-29 21:00:00,84526.57
2026-01-29 22:00:00,84570.05
2026-01-29 23:00:00,84650.16
2026-01-30 00:00:00,84192.0
2026-01-30 01:00:00,82468.02
2026-01-30 02:00:00,82164.88
2026-01-30 03:00:00,82676.43
2026-01-30 04:00:00,82938.92
2026-01-30 05:00:00,82914.19
2026-01-30 06:00:00,82602.81
2026-01-30 07:00:00,82816.98
2026-01-30 08:00:00,82671.7
2026-01-30 09:00:00,82363.72
2026-01-30 10:00:00,82833.92
2026-01-30 11:00:00,83151.36
2026-01-30 12:00:00,82800.5
2026-01-30 13:00:00,82740.92
2026-01-30 14:00:00,83098.0
2026-01-30 15:00:00,82883.94
2026-01-30 16:00:00,83149.0
2026-01-30 17:00:00,82943.23
2026-01-30 18:00:00,83931.13
2026-01-30 19:00:00,84242.99
2026-01-30 20:00:00,83906.34
2026-01-30 21:00:00,84273.7
2026-01-30 22:00:00,84219.99
2026-01-30 23:00:00,84260.49
2026-01-31 00:00:00,84067.83
2026-01-31 01:00:00,83999.99
2026-01-31 02:00:00,84130.01
2026-01-31 03:00:00,84022.69
2026-01-31 04:00:00,83992.45
2026-01-31 05:00:00,84000.01
2026-01-31 06:00:00,83786.09
2026-01-31 07:00:00,83546.81
2026-01-31 08:00:00,83074.07
2026-01-31 09:00:00,83109.1
2026-01-31 10:00:00,83160.0
2026-01-31 11:00:00,83020.0
2026-01-31 12:00:00,82762.0
2026-01-31 13:00:00,82767.99
2026-01-31 14:00:00,81479.99
2026-01-31 15:00:00,81302.15
2026-01-31 16:00:00,80365.04
2026-01-31 17:00:00,78893.92
2026-01-31 18:00:00,78038.38
2026-01-31 19:00:00,77750.01
2026-01-31 20:00:00,77999.03
2026-01-31 21:00:00,78292.0
2026-01-31 22:00:00,78155.17
2026-01-31 23:00:00,78741.09
2026-02-01 00:00:00,78902.31
2026-02-01 01:00:00,78532.17
2026-02-01 02:00:00,78900.01
2026-02-01 03:00:00,78868.28
2026-02-01 04:00:00,78971.75
2026-02-01 05:00:00,78620.91
2026-02-01 06:00:00,78300.0
2026-02-01 07:00:00,78343.0
2026-02-01 08:00:00,78604.02
2026-02-01 09:00:00,79034.45
2026-02-01 10:00:00,78279.73
2026-02-01 11:00:00,78743.56
2026-02-01 12:00:00,78459.67
2026-02-01 13:00:00,78317.51
2026-02-01 14:00:00,78211.12
2026-02-01 15:00:00,77593.4
2026-02-01 16:00:00,77494.77
2026-02-01 17:00:00,77745.32
2026-02-01 18:00:00,78029.28
2026-02-01 19:00:00,77174.78
2026-02-01 20:00:00,77103.04
2026-02-01 21:00:00,76526.03
2026-02-01 22:00:00,77249.31
2026-02-01 23:00:00,76968.21
2026-02-02 00:00:00,77672.61
2026-02-02 01:00:00,77518.87
2026-02-02 02:00:00,76491.17
2026-02-02 03:00:00,76292.98
2026-02-02 04:00:00,75894.15
2026-02-02 05:00:00,75502.1
2026-02-02 06:00:00,76549.32
2026-02-02 07:00:00,76660.79
2026-02-02 08:00:00,76881.28
2026-02-02 09:00:00,77725.33
2026-02-02 10:00:00,77504.54
2026-02-02 11:00:00,77759.99
2026-02-02 12:00:00,77988.51
2026-02-02 13:00:00,78224.79
2026-02-02 14:00:00,77844.79
2026-02-02 15:00:00,78850.06
2026-02-02 16:00:00,78634.76
2026-02-02 17:00:00,78988.64
2026-02-02 18:00:00,78569.84
2026-02-02 19:00:00,78341.5
2026-02-02 20:00:00,78008.59
2026-02-02 21:00:00,78532.06
2026-02-02 22:00:00,78795.2
2026-02-02 23:00:00,78738.61
2026-02-03 00:00:00,79065.24
2026-02-03 01:00:00,79017.63
2026-02-03 02:00:00,77808.01
2026-02-03 03:00:00,78753.32
2026-02-03 04:00:00,78798.39
2026-02-03 05:00:00,78240.45
2026-02-03 06:00:00,78594.17
2026-02-03 07:00:00,78794.67
2026-02-03 08:00:00,78747.96
2026-02-03 09:00:00,78400.01
2026-02-03 10:00:00,78120.36
2026-02-03 11:00:00,78079.5
2026-02-03 12:00:00,78330.26
2026-02-03 13:00:00,78307.65
2026-02-03 14:00:00,77201.22
2026-02-03 15:00:00,78132.33
2026-02-03 16:00:00,76488.08
2026-02-03 17:00:00,74915.79
2026-02-03 18:00:00,73139.13
2026-02-03 19:00:00,74935.0
2026-02-03 20:00:00,76475.52
2026-02-03 21:00:00,76239.43
2026-02-03 22:00:00,75708.83
2026-02-03 23:00:00,75770.21
2026-02-04 00:00:00,75910.88
2026-02-04 01:00:00,76423.73
2026-02-04 02:00:00,75963.35
2026-02-04 03:00:00,76698.17
2026-02-04 04:00:00,76479.75
2026-02-04 05:00:00,76279.99
2026-02-04 06:00:00,76652.68
2026-02-04 07:00:00,76514.3
2026-02-04 08:00:00,76587.26
2026-02-04 09:00:00,76119.0
2026-02-04 10:00:00,76302.1
2026-02-04 11:00:00,76017.25
2026-02-04 12:00:00,76180.85
2026-02-04 13:00:00,74867.0
2026-02-04 14:00:00,74359.53
2026-02-04 15:00:00,74136.36
2026-02-04 16:00:00,73636.01
2026-02-04 17:00:00,72576.08
2026-02-04 18:00:00,73425.96
2026-02-04 19:00:00,73923.29
2026-02-04 20:00:00,73516.3
2026-02-04 21:00:00,72799.99
2026-02-04 22:00:00,72543.38
2026-02-04 23:00:00,73165.83
2026-02-05 00:00:00,72868.02
2026-02-05 01:00:00,72421.26
2026-02-05 02:00:00,71454.44
2026-02-05 03:00:00,71223.25
2026-02-05 04:00:00,70888.08
2026-02-05 05:00:00,70732.72
2026-02-05 06:00:00,70951.51
2026-02-05 07:00:00,70756.85
2026-02-05 08:00:00,71054.99
2026-02-05 09:00:00,71550.0
2026-02-05 10:00:00,70858.13
2026-02-05 11:00:00,70318.35
2026-02-05 12:00:00,69563.57
2026-02-05 13:00:00,69688.94
2026-02-05 14:00:00,69404.76
2026-02-05 15:00:00,67489.07
2026-02-05 16:00:00,68295.15
2026-02-05 17:00:00,66181.69
2026-02-05 18:00:00,66347.0
2026-02-05 19:00:00,65265.65
2026-02-05 20:00:00,63775.67
2026-02-05 21:00:00,63213.34
2026-02-05 22:00:00,63907.86
2026-02-05 23:00:00,62909.86
2026-02-06 00:00:00,63509.39
2026-02-06 01:00:00,65714.96
2026-02-06 02:00:00,64990.1
2026-02-06 03:00:00,64168.33
2026-02-06 04:00:00,64905.84
2026-02-06 05:00:00,66408.11
2026-02-06 06:00:00,64988.26
2026-02-06 07:00:00,64856.0
2026-02-06 08:00:00,64895.05
2026-02-06 09:00:00,65799.55
2026-02-06 10:00:00,65967.51
2026-02-06 11:00:00,66631.32
2026-02-06 12:00:00,66557.93
2026-02-06 13:00:00,67316.82
2026-02-06 14:00:00,68194.89
2026-02-06 15:00:00,68626.0
2026-02-06 16:00:00,69954.01
2026-02-06 17:00:00,70753.53
2026-02-06 18:00:00,69776.68
2026-02-06 19:00:00,70731.46
2026-02-06 20:00:00,70000.13
2026-02-06 21:00:00,70358.43
2026-02-06 22:00:00,71354.46
2026-02-06 23:00:00,70580.26
2026-02-07 00:00:00,69958.0
2026-02-07 01:00:00,70471.49
2026-02-07 02:00:00,70361.37
2026-02-07 03:00:00,70918.99
2026-02-07 04:00:00,70768.13
2026-02-07 05:00:00,70161.5
2026-02-07 06:00:00,68769.65
2026-02-07 07:00:00,68087.14
2026-02-07 08:00:00,68495.01
2026-02-07 09:00:00,68138.2
2026-02-07 10:00:00,67987.0
2026-02-07 11:00:00,67972.65
2026-02-07 12:00:00,69024.98
2026-02-07 13:00:00,69093.98
2026-02-07 14:00:00,68645.99
2026-02-07 15:00:00,69151.5
2026-02-07 16:00:00,68957.16
2026-02-07 17:00:00,69188.81
2026-02-07 18:00:00,69514.11
2026-02-07 19:00:00,69373.61
2026-02-07 20:00:00,69631.18
2026-02-07 21:00:00,69497.99
2026-02-07 22:00:00,69399.34
2026-02-07 23:00:00,69289.38
2026-02-08 00:00:00,69133.79
2026-02-08 01:00:00,69379.57
2026-02-08 02:00:00,69370.7
2026-02-08 03:00:00,69099.99
2026-02-08 04:00:00,69340.16
2026-02-08 05:00:00,69220.52
2026-02-08 06:00:00,69361.18
2026-02-08 07:00:00,69710.69
2026-02-08 08:00:00,70665.59
2026-02-08 09:00:00,70107.19
2026-02-08 10:00:00,70266.41
2026-02-08 11:00:00,70999.98
2026-02-08 12:00:00,71249.95
2026-02-08 13:00:00,71514.77
2026-02-08 14:00:00,71262.19
2026-02-08 15:00:00,71188.99
2026-02-08 16:00:00,70416.0
2026-02-08 17:00:00,70785.99
2026-02-08 18:00:00,71147.25
2026-02-08 19:00:00,71422.97
2026-02-08 20:00:00,70835.17
2026-02-08 21:00:00,70700.0
2026-02-08 22:00:00,71066.09
2026-02-08 23:00:00,70330.38
2026-02-09 00:00:00,70502.38
2026-02-09 01:00:00,70369.53
2026-02-09 02:00:00,70629.99
2026-02-09 03:00:00,71307.56
2026-02-09 04:00:00,71005.01
2026-02-09 05:00:00,71044.51
2026-02-09 06:00:00,70667.95
2026-02-09 07:00:00,70422.59
2026-02-09 08:00:00,69873.99
2026-02-09 09:00:00,69630.35
2026-02-09 10:00:00,68727.88
2026-02-09 11:00:00,68928.72
2026-02-09 12:00:00,69147.01
2026-02-09 13:00:00,68594.57
2026-02-09 14:00:00,69272.0
2026-02-09 15:00:00,69563.37
2026-02-09 16:00:00,70093.01
2026-02-09 17:00:00,70612.29
2026-02-09 18:00:00,70418.68
2026-02-09 19:00:00,70957.01
2026-02-09 20:00:00,70738.71
2026-02-09 21:00:00,70400.0
2026-02-09 22:00:00,70372.96
2026-02-09 23:00:00,70138.0
2026-02-10 00:00:00,69827.33
2026-02-10 01:00:00,70486.82
2026-02-10 02:00:00,70102.89
2026-02-10 03:00:00,69511.83
2026-02-10 04:00:00,69831.62
2026-02-10 05:00:00,69447.64
2026-02-10 06:00:00,68921.35
2026-02-10 07:00:00,68919.66
2026-02-10 08:00:00,69142.0
2026-02-10 09:00:00,69151.5
2026-02-10 10:00:00,68921.68
2026-02-10 11:00:00,68535.01
2026-02-10 12:00:00,68610.12
2026-02-10 13:00:00,69027.95
2026-02-10 14:00:00,68460.4
2026-02-10 15:00:00,69293.37
2026-02-10 16:00:00,69517.71
2026-02-10 17:00:00,69925.31
2026-02-10 18:00:00,68894.36
2026-02-10 19:00:00,69062.01
2026-02-10 20:00:00,68753.7
2026-02-10 21:00:00,68656.21
2026-02-10 22:00:00,68707.18
2026-02-10 23:00:00,68841.29
2026-02-11 00:00:00,69201.14
2026-02-11 01:00:00,68982.0
2026-02-11 02:00:00,68677.33
2026-02-11 03:00:00,68187.99
2026-02-11 04:00:00,67584.46
2026-02-11 05:00:00,67404.28
2026-02-11 06:00:00,66820.32
2026-02-11 07:00:00,67032.72
2026-02-11 08:00:00,66981.07
2026-02-11 09:00:00,66872.03
2026-02-11 10:00:00,66531.99
2026-02-11 11:00:00,67053.03
2026-02-11 12:00:00,67133.5
2026-02-11 13:00:00,67454.49
2026-02-11 14:00:00,66584.6
2026-02-11 15:00:00,66519.73
2026-02-11 16:00:00,66039.09
2026-02-11 17:00:00,66518.26
2026-02-11 18:00:00,67275.34
2026-02-11 19:00:00,67586.67
2026-02-11 20:00:00,67555.98
2026-02-11 21:00:00,67811.17
2026-02-11 22:00:00,67433.14
2026-02-11 23:00:00,67082.52
2026-02-12 00:00:00,67460.75
2026-02-12 01:00:00,67699.01
2026-02-12 02:00:00,67439.14
2026-02-12 03:00:00,67580.99
2026-02-12 04:00:00,67018.4
2026-02-12 05:00:00,67141.93
2026-02-12 06:00:00,67125.57
2026-02-12 07:00:00,67217.72
2026-02-12 08:00:00,67141.15
2026-02-12 09:00:00,67550.47
2026-02-12 10:00:00,68014.01
2026-02-12 11:00:00,68076.01
2026-02-12 12:00:00,67865.31
2026-02-12 13:00:00,68376.58
2026-02-12 14:00:00,67577.02
2026-02-12 15:00:00,67134.74
2026-02-12 16:00:00,65863.37
2026-02-12 17:00:00,65413.99
2026-02-12 18:00:00,65590.95
2026-02-12 19:00:00,65788.36
2026-02-12 20:00:00,65428.56
2026-02-12 21:00:00,65849.87
2026-02-12 22:00:00,66288.0
2026-02-12 23:00:00,66272.17
2026-02-13 00:00:00,65918.6
2026-02-13 01:00:00,66454.95
2026-02-13 02:00:00,66663.08
2026-02-13 03:00:00,66553.08
2026-02-13 04:00:00,66329.22
2026-02-13 05:00:00,66175.79
2026-02-13 06:00:00,66359.28
2026-02-13 07:00:00,66208.96
2026-02-13 08:00:00,66699.96
2026-02-13 09:00:00,66959.71
2026-02-13 10:00:00,66977.66
2026-02-13 11:00:00,67171.42
2026-02-13 12:00:00,67084.0
2026-02-13 13:00:00,67274.15
2026-02-13 14:00:00,67733.51
2026-02-13 15:00:00,68692.12
2026-02-13 16:00:00,68954.69
2026-02-13 17:00:00,69047.99
2026-02-13 18:00:00,69129.99
2026-02-13 19:00:00,68938.91
2026-02-13 20:00:00,68777.12
2026-02-13 21:00:00,68902.48
2026-02-13 22:00:00,68995.28
2026-02-13 23:00:00,68853.96
2026-02-14 00:00:00,69090.24
2026-02-14 01:00:00,68964.51
2026-02-14 02:00:00,68884.21
2026-02-14 03:00:00,68981.99
2026-02-14 04:00:00,68790.0
2026-02-14 05:00:00,68773.42
2026-02-14 06:00:00,68936.98
2026-02-14 07:00:00,69219.26
2026-02-14 08:00:00,69746.2
2026-02-14 09:00:00,69714.93
2026-02-14 10:00:00,69671.86
2026-02-14 11:00:00,70505.74
2026-02-14 12:00:00,69640.2
2026-02-14 13:00:00,69460.0
2026-02-14 14:00:00,69701.66
2026-02-14 15:00:00,69778.28
2026-02-14 16:00:00,69755.1
2026-02-14 17:00:00,69739.38
2026-02-14 18:00:00,69772.31
2026-02-14 19:00:00,69873.99
2026-02-14 20:00:00,70023.09
2026-02-14 21:00:00,69935.86
2026-02-14 22:00:00,69959.75
2026-02-14 23:00:00,69822.95
2026-02-15 00:00:00,69777.07
2026-02-15 01:00:00,69717.65
2026-02-15 02:00:00,69480.01
2026-02-15 03:00:00,69954.5
2026-02-15 04:00:00,70183.99
2026-02-15 05:00:00,70267.61
2026-02-15 06:00:00,70405.12
2026-02-15 07:00:00,70828.42
2026-02-15 08:00:00,70446.52
2026-02-15 09:00:00,70419.11
2026-02-15 10:00:00,70427.02
2026-02-15 11:00:00,70295.22
2026-02-15 12:00:00,69314.21
2026-02-15 13:00:00,68930.0
2026-02-15 14:00:00,69170.51
2026-02-15 15:00:00,69099.99
2026-02-15 16:00:00,69017.75
2026-02-15 17:00:00,68641.21
2026-02-15 18:00:00,68451.44
2026-02-15 19:00:00,68286.63
2026-02-15 20:00:00,68450.0
2026-02-15 21:00:00,68852.01
2026-02-15 22:00:00,68999.96
2026-02-15 23:00:00,68832.58
2026-02-16 00:00:00,68845.81
2026-02-16 01:00:00,68630.81
2026-02-16 02:00:00,68320.48
2026-02-16 03:00:00,68424.82
2026-02-16 04:00:00,68870.07
2026-02-16 05:00:00,68385.29
2026-02-16 06:00:00,68450.8
2026-02-16 07:00:00,68587.9
2026-02-16 08:00:00,68762.85
2026-02-16 09:00:00,68992.71
2026-02-16 10:00:00,68798.22
2026-02-16 11:00:00,68812.83
2026-02-16 12:00:00,69763.24
2026-02-16 13:00:00,68395.1
2026-02-16 14:00:00,68427.64
2026-02-16 15:00:00,67539.52
2026-02-16 16:00:00,67888.7
2026-02-16 17:00:00,67951.86
2026-02-16 18:00:00,67860.13
2026-02-16 19:00:00,67913.43
2026-02-16 20:00:00,68530.0
2026-02-16 21:00:00,68862.88
2026-02-16 22:00:00,68591.02
2026-02-16 23:00:00,68892.43
2026-02-17 00:00:00,68878.27
2026-02-17 01:00:00,68618.11
2026-02-17 02:00:00,68838.48
2026-02-17 03:00:00,68474.9
2026-02-17 04:00:00,68481.67
2026-02-17 05:00:00,68245.71
2026-02-17 06:00:00,68400.0
2026-02-17 07:00:00,68388.12
2026-02-17 08:00:00,68177.53
2026-02-17 09:00:00,68126.28
2026-02-17 10:00:00,67845.3
2026-02-17 11:00:00,67854.6
2026-02-17 12:00:00,67919.49
2026-02-17 13:00:00,68136.34
2026-02-17 14:00:00,66875.06
2026-02-17 15:00:00,67392.05
2026-02-17 16:00:00,67517.36
2026-02-17 17:00:00,67244.22
2026-02-17 18:00:00,68098.62
2026-02-17 19:00:00,67793.32
2026-02-17 20:00:00,67753.3
2026-02-17 21:00:00,67680.54
2026-02-17 22:00:00,67527.72
2026-02-17 23:00:00,67503.52
2026-02-18 00:00:00,67302.65
2026-02-18 01:00:00,67165.2
2026-02-18 02:00:00,67335.04
2026-02-18 03:00:00,67629.11
2026-02-18 04:00:00,67823.54
2026-02-18 05:00:00,67654.8
2026-02-18 06:00:00,67850.52
2026-02-18 07:00:00,68106.44
2026-02-18 08:00:00,68132.82
2026-02-18 09:00:00,68157.79
2026-02-18 10:00:00,67801.26
2026-02-18 11:00:00,67369.75
2026-02-18 12:00:00,67458.06
2026-02-18 13:00:00,67236.88
2026-02-18 14:00:00,67223.76
2026-02-18 15:00:00,67694.01
2026-02-18 16:00:00,67145.34
2026-02-18 17:00:00,67187.39
2026-02-18 18:00:00,66359.99
2026-02-18 19:00:00,66177.14
2026-02-18 20:00:00,66268.39
2026-02-18 21:00:00,66342.76
2026-02-18 22:00:00,66408.82
2026-02-18 23:00:00,66461.0
2026-02-19 00:00:00,66446.49
2026-02-19 01:00:00,66866.62
2026-02-19 02:00:00,66835.2
2026-02-19 03:00:00,66980.91
2026-02-19 04:00:00,66802.75
2026-02-19 05:00:00,66871.35
2026-02-19 06:00:00,67150.12
2026-02-19 07:00:00,67206.45
2026-02-19 08:00:00,66966.12
2026-02-19 09:00:00,66836.0
2026-02-19 10:00:00,66843.08
2026-02-19 11:00:00,66496.02
2026-02-19 12:00:00,66516.67
2026-02-19 13:00:00,65913.37
2026-02-19 14:00:00,66421.2
2026-02-19 15:00:00,66398.0
2026-02-19 16:00:00,66293.53
2026-02-19 17:00:00,66369.42
2026-02-19 18:00:00,67030.49
2026-02-19 19:00:00,67050.0
2026-02-19 20:00:00,67149.11
2026-02-19 21:00:00,66916.51
2026-02-19 22:00:00,66915.14
2026-02-19 23:00:00,67003.73
2026-02-20 00:00:00,67228.91
2026-02-20 01:00:00,67279.9
2026-02-20 02:00:00,67242.03
2026-02-20 03:00:00,67366.25
2026-02-20 04:00:00,67264.83
2026-02-20 05:00:00,67790.1
2026-02-20 06:00:00,67847.47
2026-02-20 07:00:00,67825.91
2026-02-20 08:00:00,67879.99
2026-02-20 09:00:00,68218.85
2026-02-20 10:00:00,67948.99
2026-02-20 11:00:00,67318.41
2026-02-20 12:00:00,67541.77
2026-02-20 13:00:00,66801.62
2026-02-20 14:00:00,67069.65
2026-02-20 15:00:00,67582.95
2026-02-20 16:00:00,67795.47
2026-02-20 17:00:00,67613.37
2026-02-20 18:00:00,67924.21
2026-02-20 19:00:00,67646.03
2026-02-20 20:00:00,67750.4
2026-02-20 21:00:00,67825.87
2026-02-20 22:00:00,68078.13
2026-02-20 23:00:00,68020.01
2026-02-21 00:00:00,67841.0
2026-02-21 01:00:00,67951.24
2026-02-21 02:00:00,68001.05
2026-02-21 03:00:00,67667.77
2026-02-21 04:00:00,67816.97
2026-02-21 05:00:00,67851.93
2026-02-21 06:00:00,67793.38
2026-02-21 07:00:00,67856.01
2026-02-21 08:00:00,68055.03
2026-02-21 09:00:00,68147.53
2026-02-21 10:00:00,68215.54
2026-02-21 11:00:00,68092.45
2026-02-21 12:00:00,68203.42
2026-02-21 13:00:00,68259.99
2026-02-21 14:00:00,68450.01
2026-02-21 15:00:00,68615.0
2026-02-21 16:00:00,68322.6
2026-02-21 17:00:00,68437.45
2026-02-21 18:00:00,68574.0
2026-02-21 19:00:00,68543.51
2026-02-21 20:00:00,68211.19
2026-02-21 21:00:00,68379.95
2026-02-21 22:00:00,67972.0
2026-02-21 23:00:00,67975.93
2026-02-22 00:00:00,67946.0
2026-02-22 01:00:00,68159.31
2026-02-22 02:00:00,67909.68
2026-02-22 03:00:00,68041.43
2026-02-22 04:00:00,67983.5
2026-02-22 05:00:00,67977.52
2026-02-22 06:00:00,68038.13
2026-02-22 07:00:00,68005.3
2026-02-22 08:00:00,67950.1
2026-02-22 09:00:00,68053.32
2026-02-22 10:00:00,68129.56
2026-02-22 11:00:00,68219.97
2026-02-22 12:00:00,67928.22
2026-02-22 13:00:00,67652.38
2026-02-22 14:00:00,67443.89
2026-02-22 15:00:00,67684.14
2026-02-22 16:00:00,67632.76
2026-02-22 17:00:00,67384.49
2026-02-22 18:00:00,67422.62
2026-02-22 19:00:00,67428.32
2026-02-22 20:00:00,67401.74
2026-02-22 21:00:00,67612.66
2026-02-22 22:00:00,67666.16
2026-02-22 23:00:00,67643.4
2026-02-23 00:00:00,66740.47
2026-02-23 01:00:00,64427.65
2026-02-23 02:00:00,64783.56
2026-02-23 03:00:00,64934.17
2026-02-23 04:00:00,64808.31
2026-02-23 05:00:00,65070.9
2026-02-23 06:00:00,65757.32
2026-02-23 07:00:00,65958.94
2026-02-23 08:00:00,65676.44
2026-02-23 09:00:00,66404.91
2026-02-23 10:00:00,66319.69
2026-02-23 11:00:00,66207.23
2026-02-23 12:00:00,66280.4
2026-02-23 13:00:00,66132.66
2026-02-23 14:00:00,65923.53
2026-02-23 15:00:00,65660.1
2026-02-23 16:00:00,65364.65
2026-02-23 17:00:00,64813.26
2026-02-23 18:00:00,64635.49
2026-02-23 19:00:00,64295.1
2026-02-23 20:00:00,64473.14
2026-02-23 21:00:00,64580.66
2026-02-23 22:00:00,64725.56
2026-02-23 23:00:00,64656.02
2026-02-24 00:00:00,64941.43
2026-02-24 01:00:00,64160.27
2026-02-24 02:00:00,64109.81
2026-02-24 03:00:00,63595.51
2026-02-24 04:00:00,63378.84
2026-02-24 05:00:00,63104.79
2026-02-24 06:00:00,63082.79
2026-02-24 07:00:00,63192.96
2026-02-24 08:00:00,63392.15
2026-02-24 09:00:00,63249.99
2026-02-24 10:00:00,63284.5
2026-02-24 11:00:00,63227.1
2026-02-24 12:00:00,62969.05
2026-02-24 13:00:00,62900.0
2026-02-24 14:00:00,63453.99
2026-02-24 15:00:00,63973.97
2026-02-24 16:00:00,64265.52
2026-02-24 17:00:00,64219.71
2026-02-24 18:00:00,64435.06
2026-02-24 19:00:00,64435.03
2026-02-24 20:00:00,64472.9
2026-02-24 21:00:00,64042.66
2026-02-24 22:00:00,64120.95
2026-02-24 23:00:00,64058.15
2026-02-25 00:00:00,64224.3
2026-02-25 01:00:00,65896.75
2026-02-25 02:00:00,65884.83
2026-02-25 03:00:00,65391.73
2026-02-25 04:00:00,65457.99
2026-02-25 05:00:00,64882.76
2026-02-25 06:00:00,64898.22
2026-02-25 07:00:00,65028.3
2026-02-25 08:00:00,65530.49
2026-02-25 09:00:00,65558.71
2026-02-25 10:00:00,65400.87
2026-02-25 11:00:00,65430.04
2026-02-25 12:00:00,66068.94
2026-02-25 13:00:00,66248.62
2026-02-25 14:00:00,66973.2
2026-02-25 15:00:00,67412.33
2026-02-25 16:00:00,68297.35
2026-02-25 17:00:00,68674.2
2026-02-25 18:00:00,69328.07
2026-02-25 19:00:00,69038.26
2026-02-25 20:00:00,69148.69
2026-02-25 21:00:00,68919.72
2026-02-25 22:00:00,68432.13
2026-02-25 23:00:00,67988.04
2026-02-26 00:00:00,68335.99
2026-02-26 01:00:00,68248.3
2026-02-26 02:00:00,68257.45
2026-02-26 03:00:00,68216.86
2026-02-26 04:00:00,68571.36
2026-02-26 05:00:00,68443.81
2026-02-26 06:00:00,68176.75
2026-02-26 07:00:00,67825.04
2026-02-26 08:00:00,67954.01
2026-02-26 09:00:00,68589.41
2026-02-26 10:00:00,68301.62
2026-02-26 11:00:00,68051.31
2026-02-26 12:00:00,68171.56
2026-02-26 13:00:00,67905.35
2026-02-26 14:00:00,67697.74
2026-02-26 15:00:00,67382.0
2026-02-26 16:00:00,66643.55
2026-02-26 17:00:00,66826.8
2026-02-26 18:00:00,67310.53
2026-02-26 19:00:00,67589.22
2026-02-26 20:00:00,67414.07
2026-02-26 21:00:00,67463.65
2026-02-26 22:00:00,67572.3
2026-02-26 23:00:00,67485.18
2026-02-27 00:00:00,67226.5
2026-02-27 01:00:00,67352.26
2026-02-27 02:00:00,67266.58
2026-02-27 03:00:00,67600.84
2026-02-27 04:00:00,67747.49
2026-02-27 05:00:00,67724.99
2026-02-27 06:00:00,67658.14
2026-02-27 07:00:00,67690.6
2026-02-27 08:00:00,67926.24
2026-02-27 09:00:00,67355.73
2026-02-27 10:00:00,66604.91
2026-02-27 11:00:00,66126.99
2026-02-27 12:00:00,65928.01
2026-02-27 13:00:00,66270.55
2026-02-27 14:00:00,65887.59
2026-02-27 15:00:00,66095.4
2026-02-27 16:00:00,65475.21
2026-02-27 17:00:00,65703.19
2026-02-27 18:00:00,65314.76
2026-02-27 19:00:00,65392.18
2026-02-27 20:00:00,65594.67
2026-02-27 21:00:00,65527.59
2026-02-27 22:00:00,65637.99
2026-02-27 23:00:00,65872.1
2026-02-28 00:00:00,65942.0
2026-02-28 01:00:00,65770.36
2026-02-28 02:00:00,65961.13
2026-02-28 03:00:00,65797.42
2026-02-28 04:00:00,65663.2
2026-02-28 05:00:00,65591.03
2026-02-28 06:00:00,63216.01
2026-02-28 07:00:00,63826.0
2026-02-28 08:00:00,63473.28
2026-02-28 09:00:00,63658.54
2026-02-28 10:00:00,64010.39
2026-02-28 11:00:00,63844.2
2026-02-28 12:00:00,64017.19
2026-02-28 13:00:00,65106.44
2026-02-28 14:00:00,64435.61
2026-02-28 15:00:00,64841.18
2026-02-28 16:00:00,65094.3
2026-02-28 17:00:00,65442.62
2026-02-28 18:00:00,65911.84
2026-02-28 19:00:00,66362.01
2026-02-28 20:00:00,66959.62
2026-02-28 21:00:00,66723.22
2026-02-28 22:00:00,67103.64
2026-02-28 23:00:00,66973.26
2026-03-01 00:00:00,66791.29
2026-03-01 01:00:00,67339.36
2026-03-01 02:00:00,67620.65
2026-03-01 03:00:00,67502.16
2026-03-01 04:00:00,67346.5
2026-03-01 05:00:00,67292.09
2026-03-01 06:00:00,66926.68
2026-03-01 07:00:00,67141.39
2026-03-01 08:00:00,66560.14
2026-03-01 09:00:00,66410.08
2026-03-01 10:00:00,66467.06
2026-03-01 11:00:00,66468.03
2026-03-01 12:00:00,66296.48
2026-03-01 13:00:00,66934.79
2026-03-01 14:00:00,66847.8
2026-03-01 15:00:00,66842.42
2026-03-01 16:00:00,66135.45
2026-03-01 17:00:00,65979.61
2026-03-01 18:00:00,66316.83
2026-03-01 19:00:00,65962.17
2026-03-01 20:00:00,65300.0
2026-03-01 21:00:00,65666.2
2026-03-01 22:00:00,65268.71
2026-03-01 23:00:00,65776.47
2026-03-02 00:00:00,66501.52
2026-03-02 01:00:00,66532.02
2026-03-02 02:00:00,66276.77
2026-03-02 03:00:00,66820.03
2026-03-02 04:00:00,66862.12
2026-03-02 05:00:00,66730.78
2026-03-02 06:00:00,66204.9
2026-03-02 07:00:00,66007.52
2026-03-02 08:00:00,66282.0
2026-03-02 09:00:00,66168.62
2026-03-02 10:00:00,66316.4
2026-03-02 11:00:00,66359.68
2026-03-02 12:00:00,65963.43
2026-03-02 13:00:00,65440.01
2026-03-02 14:00:00,67177.06
2026-03-02 15:00:00,69130.2
2026-03-02 16:00:00,69428.62
2026-03-02 17:00:00,69198.0
2026-03-02 18:00:00,68877.67
2026-03-02 19:00:00,68966.53
2026-03-02 20:00:00,69106.58
2026-03-02 21:00:00,69413.82
2026-03-02 22:00:00,69440.49
2026-03-02 23:00:00,68830.06
2026-03-03 00:00:00,69092.88
2026-03-03 01:00:00,68760.01
2026-03-03 02:00:00,68512.17
2026-03-03 03:00:00,68377.94
2026-03-03 04:00:00,68123.2
2026-03-03 05:00:00,67947.75
2026-03-03 06:00:00,68106.73
2026-03-03 07:00:00,68172.8
2026-03-03 08:00:00,67003.3
2026-03-03 09:00:00,66647.98
2026-03-03 10:00:00,66860.3
2026-03-03 11:00:00,67026.61
2026-03-03 12:00:00,67399.85
2026-03-03 13:00:00,66931.31
2026-03-03 14:00:00,66568.95
2026-03-03 15:00:00,67725.81
2026-03-03 16:00:00,68175.9
2026-03-03 17:00:00,68318.66
2026-03-03 18:00:00,68628.49
2026-03-03 19:00:00,68435.0
2026-03-03 20:00:00,68266.0
2026-03-03 21:00:00,68024.62
2026-03-03 22:00:00,68327.2
2026-03-03 23:00:00,68338.0
2026-03-04 00:00:00,68093.19
2026-03-04 01:00:00,68405.0
2026-03-04 02:00:00,68323.33
2026-03-04 03:00:00,67732.2
2026-03-04 04:00:00,67786.0
2026-03-04 05:00:00,68206.59
2026-03-04 06:00:00,68508.02
2026-03-04 07:00:00,69493.13
2026-03-04 08:00:00,71011.4
2026-03-04 09:00:00,71520.76
2026-03-04 10:00:00,71348.92
2026-03-04 11:00:00,71111.4
2026-03-04 12:00:00,71339.71
2026-03-04 13:00:00,71477.17
2026-03-04 14:00:00,71621.04
2026-03-04 15:00:00,73396.88
2026-03-04 16:00:00,73294.84
2026-03-04 17:00:00,73218.92
2026-03-04 18:00:00,73693.5
2026-03-04 19:00:00,73611.1
2026-03-04 20:00:00,73019.68
2026-03-04 21:00:00,73309.72
2026-03-04 22:00:00,72705.86
2026-03-04 23:00:00,72666.77
2026-03-05 00:00:00,72760.0
2026-03-05 01:00:00,72538.72
2026-03-05 02:00:00,72506.19
2026-03-05 03:00:00,72497.89
2026-03-05 04:00:00,72815.7
2026-03-05 05:00:00,72412.15
2026-03-05 06:00:00,72553.62
2026-03-05 07:00:00,72055.5
2026-03-05 08:00:00,72333.7
2026-03-05 09:00:00,72591.59
2026-03-05 10:00:00,73388.92
2026-03-05 11:00:00,72915.79
2026-03-05 12:00:00,72890.73
2026-03-05 13:00:00,72467.79
2026-03-05 14:00:00,72609.29
2026-03-05 15:00:00,71652.77
2026-03-05 16:00:00,71305.92
2026-03-05 17:00:00,70704.41
2026-03-05 18:00:00,70990.65
2026-03-05 19:00:00,70918.07
2026-03-05 20:00:00,71236.51
2026-03-05 21:00:00,71141.93
2026-03-05 22:00:00,71208.54
2026-03-05 23:00:00,70890.72
2026-03-06 00:00:00,70988.19
2026-03-06 01:00:00,71257.2
2026-03-06 02:00:00,71252.43
2026-03-06 03:00:00,71080.38
2026-03-06 04:00:00,70613.61
2026-03-06 05:00:00,70436.19
2026-03-06 06:00:00,70597.23
2026-03-06 07:00:00,71056.44
2026-03-06 08:00:00,70789.49
2026-03-06 09:00:00,70565.56
2026-03-06 10:00:00,70527.93
2026-03-06 11:00:00,70212.95
2026-03-06 12:00:00,69907.0
2026-03-06 13:00:00,69208.0
2026-03-06 14:00:00,68409.89
2026-03-06 15:00:00,68504.71
2026-03-06 16:00:00,68446.52
2026-03-06 17:00:00,67955.1
2026-03-06 18:00:00,68181.2
2026-03-06 19:00:00,68131.79
2026-03-06 20:00:00,68111.03
2026-03-06 21:00:00,68289.1
2026-03-06 22:00:00,68319.89
2026-03-06 23:00:00,68114.02
2026-03-07 00:00:00,68290.45
2026-03-07 01:00:00,68262.01
2026-03-07 02:00:00,68350.04
2026-03-07 03:00:00,68095.5
2026-03-07 04:00:00,68063.43
2026-03-07 05:00:00,68018.26
2026-03-07 06:00:00,67690.86
2026-03-07 07:00:00,67842.67
2026-03-07 08:00:00,67795.4
2026-03-07 09:00:00,68000.0
2026-03-07 10:00:00,67880.31
2026-03-07 11:00:00,68010.01
2026-03-07 12:00:00,67992.54
2026-03-07 13:00:00,67931.06
2026-03-07 14:00:00,68016.7
2026-03-07 15:00:00,67877.45
2026-03-07 16:00:00,67783.63
2026-03-07 17:00:00,67788.41
2026-03-07 18:00:00,67568.13
2026-03-07 19:00:00,67080.34
2026-03-07 20:00:00,67402.98
2026-03-07 21:00:00,67452.98
2026-03-07 22:00:00,67258.65
2026-03-07 23:00:00,67262.91
2026-03-08 00:00:00,67194.77
2026-03-08 01:00:00,67297.27
2026-03-08 02:00:00,66925.44
2026-03-08 03:00:00,67000.26
2026-03-08 04:00:00,66637.36
2026-03-08 05:00:00,67149.93
2026-03-08 06:00:00,67161.52
2026-03-08 07:00:00,67319.91
2026-03-08 08:00:00,67539.33
2026-03-08 09:00:00,67681.0
2026-03-08 10:00:00,67904.14
2026-03-08 11:00:00,67515.0
2026-03-08 12:00:00,67324.72
2026-03-08 13:00:00,67234.86
2026-03-08 14:00:00,67339.76
2026-03-08 15:00:00,67218.23
2026-03-08 16:00:00,66872.15
2026-03-08 17:00:00,67065.0
2026-03-08 18:00:00,66804.0
2026-03-08 19:00:00,67337.42
2026-03-08 20:00:00,67238.8
2026-03-08 21:00:00,67020.01
2026-03-08 22:00:00,66236.8
2026-03-08 23:00:00,65971.2
2026-03-09 00:00:00,66370.01
2026-03-09 01:00:00,66196.01
2026-03-09 02:00:00,66537.32
2026-03-09 03:00:00,67205.05
2026-03-09 04:00:00,67130.14
2026-03-09 05:00:00,67911.16
2026-03-09 06:00:00,67267.18
2026-03-09 07:00:00,67555.13
2026-03-09 08:00:00,67814.69
2026-03-09 09:00:00,67981.02
2026-03-09 10:00:00,67608.13
2026-03-09 11:00:00,67764.98
2026-03-09 12:00:00,68151.93
2026-03-09 13:00:00,68976.0
2026-03-09 14:00:00,69151.5
2026-03-09 15:00:00,68863.66
2026-03-09 16:00:00,68960.12
2026-03-09 17:00:00,68600.71
2026-03-09 18:00:00,68356.37
2026-03-09 19:00:00,68991.93
2026-03-09 20:00:00,68961.71
2026-03-09 21:00:00,68919.72
2026-03-09 22:00:00,68635.88
2026-03-09 23:00:00,68432.16
2026-03-10 00:00:00,69157.37
2026-03-10 01:00:00,69260.01
2026-03-10 02:00:00,70272.01
2026-03-10 03:00:00,69429.85
2026-03-10 04:00:00,70072.94
2026-03-10 05:00:00,69971.34
2026-03-10 06:00:00,69910.91
2026-03-10 07:00:00,70406.01
2026-03-10 08:00:00,70709.37
2026-03-10 09:00:00,71078.92
2026-03-10 10:00:00,70774.04
2026-03-10 11:00:00,70580.94
2026-03-10 12:00:00,70519.86
2026-03-10 13:00:00,69921.12
2026-03-10 14:00:00,71467.81
2026-03-10 15:00:00,71346.16
2026-03-10 16:00:00,71268.59
2026-03-10 17:00:00,70868.61
2026-03-10 18:00:00,70013.87
2026-03-10 19:00:00,70043.63
2026-03-10 20:00:00,70235.6
2026-03-10 21:00:00,69763.01
2026-03-10 22:00:00,69721.58
2026-03-10 23:00:00,69948.63
2026-03-11 00:00:00,70044.87
2026-03-11 01:00:00,70071.26
2026-03-11 02:00:00,69810.72
2026-03-11 03:00:00,69551.91
2026-03-11 04:00:00,70130.99
2026-03-11 05:00:00,69510.36
2026-03-11 06:00:00,69950.01
2026-03-11 07:00:00,69648.29
2026-03-11 08:00:00,69662.24
2026-03-11 09:00:00,69466.75
2026-03-11 10:00:00,69604.9
2026-03-11 11:00:00,69173.0
2026-03-11 12:00:00,69361.13
2026-03-11 13:00:00,70186.09
2026-03-11 14:00:00,70578.7
2026-03-11 15:00:00,70227.91
2026-03-11 16:00:00,70570.71
2026-03-11 17:00:00,70785.99
2026-03-11 18:00:00,70617.64
2026-03-11 19:00:00,70641.82
2026-03-11 20:00:00,70634.96
2026-03-11 21:00:00,70741.26
2026-03-11 22:00:00,70373.01
2026-03-11 23:00:00,70191.86
2026-03-12 00:00:00,70225.34
2026-03-12 01:00:00,69841.31
2026-03-12 02:00:00,69286.56
2026-03-12 03:00:00,69446.61
2026-03-12 04:00:00,69372.0
2026-03-12 05:00:00,69480.54
2026-03-12 06:00:00,69501.44
2026-03-12 07:00:00,69826.19
2026-03-12 08:00:00,69917.37
2026-03-12 09:00:00,69952.51
2026-03-12 10:00:00,70412.11
2026-03-12 11:00:00,70427.91
2026-03-12 12:00:00,70381.8
2026-03-12 13:00:00,69972.15
2026-03-12 14:00:00,69590.09
2026-03-12 15:00:00,70334.88
2026-03-12 16:00:00,70381.16
2026-03-12 17:00:00,70212.06
2026-03-12 18:00:00,69819.64
2026-03-12 19:00:00,70432.32
2026-03-12 20:00:00,70164.49
2026-03-12 21:00:00,70268.55
2026-03-12 22:00:00,70175.64
2026-03-12 23:00:00,70541.34
2026-03-13 00:00:00,71475.61
2026-03-13 01:00:00,71672.39
2026-03-13 02:00:00,71143.8
2026-03-13 03:00:00,71405.75
2026-03-13 04:00:00,71393.94
2026-03-13 05:00:00,71546.29
2026-03-13 06:00:00,71342.0
2026-03-13 07:00:00,71612.22
2026-03-13 08:00:00,71821.02
2026-03-13 09:00:00,72006.57
2026-03-13 10:00:00,72458.12
2026-03-13 11:00:00,72228.82
2026-03-13 12:00:00,72784.73
2026-03-13 13:00:00,73379.18
2026-03-13 14:00:00,72382.72
2026-03-13 15:00:00,71831.46
2026-03-13 16:00:00,71885.57
2026-03-13 17:00:00,71037.93
2026-03-13 18:00:00,71055.45
2026-03-13 19:00:00,71189.95
2026-03-13 20:00:00,71346.84
2026-03-13 21:00:00,71104.65
2026-03-13 22:00:00,70814.0
2026-03-13 23:00:00,70930.0
2026-03-14 00:00:00,70631.97
2026-03-14 01:00:00,70831.7
2026-03-14 02:00:00,70783.27
2026-03-14 03:00:00,71081.3
2026-03-14 04:00:00,71039.58
2026-03-14 05:00:00,71013.75
2026-03-14 06:00:00,70622.08
2026-03-14 07:00:00,70596.68
2026-03-14 08:00:00,70585.63
2026-03-14 09:00:00,70501.16
2026-03-14 10:00:00,70570.44
2026-03-14 11:00:00,70751.42
2026-03-14 12:00:00,70780.59
2026-03-14 13:00:00,70847.35
2026-03-14 14:00:00,70599.22
2026-03-14 15:00:00,70580.09
2026-03-14 16:00:00,70672.53
2026-03-14 17:00:00,70617.01
2026-03-14 18:00:00,70668.23
2026-03-14 19:00:00,70700.0
2026-03-14 20:00:00,70805.71
2026-03-14 21:00:00,70799.99
2026-03-14 22:00:00,70710.91
2026-03-14 23:00:00,71211.95
2026-03-15 00:00:00,70985.28
2026-03-15 01:00:00,70985.83
2026-03-15 02:00:00,71450.53
2026-03-15 03:00:00,71363.14
2026-03-15 04:00:00,71606.32
2026-03-15 05:00:00,71489.68
2026-03-15 06:00:00,71458.41
2026-03-15 07:00:00,71453.59
2026-03-15 08:00:00,71717.5
2026-03-15 09:00:00,71791.1
2026-03-15 10:00:00,71783.09
2026-03-15 11:00:00,71839.42
2026-03-15 12:00:00,71610.33
2026-03-15 13:00:00,71607.54
2026-03-15 14:00:00,71622.03
2026-03-15 15:00:00,71481.24
2026-03-15 16:00:00,71437.35
2026-03-15 17:00:00,71819.95
2026-03-15 18:00:00,71390.53
2026-03-15 19:00:00,71549.94
2026-03-15 20:00:00,71730.81
2026-03-15 21:00:00,72109.58
2026-03-15 22:00:00,72749.44
2026-03-15 23:00:00,72815.24
2026-03-16 00:00:00,72531.26
2026-03-16 01:00:00,72752.9
2026-03-16 02:00:00,72514.69
2026-03-16 03:00:00,73573.32
2026-03-16 04:00:00,73835.62
2026-03-16 05:00:00,74207.49
2026-03-16 06:00:00,73714.36
2026-03-16 07:00:00,73456.68
2026-03-16 08:00:00,73135.0
2026-03-16 09:00:00,73260.92
2026-03-16 10:00:00,73783.42
2026-03-16 11:00:00,73552.77
2026-03-16 12:00:00,73864.8
2026-03-16 13:00:00,74109.55
2026-03-16 14:00:00,73565.54
2026-03-16 15:00:00,73274.76
2026-03-16 16:00:00,73760.63
2026-03-16 17:00:00,73943.18
2026-03-16 18:00:00,73913.6
2026-03-16 19:00:00,73963.0
2026-03-16 20:00:00,74236.9
2026-03-16 21:00:00,74401.36
2026-03-16 22:00:00,74772.66
2026-03-16 23:00:00,74884.67
2026-03-17 00:00:00,75318.48
2026-03-17 01:00:00,75623.91
2026-03-17 02:00:00,75198.02
2026-03-17 03:00:00,74463.98
2026-03-17 04:00:00,74252.01
2026-03-17 05:00:00,74036.74
2026-03-17 06:00:00,74085.45
2026-03-17 07:00:00,74249.32
2026-03-17 08:00:00,74188.38
2026-03-17 09:00:00,73937.16
2026-03-17 10:00:00,73729.45
2026-03-17 11:00:00,74033.11
2026-03-17 12:00:00,73739.74
2026-03-17 13:00:00,73615.48
2026-03-17 14:00:00,74381.7
2026-03-17 15:00:00,73914.39
2026-03-17 16:00:00,74155.69
2026-03-17 17:00:00,74523.75
2026-03-17 18:00:00,74683.04
2026-03-17 19:00:00,74512.17
2026-03-17 20:00:00,74506.75
2026-03-17 21:00:00,74685.42
2026-03-17 22:00:00,74307.08
2026-03-17 23:00:00,73909.36
2026-03-18 00:00:00,73867.88
2026-03-18 01:00:00,74072.3
2026-03-18 02:00:00,74338.93
2026-03-18 03:00:00,74446.14
2026-03-18 04:00:00,74175.49
2026-03-18 05:00:00,73950.0
2026-03-18 06:00:00,73954.03
2026-03-18 07:00:00,73883.8
2026-03-18 08:00:00,74044.89
2026-03-18 09:00:00,74181.08
2026-03-18 10:00:00,73946.35
2026-03-18 11:00:00,72952.85
2026-03-18 12:00:00,72361.24
2026-03-18 13:00:00,72133.49
2026-03-18 14:00:00,71193.23
2026-03-18 15:00:00,71467.82
2026-03-18 16:00:00,71314.08
2026-03-18 17:00:00,71595.21
2026-03-18 18:00:00,71096.74
2026-03-18 19:00:00,71072.38
2026-03-18 20:00:00,71214.67
2026-03-18 21:00:00,71263.67
2026-03-18 22:00:00,71153.66
2026-03-18 23:00:00,71246.54
2026-03-19 00:00:00,71002.17
2026-03-19 01:00:00,71115.23
2026-03-19 02:00:00,71055.44
2026-03-19 03:00:00,71215.39
2026-03-19 04:00:00,70822.07
2026-03-19 05:00:00,70826.54
2026-03-19 06:00:00,70583.22
2026-03-19 07:00:00,70191.17
2026-03-19 08:00:00,69985.19
2026-03-19 09:00:00,70513.0
2026-03-19 10:00:00,70133.72
2026-03-19 11:00:00,69952.75
2026-03-19 12:00:00,69290.27
2026-03-19 13:00:00,69905.65
2026-03-19 14:00:00,69482.25
2026-03-19 15:00:00,69412.51
2026-03-19 16:00:00,69455.86
2026-03-19 17:00:00,69854.16
2026-03-19 18:00:00,69821.21
2026-03-19 19:00:00,70271.99
2026-03-19 20:00:00,70483.03
2026-03-19 21:00:00,70413.47
2026-03-19 22:00:00,70183.99
2026-03-19 23:00:00,69930.0
2026-03-20 00:00:00,70181.0
2026-03-20 01:00:00,70403.79
2026-03-20 02:00:00,70415.47
2026-03-20 03:00:00,70729.92
2026-03-20 04:00:00,70783.69
2026-03-20 05:00:00,70606.24
2026-03-20 06:00:00,70502.9
2026-03-20 07:00:00,70854.66
2026-03-20 08:00:00,71042.23
2026-03-20 09:00:00,70583.8
2026-03-20 10:00:00,70611.68
2026-03-20 11:00:00,70478.71
2026-03-20 12:00:00,70342.63
2026-03-20 13:00:00,69863.84
2026-03-20 14:00:00,69731.21
2026-03-20 15:00:00,69860.09
2026-03-20 16:00:00,69829.26
2026-03-20 17:00:00,70000.0
2026-03-20 18:00:00,69770.0
2026-03-20 19:00:00,70177.86
2026-03-20 20:00:00,70057.66
2026-03-20 21:00:00,70540.73
2026-03-20 22:00:00,70767.85
2026-03-20 23:00:00,70510.73
2026-03-21 00:00:00,70682.19
2026-03-21 01:00:00,70464.59
2026-03-21 02:00:00,70737.6
2026-03-21 03:00:00,70657.35
2026-03-21 04:00:00,70642.13
2026-03-21 05:00:00,70697.94
2026-03-21 06:00:00,70774.65
2026-03-21 07:00:00,70727.33
2026-03-21 08:00:00,70594.43
2026-03-21 09:00:00,70661.59
2026-03-21 10:00:00,70605.64
2026-03-21 11:00:00,70652.72
2026-03-21 12:00:00,70722.61
2026-03-21 13:00:00,70740.18
2026-03-21 14:00:00,70629.1
2026-03-21 15:00:00,70630.02
2026-03-21 16:00:00,70301.66
2026-03-21 17:00:00,70304.08
2026-03-21 18:00:00,70389.19
2026-03-21 19:00:00,70396.0
2026-03-21 20:00:00,70462.28
2026-03-21 21:00:00,70345.57
2026-03-21 22:00:00,70277.22
2026-03-21 23:00:00,68918.12
2026-03-22 00:00:00,68954.71
2026-03-22 01:00:00,68962.4
2026-03-22 02:00:00,69278.12
2026-03-22 03:00:00,69339.99
2026-03-22 04:00:00,69358.0
2026-03-22 05:00:00,69153.41
2026-03-22 06:00:00,69164.06
2026-03-22 07:00:00,68919.38
2026-03-22 08:00:00,68804.77
2026-03-22 09:00:00,68826.2
2026-03-22 10:00:00,68648.17
2026-03-22 11:00:00,68217.95
2026-03-22 12:00:00,68654.83
2026-03-22 13:00:00,68700.02
2026-03-22 14:00:00,68711.66
2026-03-22 15:00:00,68847.96
2026-03-22 16:00:00,68805.58
2026-03-22 17:00:00,68673.02
2026-03-22 18:00:00,68618.58
2026-03-22 19:00:00,68199.93
2026-03-22 20:00:00,68176.46
2026-03-22 21:00:00,67899.97
2026-03-22 22:00:00,68339.37
2026-03-22 23:00:00,67859.0
2026-03-23 00:00:00,67669.99
2026-03-23 01:00:00,67905.0
2026-03-23 02:00:00,68320.72
2026-03-23 03:00:00,68074.6
2026-03-23 04:00:00,68541.0
2026-03-23 05:00:00,68899.92
2026-03-23 06:00:00,67874.19
2026-03-23 07:00:00,68333.16
2026-03-23 08:00:00,68434.26
2026-03-23 09:00:00,68334.01
2026-03-23 10:00:00,68551.02
2026-03-23 11:00:00,70122.15
2026-03-23 12:00:00,70752.15
2026-03-23 13:00:00,71481.13
2026-03-23 14:00:00,71446.46
2026-03-23 15:00:00,70131.48
2026-03-23 16:00:00,70561.54
2026-03-23 17:00:00,71085.16
2026-03-23 18:00:00,71076.22
2026-03-23 19:00:00,70679.05
2026-03-23 20:00:00,70915.59
2026-03-23 21:00:00,70851.35
2026-03-23 22:00:00,70780.22
2026-03-23 23:00:00,70906.45
2026-03-24 00:00:00,70679.2
2026-03-24 01:00:00,70516.57
2026-03-24 02:00:00,70453.37
2026-03-24 03:00:00,70542.9
2026-03-24 04:00:00,70372.44
2026-03-24 05:00:00,70283.85
2026-03-24 06:00:00,70541.38
2026-03-24 07:00:00,71291.7
2026-03-24 08:00:00,70964.15
2026-03-24 09:00:00,71316.97
2026-03-24 10:00:00,71272.87
2026-03-24 11:00:00,71157.77
2026-03-24 12:00:00,70956.48
2026-03-24 13:00:00,70100.46
2026-03-24 14:00:00,69869.93
2026-03-24 15:00:00,69873.04
2026-03-24 16:00:00,69476.87
2026-03-24 17:00:00,69238.43
2026-03-24 18:00:00,69430.24
2026-03-24 19:00:00,69377.33
2026-03-24 20:00:00,70093.19
2026-03-24 21:00:00,70332.93
2026-03-24 22:00:00,70316.96
2026-03-24 23:00:00,70556.74
2026-03-25 00:00:00,70840.75
2026-03-25 01:00:00,70677.18
2026-03-25 02:00:00,70531.09
2026-03-25 03:00:00,70716.7
2026-03-25 04:00:00,70968.64
2026-03-25 05:00:00,71117.66
2026-03-25 06:00:00,70991.83
2026-03-25 07:00:00,70926.88
2026-03-25 08:00:00,71248.39
2026-03-25 09:00:00,71345.91
2026-03-25 10:00:00,71501.39
2026-03-25 11:00:00,71678.97
2026-03-25 12:00:00,71715.24
2026-03-25 13:00:00,71581.42
2026-03-25 14:00:00,71234.28
2026-03-25 15:00:00,70832.99
2026-03-25 16:00:00,71324.01
2026-03-25 17:00:00,70779.0
2026-03-25 18:00:00,70810.34
2026-03-25 19:00:00,70883.31
2026-03-25 20:00:00,71009.5
2026-03-25 21:00:00,71035.24
2026-03-25 22:00:00,71369.08
2026-03-25 23:00:00,71336.53
2026-03-26 00:00:00,71299.27
2026-03-26 01:00:00,71252.11
2026-03-26 02:00:00,70893.01
2026-03-26 03:00:00,70921.47
2026-03-26 04:00:00,70772.01
2026-03-26 05:00:00,70016.98
2026-03-26 06:00:00,70097.18
2026-03-26 07:00:00,70087.44
2026-03-26 08:00:00,70024.77
2026-03-26 09:00:00,69562.41
2026-03-26 10:00:00,69517.68
2026-03-26 11:00:00,69276.01
2026-03-26 12:00:00,69436.42
2026-03-26 13:00:00,69646.59
2026-03-26 14:00:00,69479.92
2026-03-26 15:00:00,69082.64
2026-03-26 16:00:00,68932.52
2026-03-26 17:00:00,68486.86
2026-03-26 18:00:00,68497.25
2026-03-26 19:00:00,68534.36
2026-03-26 20:00:00,69005.21
2026-03-26 21:00:00,68921.1
2026-03-26 22:00:00,68892.67
2026-03-26 23:00:00,68820.31
2026-03-27 00:00:00,68785.01
2026-03-27 01:00:00,69051.27
2026-03-27 02:00:00,68903.59
2026-03-27 03:00:00,68767.51
2026-03-27 04:00:00,68578.0
2026-03-27 05:00:00,68630.77
2026-03-27 06:00:00,68656.15
2026-03-27 07:00:00,68540.48
2026-03-27 08:00:00,67920.5
2026-03-27 09:00:00,67695.81
2026-03-27 10:00:00,66502.41
2026-03-27 11:00:00,66702.78
2026-03-27 12:00:00,66619.76
2026-03-27 13:00:00,66188.32
2026-03-27 14:00:00,66205.06
2026-03-27 15:00:00,66112.82
2026-03-27 16:00:00,65979.29
2026-03-27 17:00:00,65632.92
2026-03-27 18:00:00,65836.69
2026-03-27 19:00:00,66040.66
2026-03-27 20:00:00,66020.76
2026-03-27 21:00:00,66098.0
2026-03-27 22:00:00,66020.79
2026-03-27 23:00:00,66407.28
2026-03-28 00:00:00,66431.55
2026-03-28 01:00:00,66178.85
2026-03-28 02:00:00,66053.2
2026-03-28 03:00:00,66240.0
2026-03-28 04:00:00,66285.01
2026-03-28 05:00:00,66341.9
2026-03-28 06:00:00,66382.0
2026-03-28 07:00:00,66561.48
2026-03-28 08:00:00,66409.33
2026-03-28 09:00:00,66311.32
2026-03-28 10:00:00,66221.38
2026-03-28 11:00:00,66319.47
2026-03-28 12:00:00,66455.09
2026-03-28 13:00:00,66835.1
2026-03-28 14:00:00,66742.1
2026-03-28 15:00:00,67014.91
2026-03-28 16:00:00,66926.95
2026-03-28 17:00:00,66846.21
2026-03-28 18:00:00,66908.03
2026-03-28 19:00:00,66916.52
2026-03-28 20:00:00,66906.0
2026-03-28 21:00:00,66685.53
2026-03-28 22:00:00,66755.88
2026-03-28 23:00:00,66377.03
2026-03-29 00:00:00,66487.93
2026-03-29 01:00:00,66569.22
2026-03-29 02:00:00,66818.0
2026-03-29 03:00:00,66912.0
2026-03-29 04:00:00,66735.14
2026-03-29 05:00:00,66771.94
2026-03-29 06:00:00,66738.5
2026-03-29 07:00:00,66671.0
2026-03-29 08:00:00,66724.0
2026-03-29 09:00:00,66634.01
2026-03-29 10:00:00,66502.79
2026-03-29 11:00:00,66816.28
2026-03-29 12:00:00,66849.88
2026-03-29 13:00:00,66580.36
2026-03-29 14:00:00,66589.64
2026-03-29 15:00:00,66523.0
2026-03-29 16:00:00,66499.35
2026-03-29 17:00:00,66385.84
2026-03-29 18:00:00,66427.26
2026-03-29 19:00:00,66348.62
2026-03-29 20:00:00,66614.05
2026-03-29 21:00:00,66710.12
2026-03-29 22:00:00,65860.31
2026-03-29 23:00:00,66010.93
2026-03-30 00:00:00,66280.25
2026-03-30 01:00:00,66653.74
2026-03-30 02:00:00,67121.01
2026-03-30 03:00:00,67173.8
2026-03-30 04:00:00,67616.29
2026-03-30 05:00:00,67492.46
2026-03-30 06:00:00,67305.14
2026-03-30 07:00:00,67624.39
2026-03-30 08:00:00,67666.44
2026-03-30 09:00:00,67495.46
2026-03-30 10:00:00,67488.53
2026-03-30 11:00:00,67680.45
2026-03-30 12:00:00,67899.59
2026-03-30 13:00:00,67529.52
2026-03-30 14:00:00,67799.54
2026-03-30 15:00:00,67629.4
2026-03-30 16:00:00,67368.1
2026-03-30 17:00:00,66828.02
2026-03-30 18:00:00,66653.46
2026-03-30 19:00:00,66550.05
2026-03-30 20:00:00,66651.4
2026-03-30 21:00:00,66809.3
2026-03-30 22:00:00,66784.98
2026-03-30 23:00:00,66797.37
2026-03-31 00:00:00,67208.75
2026-03-31 01:00:00,67938.54
2026-03-31 02:00:00,67943.43
2026-03-31 03:00:00,67704.74
2026-03-31 04:00:00,67544.01
2026-03-31 05:00:00,67681.68
2026-03-31 06:00:00,67492.85
2026-03-31 07:00:00,67367.69
2026-03-31 08:00:00,66778.33
2026-03-31 09:00:00,66124.99
2026-03-31 10:00:00,66363.38
2026-03-31 11:00:00,66685.69
2026-03-31 12:00:00,66653.26
2026-03-31 13:00:00,67302.29
2026-03-31 14:00:00,66587.45
2026-03-31 15:00:00,66736.8
2026-03-31 16:00:00,67665.83
2026-03-31 17:00:00,67526.75
2026-03-31 18:00:00,67854.05
2026-03-31 19:00:00,67838.8
2026-03-31 20:00:00,68265.53
2026-03-31 21:00:00,68277.99
2026-03-31 22:00:00,68172.87
2026-03-31 23:00:00,68284.48
2026-04-01 00:00:00,68330.75
2026-04-01 01:00:00,67782.73
2026-04-01 02:00:00,67668.89
2026-04-01 03:00:00,68170.67
2026-04-01 04:00:00,68303.83
2026-04-01 05:00:00,68456.02
2026-04-01 06:00:00,69102.85
2026-04-01 07:00:00,68692.0
2026-04-01 08:00:00,68670.16
2026-04-01 09:00:00,68644.0
2026-04-01 10:00:00,68585.55
2026-04-01 11:00:00,68712.52
2026-04-01 12:00:00,68393.6
2026-04-01 13:00:00,68116.07
2026-04-01 14:00:00,68593.55
2026-04-01 15:00:00,68918.52
2026-04-01 16:00:00,68816.34
2026-04-01 17:00:00,68266.62
2026-04-01 18:00:00,68084.76
2026-04-01 19:00:00,68176.84
2026-04-01 20:00:00,68191.09
2026-04-01 21:00:00,68362.53
2026-04-01 22:00:00,68122.99
2026-04-01 23:00:00,68113.92
2026-04-02 00:00:00,68600.29
2026-04-02 01:00:00,67359.27
2026-04-02 02:00:00,66852.99
2026-04-02 03:00:00,66576.25
2026-04-02 04:00:00,66330.27
2026-04-02 05:00:00,66591.54
2026-04-02 06:00:00,66681.49
2026-04-02 07:00:00,66930.79
2026-04-02 08:00:00,66439.12
2026-04-02 09:00:00,66469.6
2026-04-02 10:00:00,66457.28
2026-04-02 11:00:00,66220.28
2026-04-02 12:00:00,66052.71
2026-04-02 13:00:00,66270.87
2026-04-02 14:00:00,66868.18
2026-04-02 15:00:00,66852.91
2026-04-02 16:00:00,67095.85
2026-04-02 17:00:00,66679.16
2026-04-02 18:00:00,66981.99
2026-04-02 19:00:00,66975.99
2026-04-02 20:00:00,66939.25
2026-04-02 21:00:00,66935.93
2026-04-02 22:00:00,66982.48
2026-04-02 23:00:00,66901.99
2026-04-03 00:00:00,66785.86
2026-04-03 01:00:00,66630.0
2026-04-03 02:00:00,66533.81
2026-04-03 03:00:00,66579.97
2026-04-03 04:00:00,66602.66
2026-04-03 05:00:00,66600.35
2026-04-03 06:00:00,66796.79
2026-04-03 07:00:00,67042.08
2026-04-03 08:00:00,66965.39
2026-04-03 09:00:00,66859.58
2026-04-03 10:00:00,66883.08
2026-04-03 11:00:00,67017.44
2026-04-03 12:00:00,66722.16
2026-04-03 13:00:00,66672.0
2026-04-03 14:00:00,66929.81
2026-04-03 15:00:00,66827.15
2026-04-03 16:00:00,67010.46
2026-04-03 17:00:00,66855.01
2026-04-03 18:00:00,66812.03
2026-04-03 19:00:00,66885.74
2026-04-03 20:00:00,66831.98
2026-04-03 21:00:00,66964.21
2026-04-03 22:00:00,66888.76
2026-04-03 23:00:00,66964.3
2026-04-04 00:00:00,66893.39
2026-04-04 01:00:00,66852.0
2026-04-04 02:00:00,66844.83
2026-04-04 03:00:00,66832.18
2026-04-04 04:00:00,66860.73
2026-04-04 05:00:00,66916.29
2026-04-04 06:00:00,67013.24
2026-04-04 07:00:00,67014.96
2026-04-04 08:00:00,66940.0
2026-04-04 09:00:00,66988.05
2026-04-04 10:00:00,67167.0
2026-04-04 11:00:00,67156.93
2026-04-04 12:00:00,67097.87
2026-04-04 13:00:00,67193.44
2026-04-04 14:00:00,67215.24
2026-04-04 15:00:00,67383.66
2026-04-04 16:00:00,67366.68
2026-04-04 17:00:00,67329.4
2026-04-04 18:00:00,67295.47
2026-04-04 19:00:00,67288.42
2026-04-04 20:00:00,67268.4
2026-04-04 21:00:00,67359.2
2026-04-04 22:00:00,67399.92
2026-04-04 23:00:00,67300.42
2026-04-05 00:00:00,67225.0
2026-04-05 01:00:00,67085.0
2026-04-05 02:00:00,67170.16
2026-04-05 03:00:00,67145.98
2026-04-05 04:00:00,67101.65
2026-04-05 05:00:00,66931.65
2026-04-05 06:00:00,66802.24
2026-04-05 07:00:00,66820.64
2026-04-05 08:00:00,66933.18
2026-04-05 09:00:00,67035.15
2026-04-05 10:00:00,67046.01
2026-04-05 11:00:00,66999.0
2026-04-05 12:00:00,66783.58
2026-04-05 13:00:00,66890.7
2026-04-05 14:00:00,66918.03
2026-04-05 15:00:00,67306.64
2026-04-05 16:00:00,67212.62
2026-04-05 17:00:00,67373.64
2026-04-05 18:00:00,67413.78
2026-04-05 19:00:00,67361.01
2026-04-05 20:00:00,67658.35
2026-04-05 21:00:00,67553.43
2026-04-05 22:00:00,68338.43
2026-04-05 23:00:00,69034.18
2026-04-06 00:00:00,69083.78
2026-04-06 01:00:00,68810.18
2026-04-06 02:00:00,69207.99
2026-04-06 03:00:00,69123.69
2026-04-06 04:00:00,69141.8
2026-04-06 05:00:00,69199.31
2026-04-06 06:00:00,68976.67
2026-04-06 07:00:00,69115.91
2026-04-06 08:00:00,69224.63
2026-04-06 09:00:00,69728.0
2026-04-06 10:00:00,69770.88
2026-04-06 11:00:00,69614.91
2026-04-06 12:00:00,69366.75
2026-04-06 13:00:00,69428.23
2026-04-06 14:00:00,69654.38
2026-04-06 15:00:00,69968.87
2026-04-06 16:00:00,69799.14
2026-04-06 17:00:00,69574.61
2026-04-06 18:00:00,69888.97
2026-04-06 19:00:00,69739.53
2026-04-06 20:00:00,69826.01
2026-04-06 21:00:00,69504.99
2026-04-06 22:00:00,68811.0
2026-04-06 23:00:00,68853.66
2026-04-07 00:00:00,68775.7
2026-04-07 01:00:00,68400.01
2026-04-07 02:00:00,68674.0
2026-04-07 03:00:00,68779.21
2026-04-07 04:00:00,68854.65
2026-04-07 05:00:00,68669.0
2026-04-07 06:00:00,68568.35
2026-04-07 07:00:00,68624.61
2026-04-07 08:00:00,68936.71
2026-04-07 09:00:00,69150.05
2026-04-07 10:00:00,68237.93
2026-04-07 11:00:00,68345.75
2026-04-07 12:00:00,68392.18
2026-04-07 13:00:00,68231.99
2026-04-07 14:00:00,67860.48
2026-04-07 15:00:00,68168.1
2026-04-07 16:00:00,68229.99
2026-04-07 17:00:00,68705.81
2026-04-07 18:00:00,68442.53
2026-04-07 19:00:00,69011.29
2026-04-07 20:00:00,69319.39
2026-04-07 21:00:00,69927.64
2026-04-07 22:00:00,71514.09
2026-04-07 23:00:00,71924.22
2026-04-08 00:00:00,71710.19
2026-04-08 01:00:00,71476.97
2026-04-08 02:00:00,71364.94
2026-04-08 03:00:00,71287.39
2026-04-08 04:00:00,71566.18
2026-04-08 05:00:00,71731.1
2026-04-08 06:00:00,71732.69
2026-04-08 07:00:00,71627.59
2026-04-08 08:00:00,71800.0
2026-04-08 09:00:00,71678.87
2026-04-08 10:00:00,71476.98
2026-04-08 11:00:00,71675.12
2026-04-08 12:00:00,72071.95
2026-04-08 13:00:00,71600.01
2026-04-08 14:00:00,70912.88
2026-04-08 15:00:00,71310.0
2026-04-08 16:00:00,71602.1
2026-04-08 17:00:00,71888.19
2026-04-08 18:00:00,71099.63
2026-04-08 19:00:00,71318.48
2026-04-08 20:00:00,71372.93
2026-04-08 21:00:00,71551.39
2026-04-08 22:00:00,71064.84
2026-04-08 23:00:00,71069.93
2026-04-09 00:00:00,70815.5
2026-04-09 01:00:00,70928.89
2026-04-09 02:00:00,71060.64
2026-04-09 03:00:00,70992.39
2026-04-09 04:00:00,70782.0
2026-04-09 05:00:00,70984.0
2026-04-09 06:00:00,71031.84
2026-04-09 07:00:00,70982.01
2026-04-09 08:00:00,71249.51
2026-04-09 09:00:00,71534.68
2026-04-09 10:00:00,71276.45
2026-04-09 11:00:00,71150.17
2026-04-09 12:00:00,71279.63
2026-04-09 13:00:00,70801.98
2026-04-09 14:00:00,71123.71
2026-04-09 15:00:00,72141.99
2026-04-09 16:00:00,72080.87
2026-04-09 17:00:00,72347.49
2026-04-09 18:00:00,71888.69
2026-04-09 19:00:00,72096.32
2026-04-09 20:00:00,72413.97
2026-04-09 21:00:00,72264.95
2026-04-09 22:00:00,71946.01
2026-04-09 23:00:00,71787.97
2026-04-10 00:00:00,71963.03
2026-04-10 01:00:00,72157.93
2026-04-10 02:00:00,71965.36
2026-04-10 03:00:00,71868.67
2026-04-10 04:00:00,72117.29
2026-04-10 05:00:00,72127.84
2026-04-10 06:00:00,71805.38
2026-04-10 07:00:00,71481.85
2026-04-10 08:00:00,71606.07
2026-04-10 09:00:00,71787.41
2026-04-10 10:00:00,71910.09
2026-04-10 11:00:00,72127.59
2026-04-10 12:00:00,72258.68
2026-04-10 13:00:00,72321.4
2026-04-10 14:00:00,72909.0
2026-04-10 15:00:00,72460.51
2026-04-10 16:00:00,72992.33
2026-04-10 17:00:00,73121.66
2026-04-10 18:00:00,73107.07
2026-04-10 19:00:00,73236.11
2026-04-10 20:00:00,73361.68
2026-04-10 21:00:00,73190.67
2026-04-10 22:00:00,72877.0
2026-04-10 23:00:00,72962.7
2026-04-11 00:00:00,72828.42
2026-04-11 01:00:00,72954.39
2026-04-11 02:00:00,72966.57
2026-04-11 03:00:00,72866.63
2026-04-11 04:00:00,72806.08
2026-04-11 05:00:00,72722.28
2026-04-11 06:00:00,72762.0
2026-04-11 07:00:00,72745.38
2026-04-11 08:00:00,72664.17
2026-04-11 09:00:00,72907.11
2026-04-11 10:00:00,72843.71
2026-04-11 11:00:00,72907.05
2026-04-11 12:00:00,72940.49
2026-04-11 13:00:00,72658.07
2026-04-11 14:00:00,72704.67
2026-04-11 15:00:00,72858.17
2026-04-11 16:00:00,73034.33
2026-04-11 17:00:00,73095.97
2026-04-11 18:00:00,73547.89
2026-04-11 19:00:00,73687.15
2026-04-11 20:00:00,73290.43
2026-04-11 21:00:00,73427.04
2026-04-11 22:00:00,73376.01
2026-04-11 23:00:00,73043.16
2026-04-12 00:00:00,73079.96
2026-04-12 01:00:00,71643.69
2026-04-12 02:00:00,71761.35
2026-04-12 03:00:00,71593.19
2026-04-12 04:00:00,71466.53
2026-04-12 05:00:00,71710.2
2026-04-12 06:00:00,71668.01
2026-04-12 07:00:00,71665.0
2026-04-12 08:00:00,71629.21
2026-04-12 09:00:00,71531.94
2026-04-12 10:00:00,71452.89
2026-04-12 11:00:00,71468.55
2026-04-12 12:00:00,71084.01
2026-04-12 13:00:00,70889.42
2026-04-12 14:00:00,70748.34
2026-04-12 15:00:00,70892.03
2026-04-12 16:00:00,70936.27
2026-04-12 17:00:00,71140.51
2026-04-12 18:00:00,71137.64
2026-04-12 19:00:00,71084.18
2026-04-12 20:00:00,71335.43
2026-04-12 21:00:00,71364.02
2026-04-12 22:00:00,70912.73
2026-04-12 23:00:00,70740.98
2026-04-13 00:00:00,71172.62
2026-04-13 01:00:00,71197.64
2026-04-13 02:00:00,71073.14
2026-04-13 03:00:00,70976.0
2026-04-13 04:00:00,70890.3
2026-04-13 05:00:00,70878.82
2026-04-13 06:00:00,71017.66
2026-04-13 07:00:00,70813.88
2026-04-13 08:00:00,70680.7
2026-04-13 09:00:00,70792.88
2026-04-13 10:00:00,70755.88
2026-04-13 11:00:00,70929.68
2026-04-13 12:00:00,71074.91
2026-04-13 13:00:00,71662.65
2026-04-13 14:00:00,72400.15
2026-04-13 15:00:00,71866.59
2026-04-13 16:00:00,72202.36
2026-04-13 17:00:00,72148.87
2026-04-13 18:00:00,72424.86
2026-04-13 19:00:00,73322.82
2026-04-13 20:00:00,73149.36
2026-04-13 21:00:00,73179.71
2026-04-13 22:00:00,74627.04
2026-04-13 23:00:00,74417.99
2026-04-14 00:00:00,74163.82
2026-04-14 01:00:00,74386.02
2026-04-14 02:00:00,74330.98
2026-04-14 03:00:00,74444.43
2026-04-14 04:00:00,74387.85
2026-04-14 05:00:00,74210.11
2026-04-14 06:00:00,74522.73
2026-04-14 07:00:00,74546.0
2026-04-14 08:00:00,74750.0
2026-04-14 09:00:00,74500.0
2026-04-14 10:00:00,74350.01
2026-04-14 11:00:00,74376.52
2026-04-14 12:00:00,74452.0
2026-04-14 13:00:00,75525.94
2026-04-14 14:00:00,75013.62
2026-04-14 15:00:00,75317.07
2026-04-14 16:00:00,74652.2
2026-04-14 17:00:00,74748.9
2026-04-14 18:00:00,74093.19
2026-04-14 19:00:00,74223.18
2026-04-14 20:00:00,74102.29
2026-04-14 21:00:00,74277.15
2026-04-14 22:00:00,74023.15
2026-04-14 23:00:00,74131.55
2026-04-15 00:00:00,74568.36
2026-04-15 01:00:00,74613.28
2026-04-15 02:00:00,74322.0
2026-04-15 03:00:00,74345.97
2026-04-15 04:00:00,74340.38
2026-04-15 05:00:00,74021.5
2026-04-15 06:00:00,73891.62
2026-04-15 07:00:00,73730.43
2026-04-15 08:00:00,74110.51
2026-04-15 09:00:00,74011.69
2026-04-15 10:00:00,73864.75
2026-04-15 11:00:00,74201.78
2026-04-15 12:00:00,74273.77
2026-04-15 13:00:00,74063.92
2026-04-15 14:00:00,74151.81
2026-04-15 15:00:00,73844.08
2026-04-15 16:00:00,73941.09
2026-04-15 17:00:00,74134.95
2026-04-15 18:00:00,74390.29
2026-04-15 19:00:00,75002.6
2026-04-15 20:00:00,74841.68
2026-04-15 21:00:00,74743.1
2026-04-15 22:00:00,74964.0
2026-04-15 23:00:00,74809.99
2026-04-16 00:00:00,74815.1
2026-04-16 01:00:00,74657.66
2026-04-16 02:00:00,74887.24
2026-04-16 03:00:00,74888.21
2026-04-16 04:00:00,74944.15
2026-04-16 05:00:00,75043.48
2026-04-16 06:00:00,75045.01
2026-04-16 07:00:00,74707.03
2026-04-16 08:00:00,74677.91
2026-04-16 09:00:00,74594.02
2026-04-16 10:00:00,74313.0
2026-04-16 11:00:00,74574.79
2026-04-16 12:00:00,74624.0
2026-04-16 13:00:00,73788.03
2026-04-16 14:00:00,73973.33
2026-04-16 15:00:00,74697.19
2026-04-16 16:00:00,74175.57
2026-04-16 17:00:00,74343.25
2026-04-16 18:00:00,75026.71
2026-04-16 19:00:00,75342.99
2026-04-16 20:00:00,75223.47
2026-04-16 21:00:00,74934.24
2026-04-16 22:00:00,74867.92
2026-04-16 23:00:00,75154.29
2026-04-17 00:00:00,74944.98
2026-04-17 01:00:00,74750.0
2026-04-17 02:00:00,74700.0
2026-04-17 03:00:00,74615.82
2026-04-17 04:00:00,74791.39
2026-04-17 05:00:00,74637.77
2026-04-17 06:00:00,74938.52
2026-04-17 07:00:00,75074.77
2026-04-17 08:00:00,75780.38
2026-04-17 09:00:00,75779.99
2026-04-17 10:00:00,75278.77
2026-04-17 11:00:00,75589.7
2026-04-17 12:00:00,76233.05
2026-04-17 13:00:00,77340.12
2026-04-17 14:00:00,77886.77
2026-04-17 15:00:00,77785.02
2026-04-17 16:00:00,77857.14
2026-04-17 17:00:00,77520.59
2026-04-17 18:00:00,77159.89
2026-04-17 19:00:00,77393.58
2026-04-17 20:00:00,77337.64
2026-04-17 21:00:00,77445.73
2026-04-17 22:00:00,77301.25
2026-04-17 23:00:00,77072.0
2026-04-18 00:00:00,77168.0
2026-04-18 01:00:00,77218.07
2026-04-18 02:00:00,77292.52
2026-04-18 03:00:00,77005.47
2026-04-18 04:00:00,77100.74
2026-04-18 05:00:00,77134.66
2026-04-18 06:00:00,77136.01
2026-04-18 07:00:00,76997.8
2026-04-18 08:00:00,76738.63
2026-04-18 09:00:00,76599.89
2026-04-18 10:00:00,76189.56
2026-04-18 11:00:00,76039.05
2026-04-18 12:00:00,76206.97
2026-04-18 13:00:00,76122.87
2026-04-18 14:00:00,76249.99
2026-04-18 15:00:00,76167.34
2026-04-18 16:00:00,75943.35
2026-04-18 17:00:00,75828.51
2026-04-18 18:00:00,75651.78
2026-04-18 19:00:00,75649.85
2026-04-18 20:00:00,75754.78
2026-04-18 21:00:00,75821.34
2026-04-18 22:00:00,75813.53
2026-04-18 23:00:00,75691.76
2026-04-19 00:00:00,75693.01
2026-04-19 01:00:00,75621.95
2026-04-19 02:00:00,75496.0
2026-04-19 03:00:00,75515.77
2026-04-19 04:00:00,75664.62
2026-04-19 05:00:00,75545.6
2026-04-19 06:00:00,75400.09
2026-04-19 07:00:00,75252.34
2026-04-19 08:00:00,75257.6
2026-04-19 09:00:00,75015.0
2026-04-19 10:00:00,75222.45
2026-04-19 11:00:00,75604.11
2026-04-19 12:00:00,75571.6
2026-04-19 13:00:00,75921.75
2026-04-19 14:00:00,76024.01
2026-04-19 15:00:00,75846.63
2026-04-19 16:00:00,75382.86
2026-04-19 17:00:00,74791.26
2026-04-19 18:00:00,74770.11
2026-04-19 19:00:00,74965.47
2026-04-19 20:00:00,74630.0
2026-04-19 21:00:00,74425.15
2026-04-19 22:00:00,74047.34
2026-04-19 23:00:00,73801.79
2026-04-20 00:00:00,74280.01
2026-04-20 01:00:00,74595.13
2026-04-20 02:00:00,74410.01
2026-04-20 03:00:00,74634.0
2026-04-20 04:00:00,74567.64
2026-04-20 05:00:00,74264.15
2026-04-20 06:00:00,74786.59
2026-04-20 07:00:00,74837.17
2026-04-20 08:00:00,74728.91
2026-04-20 09:00:00,75062.77
2026-04-20 10:00:00,75027.26
2026-04-20 11:00:00,75192.71
2026-04-20 12:00:00,75289.9
2026-04-20 13:00:00,75269.38
2026-04-20 14:00:00,75034.79
2026-04-20 15:00:00,75716.77
2026-04-20 16:00:00,75338.74
2026-04-20 17:00:00,75898.14
2026-04-20 18:00:00,76423.69
2026-04-20 19:00:00,76296.96
2026-04-20 20:00:00,76276.17
2026-04-20 21:00:00,75954.71
2026-04-20 22:00:00,75974.24
2026-04-20 23:00:00,75840.97
2026-04-21 00:00:00,76092.45
2026-04-21 01:00:00,75927.59
2026-04-21 02:00:00,75581.33
2026-04-21 03:00:00,75710.3
2026-04-21 04:00:00,75813.81
2026-04-21 05:00:00,75802.0
2026-04-21 06:00:00,75974.11
2026-04-21 07:00:00,76084.34
2026-04-21 08:00:00,76507.21
2026-04-21 09:00:00,76362.77
2026-04-21 10:00:00,76746.41
2026-04-21 11:00:00,76452.94
2026-04-21 12:00:00,76009.46
2026-04-21 13:00:00,75899.98
2026-04-21 14:00:00,75675.05
2026-04-21 15:00:00,75834.65
2026-04-21 16:00:00,75781.18
2026-04-21 17:00:00,75545.62
2026-04-21 18:00:00,75610.21
2026-04-21 19:00:00,75023.43
2026-04-21 20:00:00,75698.51
2026-04-21 21:00:00,75549.99
2026-04-21 22:00:00,75650.04
2026-04-21 23:00:00,76336.15
2026-04-22 00:00:00,76370.45
2026-04-22 01:00:00,76297.99
2026-04-22 02:00:00,77604.71
2026-04-22 03:00:00,77521.48
2026-04-22 04:00:00,77523.0
2026-04-22 05:00:00,77994.93
2026-04-22 06:00:00,78010.72
2026-04-22 07:00:00,78012.79
2026-04-22 08:00:00,78010.92
2026-04-22 09:00:00,78001.95
2026-04-22 10:00:00,78157.41
2026-04-22 11:00:00,78300.0
2026-04-22 12:00:00,78236.05
2026-04-22 13:00:00,78840.94
2026-04-22 14:00:00,79045.75
2026-04-22 15:00:00,79272.9
2026-04-22 16:00:00,78743.59
2026-04-22 17:00:00,78900.0
2026-04-22 18:00:00,79022.39
2026-04-22 19:00:00,78846.62
2026-04-22 20:00:00,78436.68
2026-04-22 21:00:00,78762.69
2026-04-22 22:00:00,78607.95
2026-04-22 23:00:00,78178.23
2026-04-23 00:00:00,78424.29
2026-04-23 01:00:00,78359.23
2026-04-23 02:00:00,77939.92
2026-04-23 03:00:00,77746.46
2026-04-23 04:00:00,77920.09
2026-04-23 05:00:00,78033.87
2026-04-23 06:00:00,78211.43
2026-04-23 07:00:00,78048.62
2026-04-23 08:00:00,77858.35
2026-04-23 09:00:00,77655.34
2026-04-23 10:00:00,77403.63
2026-04-23 11:00:00,77704.62
2026-04-23 12:00:00,77870.53
2026-04-23 13:00:00,77532.23
2026-04-23 14:00:00,78180.77
2026-04-23 15:00:00,78376.76
2026-04-23 16:00:00,78103.72
2026-04-23 17:00:00,77769.21
2026-04-23 18:00:00,77678.65
2026-04-23 19:00:00,77727.26
2026-04-23 20:00:00,77886.97
2026-04-23 21:00:00,77864.83
2026-04-23 22:00:00,78235.3
2026-04-23 23:00:00,78257.48
2026-04-24 00:00:00,78417.22
2026-04-24 01:00:00,78429.73
2026-04-24 02:00:00,78125.65
2026-04-24 03:00:00,77737.85
2026-04-24 04:00:00,77670.0
2026-04-24 05:00:00,77953.48
2026-04-24 06:00:00,77789.75
2026-04-24 07:00:00,77644.6
2026-04-24 08:00:00,77785.71
2026-04-24 09:00:00,77527.69
2026-04-24 10:00:00,77752.36
2026-04-24 11:00:00,78240.26
2026-04-24 12:00:00,78275.66
2026-04-24 13:00:00,78093.79
2026-04-24 14:00:00,78037.64
2026-04-24 15:00:00,78038.62
2026-04-24 16:00:00,77777.28
2026-04-24 17:00:00,77681.71
2026-04-24 18:00:00,77618.24
2026-04-24 19:00:00,77628.85
2026-04-24 20:00:00,77718.31
2026-04-24 21:00:00,77536.48
2026-04-24 22:00:00,77328.91
2026-04-24 23:00:00,77437.13
2026-04-25 00:00:00,77456.88
2026-04-25 01:00:00,77541.63
2026-04-25 02:00:00,77607.8
2026-04-25 03:00:00,77679.07
2026-04-25 04:00:00,77619.05
2026-04-25 05:00:00,77510.28
2026-04-25 06:00:00,77503.63
2026-04-25 07:00:00,77501.19
2026-04-25 08:00:00,77643.37
2026-04-25 09:00:00,77714.55
2026-04-25 10:00:00,77787.77
2026-04-25 11:00:00,77682.3
2026-04-25 12:00:00,77557.14
2026-04-25 13:00:00,77691.69
2026-04-25 14:00:00,77656.75
2026-04-25 15:00:00,77330.26
2026-04-25 16:00:00,77397.27
2026-04-25 17:00:00,77245.77
2026-04-25 18:00:00,77313.0
2026-04-25 19:00:00,77330.01
2026-04-25 20:00:00,77479.13
2026-04-25 21:00:00,77525.84
2026-04-25 22:00:00,77557.01
2026-04-25 23:00:00,77625.0
2026-04-26 00:00:00,77502.4
2026-04-26 01:00:00,77461.16
2026-04-26 02:00:00,77512.67
2026-04-26 03:00:00,77400.21
2026-04-26 04:00:00,77774.29
2026-04-26 05:00:00,77983.31
2026-04-26 06:00:00,77999.04
2026-04-26 07:00:00,78102.53
2026-04-26 08:00:00,78032.59
2026-04-26 09:00:00,77999.99
2026-04-26 10:00:00,78002.43
2026-04-26 11:00:00,78101.44
2026-04-26 12:00:00,77833.08
2026-04-26 13:00:00,77977.79
2026-04-26 14:00:00,78095.66
2026-04-26 15:00:00,78049.0
2026-04-26 16:00:00,77919.43
2026-04-26 17:00:00,78018.57
2026-04-26 18:00:00,78283.96
2026-04-26 19:00:00,78221.16
2026-04-26 20:00:00,78194.22
2026-04-26 21:00:00,78417.41
2026-04-26 22:00:00,78313.52
2026-04-26 23:00:00,78657.55
2026-04-27 00:00:00,79308.6
2026-04-27 01:00:00,79283.66
2026-04-27 02:00:00,79130.01
2026-04-27 03:00:00,79105.49
2026-04-27 04:00:00,78924.22
2026-04-27 05:00:00,77785.54
2026-04-27 06:00:00,77700.12
2026-04-27 07:00:00,77606.6
2026-04-27 08:00:00,77804.34
2026-04-27 09:00:00,77900.01
2026-04-27 10:00:00,77850.01
2026-04-27 11:00:00,77844.26
2026-04-27 12:00:00,77667.36
2026-04-27 13:00:00,77746.74
2026-04-27 14:00:00,77815.25
2026-04-27 15:00:00,76793.09
2026-04-27 16:00:00,76618.59
2026-04-27 17:00:00,76743.24
2026-04-27 18:00:00,76834.06
2026-04-27 19:00:00,76878.07
2026-04-27 20:00:00,76960.43
2026-04-27 21:00:00,76786.81
2026-04-27 22:00:00,77066.42
2026-04-27 23:00:00,77371.32
2026-04-28 00:00:00,77379.62
2026-04-28 01:00:00,77084.68
2026-04-28 02:00:00,76890.93
2026-04-28 03:00:00,76815.18
2026-04-28 04:00:00,76888.08
2026-04-28 05:00:00,76885.98
2026-04-28 06:00:00,76720.0
2026-04-28 07:00:00,76879.28
2026-04-28 08:00:00,76858.59
2026-04-28 09:00:00,76598.0
2026-04-28 10:00:00,76618.35
2026-04-28 11:00:00,76229.0
2026-04-28 12:00:00,76372.05
2026-04-28 13:00:00,76189.84
2026-04-28 14:00:00,75949.99
2026-04-28 15:00:00,76066.38
2026-04-28 16:00:00,76125.04
2026-04-28 17:00:00,76187.3
2026-04-28 18:00:00,76242.18
2026-04-28 19:00:00,76330.97
2026-04-28 20:00:00,76463.95
2026-04-28 21:00:00,76357.15
2026-04-28 22:00:00,76242.17
2026-04-28 23:00:00,76342.77
2026-04-29 00:00:00,76512.0
2026-04-29 01:00:00,76571.0
2026-04-29 02:00:00,76531.29
2026-04-29 03:00:00,76994.78
2026-04-29 04:00:00,77269.76
2026-04-29 05:00:00,77288.38
2026-04-29 06:00:00,77031.06
2026-04-29 07:00:00,77053.64
2026-04-29 08:00:00,77046.32
2026-04-29 09:00:00,77642.0
2026-04-29 10:00:00,77619.61
2026-04-29 11:00:00,77590.03
2026-04-29 12:00:00,77143.68
2026-04-29 13:00:00,76783.43
2026-04-29 14:00:00,76570.0
2026-04-29 15:00:00,75924.25
2026-04-29 16:00:00,75803.54
2026-04-29 17:00:00,76184.01
2026-04-29 18:00:00,75513.91
2026-04-29 19:00:00,75563.86
2026-04-29 20:00:00,75676.79
2026-04-29 21:00:00,75933.93
2026-04-29 22:00:00,75927.38
2026-04-29 23:00:00,75780.0
2026-04-30 00:00:00,76248.74
2026-04-30 01:00:00,76232.8
2026-04-30 02:00:00,75704.74
2026-04-30 03:00:00,75928.1
2026-04-30 04:00:00,75497.0
2026-04-30 05:00:00,75600.09
2026-04-30 06:00:00,75753.53
2026-04-30 07:00:00,76161.67
2026-04-30 08:00:00,76058.17
2026-04-30 09:00:00,76097.19
2026-04-30 10:00:00,76028.66
2026-04-30 11:00:00,76059.43
2026-04-30 12:00:00,76308.48
2026-04-30 13:00:00,76420.44
2026-04-30 14:00:00,76301.24
2026-04-30 15:00:00,76473.6
2026-04-30 16:00:00,76261.03
2026-04-30 17:00:00,76250.01
2026-04-30 18:00:00,76350.0
2026-04-30 19:00:00,76412.8
2026-04-30 20:00:00,76492.46
2026-04-30 21:00:00,76241.78
2026-04-30 22:00:00,76237.06
2026-04-30 23:00:00,76346.57
2026-05-01 00:00:00,76458.05
2026-05-01 01:00:00,76686.13
2026-05-01 02:00:00,76592.54
2026-05-01 03:00:00,77131.08
2026-05-01 04:00:00,77042.44
2026-05-01 05:00:00,77165.98
2026-05-01 06:00:00,76993.48
2026-05-01 07:00:00,77130.54
2026-05-01 08:00:00,77377.47
2026-05-01 09:00:00,77268.55
2026-05-01 10:00:00,77304.34
2026-05-01 11:00:00,77463.98
2026-05-01 12:00:00,77896.01
2026-05-01 13:00:00,78737.25
2026-05-01 14:00:00,78358.75
2026-05-01 15:00:00,78445.89
2026-05-01 16:00:00,78214.36
2026-05-01 17:00:00,78552.94
2026-05-01 18:00:00,78423.9
2026-05-01 19:00:00,78360.0
2026-05-01 20:00:00,77880.18
2026-05-01 21:00:00,78199.99
2026-05-01 22:00:00,78153.38
2026-05-01 23:00:00,78231.13
2026-05-02 00:00:00,78341.75
2026-05-02 01:00:00,78355.0
2026-05-02 02:00:00,78353.93
2026-05-02 03:00:00,78400.0
2026-05-02 04:00:00,78175.5
2026-05-02 05:00:00,78174.0
2026-05-02 06:00:00,78327.8
2026-05-02 07:00:00,78220.0
2026-05-02 08:00:00,78315.37
2026-05-02 09:00:00,78293.57
2026-05-02 10:00:00,78249.3
2026-05-02 11:00:00,78143.08
2026-05-02 12:00:00,78211.24
2026-05-02 13:00:00,78367.06
2026-05-02 14:00:00,78423.98
2026-05-02 15:00:00,78487.67
2026-05-02 16:00:00,78455.02
2026-05-02 17:00:00,78398.02
2026-05-02 18:00:00,78466.62
2026-05-02 19:00:00,78486.0
2026-05-02 20:00:00,78451.38
2026-05-02 21:00:00,78719.78
2026-05-02 22:00:00,78832.98
2026-05-02 23:00:00,78686.85
2026-05-03 00:00:00,78542.32
2026-05-03 01:00:00,78240.83
2026-05-03 02:00:00,78171.85
2026-05-03 03:00:00,78203.08
2026-05-03 04:00:00,78163.19
2026-05-03 05:00:00,78249.42
2026-05-03 06:00:00,78288.3
2026-05-03 07:00:00,78363.25
2026-05-03 08:00:00,78387.86
2026-05-03 09:00:00,78529.57
2026-05-03 10:00:00,78408.01
2026-05-03 11:00:00,78656.01
2026-05-03 12:00:00,78747.09
2026-05-03 13:00:00,78670.01
2026-05-03 14:00:00,78741.0
2026-05-03 15:00:00,78668.36
2026-05-03 16:00:00,78654.0
2026-05-03 17:00:00,78725.76
2026-05-03 18:00:00,78739.67
2026-05-03 19:00:00,78760.32
2026-05-03 20:00:00,78915.99
2026-05-03 21:00:00,78831.59
2026-05-03 22:00:00,79177.29
2026-05-03 23:00:00,78568.57
2026-05-04 00:00:00,78547.14
2026-05-04 01:00:00,79769.43
2026-05-04 02:00:00,80173.3
2026-05-04 03:00:00,80316.31
2026-05-04 04:00:00,80332.06
2026-05-04 05:00:00,80027.26
2026-05-04 06:00:00,79877.9
2026-05-04 07:00:00,79696.75
2026-05-04 08:00:00,79708.3
2026-05-04 09:00:00,79838.48
2026-05-04 10:00:00,78940.26
2026-05-04 11:00:00,78793.67
2026-05-04 12:00:00,78857.18
2026-05-04 13:00:00,78790.0
2026-05-04 14:00:00,80216.16
2026-05-04 15:00:00,80028.85
2026-05-04 16:00:00,80025.03
2026-05-04 17:00:00,80390.81
2026-05-04 18:00:00,80114.91
2026-05-04 19:00:00,80053.31
2026-05-04 20:00:00,79936.7
2026-05-04 21:00:00,80259.17
2026-05-04 22:00:00,80067.23
2026-05-04 23:00:00,79861.01
2026-05-05 00:00:00,80170.66
2026-05-05 01:00:00,80352.0
2026-05-05 02:00:00,80554.68
2026-05-05 03:00:00,80893.08
2026-05-05 04:00:00,80902.44
2026-05-05 05:00:00,80970.0
2026-05-05 06:00:00,80976.0
2026-05-05 07:00:00,80855.59
2026-05-05 08:00:00,80815.24
2026-05-05 09:00:00,80586.02
2026-05-05 10:00:00,80823.61
2026-05-05 11:00:00,81014.05
2026-05-05 12:00:00,81279.41
2026-05-05 13:00:00,81330.0
2026-05-05 14:00:00,81336.59
2026-05-05 15:00:00,81525.19
2026-05-05 16:00:00,81285.75
2026-05-05 17:00:00,81270.6
2026-05-05 18:00:00,81515.0
2026-05-05 19:00:00,81606.35
2026-05-05 20:00:00,81646.38
2026-05-05 21:00:00,81407.11
2026-05-05 22:00:00,81111.27
2026-05-05 23:00:00,80905.52
2026-05-06 00:00:00,81030.01
2026-05-06 01:00:00,81439.34
2026-05-06 02:00:00,81363.54
2026-05-06 03:00:00,81581.69
2026-05-06 04:00:00,81331.1
2026-05-06 05:00:00,81333.0
2026-05-06 06:00:00,81476.71
2026-05-06 07:00:00,81359.82
2026-05-06 08:00:00,81945.66
2026-05-06 09:00:00,81997.0
2026-05-06 10:00:00,82290.04
2026-05-06 11:00:00,82522.89
2026-05-06 12:00:00,82220.47
2026-05-06 13:00:00,81670.89
2026-05-06 14:00:00,81526.73
2026-05-06 15:00:00,81704.25
2026-05-06 16:00:00,81630.94
2026-05-06 17:00:00,81452.63
2026-05-06 18:00:00,81353.14
2026-05-06 19:00:00,81464.87
2026-05-06 20:00:00,81427.52
2026-05-06 21:00:00,81539.16
2026-05-06 22:00:00,81342.39
2026-05-06 23:00:00,81447.01
2026-05-07 00:00:00,81016.96
2026-05-07 01:00:00,81167.8
2026-05-07 02:00:00,81113.34
2026-05-07 03:00:00,80834.91
2026-05-07 04:00:00,80979.19
2026-05-07 05:00:00,81088.0
2026-05-07 06:00:00,81438.61
2026-05-07 07:00:00,81518.58
2026-05-07 08:00:00,81231.24
2026-05-07 09:00:00,80929.0
2026-05-07 10:00:00,80850.75
2026-05-07 11:00:00,80866.65
2026-05-07 12:00:00,81162.01
2026-05-07 13:00:00,80503.68
2026-05-07 14:00:00,80171.38
2026-05-07 15:00:00,79890.63
2026-05-07 16:00:00,79801.08
2026-05-07 17:00:00,80094.52
2026-05-07 18:00:00,80200.59
2026-05-07 19:00:00,80146.11
2026-05-07 20:00:00,79879.99
2026-05-07 21:00:00,79735.01
2026-05-07 22:00:00,79919.01
2026-05-07 23:00:00,80006.0
2026-05-08 00:00:00,79831.99
2026-05-08 01:00:00,79740.01
2026-05-08 02:00:00,79488.46
2026-05-08 03:00:00,79578.85
2026-05-08 04:00:00,79655.23
2026-05-08 05:00:00,79600.01
2026-05-08 06:00:00,79525.76
2026-05-08 07:00:00,79682.4
2026-05-08 08:00:00,79886.01
2026-05-08 09:00:00,79872.72
2026-05-08 10:00:00,80212.56
2026-05-08 11:00:00,80231.22
2026-05-08 12:00:00,80025.82
2026-05-08 13:00:00,79647.8
2026-05-08 14:00:00,80150.97
2026-05-08 15:00:00,80142.14
2026-05-08 16:00:00,79802.34
2026-05-08 17:00:00,80060.0
2026-05-08 18:00:00,80078.4
2026-05-08 19:00:00,80179.94
2026-05-08 20:00:00,80133.09
2026-05-08 21:00:00,80263.99
2026-05-08 22:00:00,80262.0
2026-05-08 23:00:00,80193.17
2026-05-09 00:00:00,80238.76
2026-05-09 01:00:00,80327.75
2026-05-09 02:00:00,80417.87
2026-05-09 03:00:00,80383.95
2026-05-09 04:00:00,80379.9
2026-05-09 05:00:00,80379.49
2026-05-09 06:00:00,80263.92
2026-05-09 07:00:00,80228.89
2026-05-09 08:00:00,80407.12
2026-05-09 09:00:00,80242.53
2026-05-09 10:00:00,80264.02
2026-05-09 11:00:00,80345.46
2026-05-09 12:00:00,80397.97
2026-05-09 13:00:00,80391.18
2026-05-09 14:00:00,80332.22
2026-05-09 15:00:00,80527.92
2026-05-09 16:00:00,80625.01
2026-05-09 17:00:00,80812.7
2026-05-09 18:00:00,80907.65
2026-05-09 19:00:00,80938.53
2026-05-09 20:00:00,80805.5
2026-05-09 21:00:00,80780.83
2026-05-09 22:00:00,80782.38
2026-05-09 23:00:00,80678.4
2026-05-10 00:00:00,80680.04
2026-05-10 01:00:00,80685.56
2026-05-10 02:00:00,80777.42
2026-05-10 03:00:00,80775.0
2026-05-10 04:00:00,80759.93
2026-05-10 05:00:00,80700.77
2026-05-10 06:00:00,80733.75
2026-05-10 07:00:00,80736.03
2026-05-10 08:00:00,80830.33
2026-05-10 09:00:00,80807.96
2026-05-10 10:00:00,80873.79
2026-05-10 11:00:00,80821.21
2026-05-10 12:00:00,80927.72
2026-05-10 13:00:00,80971.67
2026-05-10 14:00:00,80990.11
2026-05-10 15:00:00,81418.01
2026-05-10 16:00:00,81378.25
2026-05-10 17:00:00,81476.18
2026-05-10 18:00:00,81271.96
2026-05-10 19:00:00,81437.83
2026-05-10 20:00:00,80734.88
2026-05-10 21:00:00,80720.47
2026-05-10 22:00:00,82044.49
2026-05-10 23:00:00,82210.07
2026-05-11 00:00:00,81471.13
2026-05-11 01:00:00,81501.72
2026-05-11 02:00:00,81169.08
2026-05-11 03:00:00,80736.01
2026-05-11 04:00:00,80824.61
2026-05-11 05:00:00,80832.33
2026-05-11 06:00:00,80822.86
2026-05-11 07:00:00,80740.4
2026-05-11 08:00:00,80767.97
2026-05-11 09:00:00,80966.57
2026-05-11 10:00:00,80940.0
2026-05-11 11:00:00,81196.94
2026-05-11 12:00:00,81054.65
2026-05-11 13:00:00,81072.0
2026-05-11 14:00:00,80953.38
2026-05-11 15:00:00,81445.9
2026-05-11 16:00:00,81575.85
2026-05-11 17:00:00,81941.09
2026-05-11 18:00:00,81858.96
2026-05-11 19:00:00,81961.99
2026-05-11 20:00:00,81821.02
2026-05-11 21:00:00,81821.18
2026-05-11 22:00:00,81833.92
2026-05-11 23:00:00,81745.65
2026-05-12 00:00:00,81545.2
2026-05-12 01:00:00,81199.18
2026-05-12 02:00:00,81249.93
2026-05-12 03:00:00,81058.8
2026-05-12 04:00:00,81240.01
2026-05-12 05:00:00,81224.03
2026-05-12 06:00:00,81022.44
2026-05-12 07:00:00,80865.4
2026-05-12 08:00:00,80843.31
2026-05-12 09:00:00,80837.15
2026-05-12 10:00:00,80666.37
2026-05-12 11:00:00,80784.87
2026-05-12 12:00:00,80881.26
2026-05-12 13:00:00,80466.91
2026-05-12 14:00:00,80540.0
2026-05-12 15:00:00,80336.01
2026-05-12 16:00:00,80000.01
2026-05-12 17:00:00,80527.69
2026-05-12 18:00:00,80679.12
2026-05-12 19:00:00,80834.64
2026-05-12 20:00:00,80696.87
2026-05-12 21:00:00,80587.44
2026-05-12 22:00:00,80656.43
2026-05-12 23:00:00,80504.47
2026-05-13 00:00:00,80718.0
2026-05-13 01:00:00,81006.0
2026-05-13 02:00:00,81050.0
2026-05-13 03:00:00,81249.99
2026-05-13 04:00:00,81231.96
2026-05-13 05:00:00,81019.99
2026-05-13 06:00:00,80980.05
2026-05-13 07:00:00,81026.92
2026-05-13 08:00:00,81196.57
2026-05-13 09:00:00,81291.38
2026-05-13 10:00:00,80809.01
2026-05-13 11:00:00,80501.22
2026-05-13 12:00:00,80202.78
2026-05-13 13:00:00,79656.01
2026-05-13 14:00:00,79756.01
2026-05-13 15:00:00,78827.21
2026-05-13 16:00:00,79108.39
2026-05-13 17:00:00,79514.97
2026-05-13 18:00:00,79598.15
2026-05-13 19:00:00,79642.41
2026-05-13 20:00:00,79698.95
2026-05-13 21:00:00,79398.54
2026-05-13 22:00:00,79428.46
2026-05-13 23:00:00,79313.61
2026-05-14 00:00:00,79580.0
2026-05-14 01:00:00,79604.6
2026-05-14 02:00:00,79370.24
2026-05-14 03:00:00,79044.85
2026-05-14 04:00:00,79451.63
2026-05-14 05:00:00,79809.16
2026-05-14 06:00:00,79804.71
2026-05-14 07:00:00,79745.98
2026-05-14 08:00:00,79821.56
2026-05-14 09:00:00,79635.52
2026-05-14 10:00:00,79570.01
2026-05-14 11:00:00,79258.27
2026-05-14 12:00:00,79767.11
2026-05-14 13:00:00,79701.73
2026-05-14 14:00:00,80964.85
2026-05-14 15:00:00,81301.23
2026-05-14 16:00:00,81888.4
2026-05-14 17:00:00,81668.48
2026-05-14 18:00:00,81581.99
2026-05-14 19:00:00,81419.74
2026-05-14 20:00:00,81412.04
2026-05-14 21:00:00,81396.61
2026-05-14 22:00:00,81456.0
2026-05-14 23:00:00,81089.99
2026-05-15 00:00:00,81518.67
2026-05-15 01:00:00,81131.01
2026-05-15 02:00:00,81299.14
2026-05-15 03:00:00,81059.15
2026-05-15 04:00:00,80724.71
2026-05-15 05:00:00,80360.01
2026-05-15 06:00:00,80580.0
2026-05-15 07:00:00,80814.88
2026-05-15 08:00:00,80638.0
2026-05-15 09:00:00,80489.8
2026-05-15 10:00:00,80716.23
2026-05-15 11:00:00,80628.53
2026-05-15 12:00:00,80385.11
2026-05-15 13:00:00,78758.59
2026-05-15 14:00:00,79150.37
2026-05-15 15:00:00,79150.27
2026-05-15 16:00:00,79294.31
2026-05-15 17:00:00,79460.0
2026-05-15 18:00:00,79284.0
2026-05-15 19:00:00,79146.5
2026-05-15 20:00:00,79123.12
2026-05-15 21:00:00,78973.5
2026-05-15 22:00:00,79107.38
2026-05-15 23:00:00,79113.21
2026-05-16 00:00:00,79111.92
2026-05-16 01:00:00,79168.0
2026-05-16 02:00:00,79155.54
2026-05-16 03:00:00,79083.18
2026-05-16 04:00:00,79035.26
2026-05-16 05:00:00,79027.37
2026-05-16 06:00:00,78648.0
2026-05-16 07:00:00,78369.77
2026-05-16 08:00:00,78426.56
2026-05-16 09:00:00,78083.48
2026-05-16 10:00:00,77960.0
2026-05-16 11:00:00,78081.71
2026-05-16 12:00:00,78007.23
2026-05-16 13:00:00,78014.6
2026-05-16 14:00:00,78130.55
2026-05-16 15:00:00,78238.67
2026-05-16 16:00:00,78205.96
2026-05-16 17:00:00,78201.5
2026-05-16 18:00:00,78229.81
2026-05-16 19:00:00,78259.66
2026-05-16 20:00:00,78261.0
2026-05-16 21:00:00,78265.73
2026-05-16 22:00:00,78186.25
2026-05-16 23:00:00,78148.05
2026-05-17 00:00:00,77945.85
2026-05-17 01:00:00,77725.71
2026-05-17 02:00:00,77895.51
2026-05-17 03:00:00,78028.88
2026-05-17 04:00:00,78158.09
2026-05-17 05:00:00,78121.41
2026-05-17 06:00:00,78104.8
2026-05-17 07:00:00,78180.01
2026-05-17 08:00:00,78089.8
2026-05-17 09:00:00,78249.33
2026-05-17 10:00:00,78465.99
2026-05-17 11:00:00,78415.99
2026-05-17 12:00:00,78364.83
2026-05-17 13:00:00,78202.91
2026-05-17 14:00:00,78051.51
2026-05-17 15:00:00,78051.41
2026-05-17 16:00:00,78034.36
2026-05-17 17:00:00,78089.98
2026-05-17 18:00:00,78268.05
2026-05-17 19:00:00,78415.3
2026-05-17 20:00:00,78277.36
2026-05-17 21:00:00,78405.72
2026-05-17 22:00:00,77997.24
2026-05-17 23:00:00,77457.67
2026-05-18 00:00:00,77209.95
2026-05-18 01:00:00,77109.22
2026-05-18 02:00:00,76835.41
2026-05-18 03:00:00,76924.65
2026-05-18 04:00:00,77038.49
2026-05-18 05:00:00,76931.4
2026-05-18 06:00:00,76912.52
2026-05-18 07:00:00,77073.69
2026-05-18 08:00:00,77040.42
2026-05-18 09:00:00,76933.16
2026-05-18 10:00:00,76764.74
2026-05-18 11:00:00,77285.83
2026-05-18 12:00:00,77639.98
2026-05-18 13:00:00,76937.7
2026-05-18 14:00:00,76393.65
2026-05-18 15:00:00,76409.46
2026-05-18 16:00:00,76410.01
2026-05-18 17:00:00,76706.39
2026-05-18 18:00:00,76252.5
2026-05-18 19:00:00,76928.0
2026-05-18 20:00:00,76909.92
2026-05-18 21:00:00,77103.05
2026-05-18 22:00:00,77078.22
2026-05-18 23:00:00,77001.87
2026-05-19 00:00:00,77140.87
2026-05-19 01:00:00,76667.01
2026-05-19 02:00:00,76617.47
2026-05-19 03:00:00,76787.11
2026-05-19 04:00:00,76927.25
2026-05-19 05:00:00,76911.24
2026-05-19 06:00:00,77029.4
2026-05-19 07:00:00,77233.69
2026-05-19 08:00:00,77048.71
2026-05-19 09:00:00,76818.8
2026-05-19 10:00:00,77041.87
2026-05-19 11:00:00,76714.62
2026-05-19 12:00:00,76940.21
2026-05-19 13:00:00,76872.75
2026-05-19 14:00:00,76392.43
2026-05-19 15:00:00,76521.23
2026-05-19 16:00:00,76894.59
2026-05-19 17:00:00,76856.76
2026-05-19 18:00:00,76803.28
2026-05-19 19:00:00,76818.74
2026-05-19 20:00:00,77022.23
2026-05-19 21:00:00,76982.34
2026-05-19 22:00:00,76712.21
2026-05-19 23:00:00,76834.36
2026-05-20 00:00:00,76788.83
2026-05-20 01:00:00,76820.98
2026-05-20 02:00:00,76690.42
2026-05-20 03:00:00,76723.54
2026-05-20 04:00:00,76780.37
2026-05-20 05:00:00,77196.99
2026-05-20 06:00:00,77414.11
2026-05-20 07:00:00,77282.64
2026-05-20 08:00:00,77458.04
2026-05-20 09:00:00,77485.13
2026-05-20 10:00:00,77517.45
2026-05-20 11:00:00,77382.49
2026-05-20 12:00:00,77617.26
2026-05-20 13:00:00,77204.61
2026-05-20 14:00:00,77446.08
2026-05-20 15:00:00,77455.46
2026-05-20 16:00:00,77338.6
2026-05-20 17:00:00,77568.95
2026-05-20 18:00:00,77415.09
2026-05-20 19:00:00,77667.49
2026-05-20 20:00:00,77720.01
2026-05-20 21:00:00,77500.01
2026-05-20 22:00:00,77504.69
2026-05-20 23:00:00,77552.23
2026-05-21 00:00:00,77967.09
2026-05-21 01:00:00,77863.85
2026-05-21 02:00:00,77955.78
2026-05-21 03:00:00,78078.72
2026-05-21 04:00:00,78035.8
2026-05-21 05:00:00,77828.0
2026-05-21 06:00:00,77622.14
2026-05-21 07:00:00,77889.01
2026-05-21 08:00:00,77924.63
2026-05-21 09:00:00,77633.02
2026-05-21 10:00:00,77198.08
2026-05-21 11:00:00,77189.1
2026-05-21 12:00:00,77278.53
2026-05-21 13:00:00,77122.68
2026-05-21 14:00:00,76984.61
2026-05-21 15:00:00,77259.46
2026-05-21 16:00:00,77207.93
2026-05-21 17:00:00,77869.38
2026-05-21 18:00:00,77387.74
2026-05-21 19:00:00,77690.56
2026-05-21 20:00:00,77705.81
2026-05-21 21:00:00,77672.29
2026-05-21 22:00:00,77628.0
2026-05-21 23:00:00,77615.52
2026-05-22 00:00:00,77373.57
2026-05-22 01:00:00,77616.0
2026-05-22 02:00:00,77673.36
2026-05-22 03:00:00,77779.98
2026-05-22 04:00:00,77655.42
2026-05-22 05:00:00,77489.0
2026-05-22 06:00:00,77423.41
2026-05-22 07:00:00,77408.06
2026-05-22 08:00:00,77267.38
2026-05-22 09:00:00,77307.11
2026-05-22 10:00:00,77312.0
2026-05-22 11:00:00,77428.84
2026-05-22 12:00:00,77533.9
2026-05-22 13:00:00,77290.01
2026-05-22 14:00:00,76774.23
2026-05-22 15:00:00,76790.59
2026-05-22 16:00:00,76950.68
2026-05-22 17:00:00,76750.0
2026-05-22 18:00:00,76537.47
2026-05-22 19:00:00,75860.44
2026-05-22 20:00:00,75984.47
2026-05-22 21:00:00,75978.83
2026-05-22 22:00:00,75737.52
2026-05-22 23:00:00,75539.5
2026-05-23 00:00:00,75352.64
2026-05-23 01:00:00,75489.84
2026-05-23 02:00:00,75572.07
2026-05-23 03:00:00,75635.22
2026-05-23 04:00:00,75539.77
2026-05-23 05:00:00,75482.68
2026-05-23 06:00:00,75398.33
2026-05-23 07:00:00,74609.36
2026-05-23 08:00:00,74684.3
2026-05-23 09:00:00,74656.91
2026-05-23 10:00:00,74705.0
2026-05-23 11:00:00,74789.99
2026-05-23 12:00:00,74753.93
2026-05-23 13:00:00,75213.9
2026-05-23 14:00:00,75537.72
2026-05-23 15:00:00,75520.0
2026-05-23 16:00:00,75444.7
2026-05-23 17:00:00,75488.18
2026-05-23 18:00:00,75845.82
2026-05-23 19:00:00,75983.45
2026-05-23 20:00:00,77287.58
2026-05-23 21:00:00,76804.99
2026-05-23 22:00:00,76584.45
2026-05-23 23:00:00,76752.01
2026-05-24 00:00:00,76835.16
2026-05-24 01:00:00,76890.04
2026-05-24 02:00:00,76830.0
2026-05-24 03:00:00,76750.0
2026-05-24 04:00:00,76786.5
2026-05-24 05:00:00,76822.23
2026-05-24 06:00:00,76987.58
2026-05-24 07:00:00,76799.99
2026-05-24 08:00:00,76830.69
2026-05-24 09:00:00,77020.53
2026-05-24 10:00:00,77190.74
2026-05-24 11:00:00,77320.06
2026-05-24 12:00:00,77118.73
2026-05-24 13:00:00,76802.23
2026-05-24 14:00:00,76465.16
2026-05-24 15:00:00,76371.59
2026-05-24 16:00:00,76671.7
2026-05-24 17:00:00,76693.34
2026-05-24 18:00:00,76665.73
2026-05-24 19:00:00,76773.34
2026-05-24 20:00:00,76668.4
2026-05-24 21:00:00,76151.14
2026-05-24 22:00:00,76803.99
2026-05-24 23:00:00,77064.96
2026-05-25 00:00:00,77153.01
2026-05-25 01:00:00,76945.27
2026-05-25 02:00:00,77108.77
2026-05-25 03:00:00,77026.67
2026-05-25 04:00:00,77391.07
2026-05-25 05:00:00,77407.0
2026-05-25 06:00:00,77419.87
2026-05-25 07:00:00,77401.12
2026-05-25 08:00:00,77456.94
2026-05-25 09:00:00,77604.56
2026-05-25 10:00:00,77545.65
2026-05-25 11:00:00,77357.5
2026-05-25 12:00:00,77367.98
2026-05-25 13:00:00,77341.05
2026-05-25 14:00:00,77714.0
2026-05-25 15:00:00,77628.82
2026-05-25 16:00:00,77735.69
2026-05-25 17:00:00,77564.01
2026-05-25 18:00:00,77543.39
2026-05-25 19:00:00,77441.86
2026-05-25 20:00:00,77273.06
2026-05-25 21:00:00,77367.03
2026-05-25 22:00:00,77116.21
2026-05-25 23:00:00,77322.01
2026-05-26 00:00:00,76792.71
2026-05-26 01:00:00,76756.98
2026-05-26 02:00:00,76660.0
2026-05-26 03:00:00,76664.01
2026-05-26 04:00:00,76749.5
2026-05-26 05:00:00,76930.01
2026-05-26 06:00:00,76908.01
2026-05-26 07:00:00,76730.84
2026-05-26 08:00:00,76726.37
2026-05-26 09:00:00,76672.19
2026-05-26 10:00:00,77430.0
2026-05-26 11:00:00,77183.55
2026-05-26 12:00:00,77132.5
2026-05-26 13:00:00,77231.56
2026-05-26 14:00:00,76908.01
2026-05-26 15:00:00,76518.1
2026-05-26 16:00:00,76558.0
2026-05-26 17:00:00,75935.08
2026-05-26 18:00:00,75840.55
2026-05-26 19:00:00,76052.0
2026-05-26 20:00:00,76106.86
2026-05-26 21:00:00,75890.0
2026-05-26 22:00:00,75749.02
2026-05-26 23:00:00,75930.01
2026-05-27 00:00:00,76085.01
2026-05-27 01:00:00,75877.44
2026-05-27 02:00:00,75879.0
2026-05-27 03:00:00,75683.0
2026-05-27 04:00:00,75579.01
2026-05-27 05:00:00,75697.99
2026-05-27 06:00:00,75838.65
2026-05-27 07:00:00,75977.17
2026-05-27 08:00:00,75873.24
2026-05-27 09:00:00,75912.6
2026-05-27 10:00:00,75909.82
2026-05-27 11:00:00,75769.18
2026-05-27 12:00:00,75688.0
2026-05-27 13:00:00,75073.4
2026-05-27 14:00:00,75031.92
2026-05-27 15:00:00,75326.01
2026-05-27 16:00:00,75304.01
2026-05-27 17:00:00,74860.42
2026-05-27 18:00:00,75026.67
2026-05-27 19:00:00,75066.08
2026-05-27 20:00:00,75274.58
2026-05-27 21:00:00,74473.01
2026-05-27 22:00:00,74418.13
2026-05-27 23:00:00,74449.3
2026-05-28 00:00:00,74570.66
2026-05-28 01:00:00,74344.08
2026-05-28 02:00:00,74287.42
2026-05-28 03:00:00,73258.01
2026-05-28 04:00:00,73181.95
2026-05-28 05:00:00,72990.87
2026-05-28 06:00:00,73202.7
2026-05-28 07:00:00,73498.0
2026-05-28 08:00:00,73325.88
2026-05-28 09:00:00,73541.24
2026-05-28 10:00:00,73400.01
2026-05-28 11:00:00,73505.66
2026-05-28 12:00:00,73518.01
2026-05-28 13:00:00,73022.02
2026-05-28 14:00:00,73033.06
2026-05-28 15:00:00,72928.73
2026-05-28 16:00:00,73440.67
2026-05-28 17:00:00,73554.82
2026-05-28 18:00:00,73652.88
2026-05-28 19:00:00,73419.32
2026-05-28 20:00:00,73579.99
2026-05-28 21:00:00,73817.31
2026-05-28 22:00:00,73464.8
2026-05-28 23:00:00,73617.51
2026-05-29 00:00:00,73716.37
2026-05-29 01:00:00,73586.83
2026-05-29 02:00:00,73225.06
2026-05-29 03:00:00,73301.52
2026-05-29 04:00:00,73507.69
2026-05-29 05:00:00,73706.0
2026-05-29 06:00:00,73786.32
2026-05-29 07:00:00,73528.56
2026-05-29 08:00:00,73653.4
2026-05-29 09:00:00,73744.96
2026-05-29 10:00:00,73634.64
2026-05-29 11:00:00,73487.98
2026-05-29 12:00:00,73295.73
2026-05-29 13:00:00,73135.7
2026-05-29 14:00:00,73096.85
2026-05-29 15:00:00,73808.26
2026-05-29 16:00:00,74056.5
2026-05-29 17:00:00,73980.94
2026-05-29 18:00:00,73374.52
2026-05-29 19:00:00,73520.28
2026-05-29 20:00:00,73673.61
2026-05-29 21:00:00,73409.27
2026-05-29 22:00:00,73483.52
2026-05-29 23:00:00,73460.78
2026-05-30 00:00:00,73498.8
2026-05-30 01:00:00,73657.9
2026-05-30 02:00:00,73786.69
2026-05-30 03:00:00,73524.01
2026-05-30 04:00:00,73402.84
2026-05-30 05:00:00,73604.99
2026-05-30 06:00:00,73584.99
2026-05-30 07:00:00,73548.6
2026-05-30 08:00:00,73530.07
2026-05-30 09:00:00,73615.46
2026-05-30 10:00:00,73655.85
2026-05-30 11:00:00,73602.02
2026-05-30 12:00:00,73698.18
2026-05-30 13:00:00,73829.31
2026-05-30 14:00:00,73929.11
2026-05-30 15:00:00,73930.14
2026-05-30 16:00:00,73934.99
2026-05-30 17:00:00,74020.07
2026-05-30 18:00:00,74043.38
2026-05-30 19:00:00,74016.65
2026-05-30 20:00:00,73979.84
2026-05-30 21:00:00,73981.99
2026-05-30 22:00:00,73883.3
2026-05-30 23:00:00,73884.38
2026-05-31 00:00:00,74038.2
2026-05-31 01:00:00,74058.01
2026-05-31 02:00:00,74090.84
2026-05-31 03:00:00,74150.64
2026-05-31 04:00:00,74178.4
2026-05-31 05:00:00,74055.98
2026-05-31 06:00:00,74054.87
2026-05-31 07:00:00,73871.24
2026-05-31 08:00:00,73937.61
2026-05-31 09:00:00,73841.79
2026-05-31 10:00:00,73900.0
2026-05-31 11:00:00,73937.79
2026-05-31 12:00:00,73920.0
2026-05-31 13:00:00,73872.8
2026-05-31 14:00:00,73602.17
2026-05-31 15:00:00,73655.21
2026-05-31 16:00:00,73526.14
2026-05-31 17:00:00,73709.44
2026-05-31 18:00:00,73603.69
2026-05-31 19:00:00,73563.42
2026-05-31 20:00:00,73739.66
2026-05-31 21:00:00,73892.52
2026-05-31 22:00:00,73944.62
2026-05-31 23:00:00,73674.39
2026-06-01 00:00:00,73885.0
2026-06-01 01:00:00,73292.92
2026-06-01 02:00:00,73790.0
2026-06-01 03:00:00,73769.06
2026-06-01 04:00:00,73536.01
2026-06-01 05:00:00,73350.0
2026-06-01 06:00:00,73135.74
2026-06-01 07:00:00,72818.0
2026-06-01 08:00:00,72902.65
2026-06-01 09:00:00,72880.0
2026-06-01 10:00:00,72748.88
2026-06-01 11:00:00,72479.99
2026-06-01 12:00:00,72221.73
2026-06-01 13:00:00,71711.89
2026-06-01 14:00:00,71567.91
2026-06-01 15:00:00,71129.62
2026-06-01 16:00:00,71564.01
2026-06-01 17:00:00,71646.01
2026-06-01 18:00:00,71498.64
2026-06-01 19:00:00,71595.24
2026-06-01 20:00:00,71446.0
2026-06-01 21:00:00,71038.01
2026-06-01 22:00:00,71408.0
2026-06-01 23:00:00,71408.9
2026-06-02 00:00:00,71289.23
2026-06-02 01:00:00,70652.47
2026-06-02 02:00:00,70846.49
2026-06-02 03:00:00,70953.69
2026-06-02 04:00:00,70810.0
2026-06-02 05:00:00,70268.96
2026-06-02 06:00:00,70106.31
2026-06-02 07:00:00,70118.42
2026-06-02 08:00:00,69821.99
2026-06-02 09:00:00,69426.01
2026-06-02 10:00:00,69652.19
2026-06-02 11:00:00,69461.72
2026-06-02 12:00:00,69010.42
2026-06-02 13:00:00,68811.91
2026-06-02 14:00:00,68019.3
2026-06-02 15:00:00,67304.28
2026-06-02 16:00:00,67413.44
2026-06-02 17:00:00,67492.34
2026-06-02 18:00:00,67341.99
2026-06-02 19:00:00,67315.14
2026-06-02 20:00:00,67587.77
2026-06-02 21:00:00,67566.01
2026-06-02 22:00:00,66385.2
2026-06-02 23:00:00,66760.83
2026-06-03 00:00:00,66938.01
2026-06-03 01:00:00,66920.0
2026-06-03 02:00:00,66620.01
2026-06-03 03:00:00,65849.9
2026-06-03 04:00:00,66465.98
2026-06-03 05:00:00,67330.01
2026-06-03 06:00:00,66983.27
2026-06-03 07:00:00,67220.03
2026-06-03 08:00:00,67028.0
2026-06-03 09:00:00,67075.17
2026-06-03 10:00:00,67294.52
2026-06-03 11:00:00,67067.37
2026-06-03 12:00:00,67078.72
2026-06-03 13:00:00,66906.01
2026-06-03 14:00:00,66864.95
2026-06-03 15:00:00,66076.01
2026-06-03 16:00:00,66061.83
2026-06-03 17:00:00,65964.08
2026-06-03 18:00:00,66036.57
2026-06-03 19:00:00,65462.0
2026-06-03 20:00:00,65007.27
2026-06-03 21:00:00,65768.88
2026-06-03 22:00:00,64912.98
2026-06-03 23:00:00,64142.75
2026-06-04 00:00:00,63344.97
2026-06-04 01:00:00,62178.1
2026-06-04 02:00:00,63231.99
2026-06-04 03:00:00,64363.49
2026-06-04 04:00:00,64399.99
2026-06-04 05:00:00,63955.47
2026-06-04 06:00:00,64027.99
2026-06-04 07:00:00,63603.15
2026-06-04 08:00:00,63629.99
2026-06-04 09:00:00,63266.0
2026-06-04 10:00:00,62420.0
2026-06-04 11:00:00,62545.99
2026-06-04 12:00:00,63766.82
2026-06-04 13:00:00,64230.0
2026-06-04 14:00:00,63958.97
2026-06-04 15:00:00,63896.17
2026-06-04 16:00:00,63563.51
2026-06-04 17:00:00,63540.97
2026-06-04 18:00:00,63819.62
2026-06-04 19:00:00,63629.38
2026-06-04 20:00:00,63638.4
2026-06-04 21:00:00,63286.21
2026-06-04 22:00:00,63735.43
2026-06-04 23:00:00,63885.99
2026-06-05 00:00:00,63426.72
2026-06-05 01:00:00,63374.67
2026-06-05 02:00:00,62617.72
2026-06-05 03:00:00,62730.0
2026-06-05 04:00:00,63615.23
2026-06-05 05:00:00,62329.35
2026-06-05 06:00:00,61946.57
2026-06-05 07:00:00,63115.99
2026-06-05 08:00:00,62454.64
2026-06-05 09:00:00,62860.09
2026-06-05 10:00:00,62536.87
2026-06-05 11:00:00,61964.99
2026-06-05 12:00:00,61959.73
2026-06-05 13:00:00,60732.36
2026-06-05 14:00:00,60868.97
2026-06-05 15:00:00,60438.01
2026-06-05 16:00:00,61394.39
2026-06-05 17:00:00,60813.99
2026-06-05 18:00:00,59395.99
2026-06-05 19:00:00,60300.24
2026-06-05 20:00:00,61620.01
2026-06-05 21:00:00,61670.38
2026-06-05 22:00:00,61584.49
2026-06-05 23:00:00,61056.47
2026-06-06 00:00:00,61273.29
2026-06-06 01:00:00,61058.95
2026-06-06 02:00:00,60951.64
2026-06-06 03:00:00,60687.04
2026-06-06 04:00:00,60101.27
2026-06-06 05:00:00,60942.38
2026-06-06 06:00:00,60786.96
2026-06-06 07:00:00,61004.95
2026-06-06 08:00:00,61264.0
2026-06-06 09:00:00,60981.24
2026-06-06 10:00:00,60593.0
2026-06-06 11:00:00,60802.91
2026-06-06 12:00:00,61030.63
2026-06-06 13:00:00,60801.2
2026-06-06 14:00:00,60791.05
2026-06-06 15:00:00,60784.0
2026-06-06 16:00:00,60774.0
2026-06-06 17:00:00,60576.2
2026-06-06 18:00:00,60637.21
2026-06-06 19:00:00,60600.01
2026-06-06 20:00:00,60711.69
2026-06-06 21:00:00,60751.21
2026-06-06 22:00:00,60543.53
2026-06-06 23:00:00,60884.62
2026-06-07 00:00:00,60782.01
2026-06-07 01:00:00,61479.75
2026-06-07 02:00:00,61506.74
2026-06-07 03:00:00,61701.07
2026-06-07 04:00:00,61890.92
2026-06-07 05:00:00,61748.1
2026-06-07 06:00:00,62101.0
2026-06-07 07:00:00,62404.73
2026-06-07 08:00:00,62855.01
2026-06-07 09:00:00,62530.0
2026-06-07 10:00:00,62370.52
2026-06-07 11:00:00,62621.96
2026-06-07 12:00:00,61900.67
2026-06-07 13:00:00,61700.13
2026-06-07 14:00:00,61905.49
2026-06-07 15:00:00,62093.99
2026-06-07 16:00:00,62083.64
2026-06-07 17:00:00,62160.01
2026-06-07 18:00:00,62030.14
2026-06-07 19:00:00,61328.0
2026-06-07 20:00:00,61878.01
2026-06-07 21:00:00,61778.41
2026-06-07 22:00:00,62865.87
2026-06-07 23:00:00,63332.01
2026-06-08 00:00:00,63631.42
2026-06-08 01:00:00,63211.41
2026-06-08 02:00:00,63129.93
2026-06-08 03:00:00,63130.12
2026-06-08 04:00:00,62684.61
2026-06-08 05:00:00,62764.0
2026-06-08 06:00:00,62988.03
2026-06-08 07:00:00,63283.99
2026-06-08 08:00:00,63132.83
2026-06-08 09:00:00,63502.0
2026-06-08 10:00:00,63172.3
2026-06-08 11:00:00,63479.61
2026-06-08 12:00:00,63872.0
2026-06-08 13:00:00,63758.0
2026-06-08 14:00:00,63964.08
2026-06-08 15:00:00,63774.48
2026-06-08 16:00:00,63532.01
2026-06-08 17:00:00,63550.0
2026-06-08 18:00:00,63466.83
2026-06-08 19:00:00,63372.01
2026-06-08 20:00:00,63485.49
2026-06-08 21:00:00,63728.96
2026-06-08 22:00:00,63440.01
2026-06-08 23:00:00,63085.99
2026-06-09 00:00:00,62562.0
2026-06-09 01:00:00,62764.01
2026-06-09 02:00:00,62868.0
2026-06-09 03:00:00,62875.17
2026-06-09 04:00:00,63242.36
2026-06-09 05:00:00,63338.68
2026-06-09 06:00:00,63300.0
2026-06-09 07:00:00,63198.44
2026-06-09 08:00:00,62849.75
2026-06-09 09:00:00,62715.37
2026-06-09 10:00:00,62786.01
2026-06-09 11:00:00,62711.12
2026-06-09 12:00:00,62645.15
2026-06-09 13:00:00,62273.61
2026-06-09 14:00:00,61541.95
2026-06-09 15:00:00,61131.84
2026-06-09 16:00:00,61390.51
2026-06-09 17:00:00,61692.01
2026-06-09 18:00:00,61792.01
2026-06-09 19:00:00,62098.09
2026-06-09 20:00:00,62160.0
2026-06-09 21:00:00,61761.2
2026-06-09 22:00:00,61717.5
2026-06-09 23:00:00,61730.0
2026-06-10 00:00:00,61923.16
2026-06-10 01:00:00,61714.0
2026-06-10 02:00:00,61302.36
2026-06-10 03:00:00,61549.64
2026-06-10 04:00:00,61295.99
2026-06-10 05:00:00,61361.17
2026-06-10 06:00:00,61472.89
2026-06-10 07:00:00,61687.56
2026-06-10 08:00:00,61261.55
2026-06-10 09:00:00,61334.94
2026-06-10 10:00:00,61386.09
2026-06-10 11:00:00,61034.04
2026-06-10 12:00:00,61564.01
2026-06-10 13:00:00,62146.42
2026-06-10 14:00:00,62195.99
2026-06-10 15:00:00,62639.23
2026-06-10 16:00:00,62219.33
2026-06-10 17:00:00,61969.99
2026-06-10 18:00:00,61882.0
2026-06-10 19:00:00,61942.44
2026-06-10 20:00:00,61805.51
2026-06-10 21:00:00,61356.18
2026-06-10 22:00:00,61381.46
2026-06-10 23:00:00,61510.99
2026-06-11 00:00:00,61812.0
2026-06-11 01:00:00,62206.01
2026-06-11 02:00:00,62148.0
2026-06-11 03:00:00,62689.48
2026-06-11 04:00:00,62726.86
2026-06-11 05:00:00,62610.0
2026-06-11 06:00:00,62772.0
2026-06-11 07:00:00,62719.39
2026-06-11 08:00:00,62957.99
2026-06-11 09:00:00,62927.49
2026-06-11 10:00:00,63148.0
2026-06-11 11:00:00,63108.0
2026-06-11 12:00:00,63010.01
2026-06-11 13:00:00,63077.57
2026-06-11 14:00:00,62734.02
2026-06-11 15:00:00,62749.44
2026-06-11 16:00:00,62582.45
2026-06-11 17:00:00,63644.19
2026-06-11 18:00:00,63461.12
2026-06-11 19:00:00,63605.68
2026-06-11 20:00:00,63393.67
2026-06-11 21:00:00,63519.99
2026-06-11 22:00:00,63500.01
2026-06-11 23:00:00,63625.99
2026-06-12 00:00:00,63648.8
2026-06-12 01:00:00,63426.2
2026-06-12 02:00:00,63624.07
2026-06-12 03:00:00,63524.82
2026-06-12 04:00:00,63700.0
2026-06-12 05:00:00,63358.2
2026-06-12 06:00:00,62980.45
2026-06-12 07:00:00,63100.8
2026-06-12 08:00:00,63470.81
2026-06-12 09:00:00,63752.93
2026-06-12 10:00:00,63702.01
2026-06-12 11:00:00,63766.01
2026-06-12 12:00:00,63465.51
2026-06-12 13:00:00,63229.1
2026-06-12 14:00:00,63999.99
2026-06-12 15:00:00,63593.02
2026-06-12 16:00:00,63982.48
2026-06-12 17:00:00,63865.44
2026-06-12 18:00:00,63694.0
2026-06-12 19:00:00,63589.27
2026-06-12 20:00:00,63449.0
2026-06-12 21:00:00,63472.0
2026-06-12 22:00:00,63502.0
2026-06-12 23:00:00,63580.01
2026-06-13 00:00:00,63600.01
2026-06-13 01:00:00,63837.89
2026-06-13 02:00:00,63646.01
2026-06-13 03:00:00,63532.0
2026-06-13 04:00:00,63512.01
2026-06-13 05:00:00,63584.03
2026-06-13 06:00:00,63735.74
2026-06-13 07:00:00,63846.0
2026-06-13 08:00:00,63806.0
2026-06-13 09:00:00,63743.12
2026-06-13 10:00:00,63843.01
2026-06-13 11:00:00,63971.28
2026-06-13 12:00:00,64133.12
2026-06-13 13:00:00,64102.69
2026-06-13 14:00:00,64220.97
2026-06-13 15:00:00,64296.15
2026-06-13 16:00:00,64029.17
2026-06-13 17:00:00,63971.19
2026-06-13 18:00:00,64161.46
2026-06-13 19:00:00,64296.59
2026-06-13 20:00:00,64278.31
2026-06-13 21:00:00,64471.04
2026-06-13 22:00:00,64456.47
2026-06-13 23:00:00,64458.01
2026-06-14 00:00:00,64565.0
2026-06-14 01:00:00,64563.0
2026-06-14 02:00:00,64490.01
2026-06-14 03:00:00,64545.3
2026-06-14 04:00:00,64339.07
2026-06-14 05:00:00,64338.0
2026-06-14 06:00:00,64286.1
2026-06-14 07:00:00,64429.39
2026-06-14 08:00:00,64456.33
2026-06-14 09:00:00,64616.0
2026-06-14 10:00:00,64521.13
2026-06-14 11:00:00,64546.0
2026-06-14 12:00:00,64327.53
2026-06-14 13:00:00,64317.99
2026-06-14 14:00:00,63983.55
2026-06-14 15:00:00,64025.07
2026-06-14 16:00:00,63942.63
2026-06-14 17:00:00,63732.64
2026-06-14 18:00:00,63813.3
2026-06-14 19:00:00,63802.0
2026-06-14 20:00:00,64008.64
2026-06-14 21:00:00,65311.59
2026-06-14 22:00:00,65426.78
2026-06-14 23:00:00,65746.45
2026-06-15 00:00:00,65625.99
2026-06-15 01:00:00,65525.0
2026-06-15 02:00:00,65472.01
2026-06-15 03:00:00,65927.1
2026-06-15 04:00:00,65644.01
2026-06-15 05:00:00,65858.01
2026-06-15 06:00:00,65812.01
2026-06-15 07:00:00,65674.76
2026-06-15 08:00:00,65662.01
2026-06-15 09:00:00,65596.86
2026-06-15 10:00:00,65917.37
2026-06-15 11:00:00,66233.9
2026-06-15 12:00:00,66563.49
2026-06-15 13:00:00,66447.05
2026-06-15 14:00:00,66591.55
2026-06-15 15:00:00,67292.14
2026-06-15 16:00:00,67157.99
2026-06-15 17:00:00,66851.79
2026-06-15 18:00:00,66766.12
2026-06-15 19:00:00,66614.35
2026-06-15 20:00:00,66519.98
2026-06-15 21:00:00,66368.15
2026-06-15 22:00:00,66206.34
2026-06-15 23:00:00,66328.74
2026-06-16 00:00:00,66250.0
2026-06-16 01:00:00,66346.52
2026-06-16 02:00:00,65741.99
2026-06-16 03:00:00,66165.21
2026-06-16 04:00:00,65840.09
2026-06-16 05:00:00,66045.0
2026-06-16 06:00:00,66446.0
2026-06-16 07:00:00,66372.0
2026-06-16 08:00:00,66899.61
2026-06-16 09:00:00,66510.0
2026-06-16 10:00:00,66514.0
2026-06-16 11:00:00,66481.73
2026-06-16 12:00:00,66429.83
2026-06-16 13:00:00,66052.0
2026-06-16 14:00:00,65654.9
2026-06-16 15:00:00,65859.76
2026-06-16 16:00:00,65758.07
2026-06-16 17:00:00,65978.79
2026-06-16 18:00:00,65847.99
2026-06-16 19:00:00,65675.88
2026-06-16 20:00:00,65854.0
2026-06-16 21:00:00,65776.97
2026-06-16 22:00:00,65780.0
2026-06-16 23:00:00,65675.01
2026-06-17 00:00:00,65700.0
2026-06-17 01:00:00,65940.0
2026-06-17 02:00:00,65904.0
2026-06-17 03:00:00,65851.99
2026-06-17 04:00:00,65892.0
2026-06-17 05:00:00,65836.3
2026-06-17 06:00:00,65624.0
2026-06-17 07:00:00,65539.5
2026-06-17 08:00:00,64926.02
2026-06-17 09:00:00,64909.44
2026-06-17 10:00:00,64798.0
2026-06-17 11:00:00,64810.01
2026-06-17 12:00:00,65040.88
2026-06-17 13:00:00,65278.0
2026-06-17 14:00:00,65101.45
2026-06-17 15:00:00,65752.0
2026-06-17 16:00:00,65864.12
2026-06-17 17:00:00,66104.08
2026-06-17 18:00:00,65516.0
2026-06-17 19:00:00,64301.85
2026-06-17 20:00:00,64434.36
2026-06-17 21:00:00,64257.77
2026-06-17 22:00:00,64300.01
2026-06-17 23:00:00,64509.4
2026-06-18 00:00:00,64468.01
2026-06-18 01:00:00,64548.74
2026-06-18 02:00:00,64689.5
2026-06-18 03:00:00,64282.82
2026-06-18 04:00:00,63883.41
2026-06-18 05:00:00,63994.0
2026-06-18 06:00:00,64083.41
2026-06-18 07:00:00,64510.44
2026-06-18 08:00:00,64399.92
2026-06-18 09:00:00,64199.53
2026-06-18 10:00:00,64078.61
2026-06-18 11:00:00,63974.4
2026-06-18 12:00:00,64378.07
2026-06-18 13:00:00,63984.0
2026-06-18 14:00:00,63816.61
2026-06-18 15:00:00,62369.44
2026-06-18 16:00:00,62688.0
2026-06-18 17:00:00,62606.0
2026-06-18 18:00:00,62708.92
2026-06-18 19:00:00,62950.79
2026-06-18 20:00:00,63086.0
2026-06-18 21:00:00,62971.32
2026-06-18 22:00:00,62885.85
2026-06-18 23:00:00,62958.01
2026-06-19 00:00:00,63020.0
2026-06-19 01:00:00,63021.86
2026-06-19 02:00:00,63006.0
2026-06-19 03:00:00,62773.51
2026-06-19 04:00:00,62452.01
2026-06-19 05:00:00,62739.2
2026-06-19 06:00:00,62894.08
2026-06-19 07:00:00,62629.99
2026-06-19 08:00:00,62603.99
2026-06-19 09:00:00,62390.0
2026-06-19 10:00:00,62533.25
2026-06-19 11:00:00,62626.0
2026-06-19 12:00:00,62830.01
2026-06-19 13:00:00,63210.0
2026-06-19 14:00:00,63203.53
2026-06-19 15:00:00,63214.01
2026-06-19 16:00:00,62971.99
2026-06-19 17:00:00,63198.01
2026-06-19 18:00:00,63110.01
2026-06-19 19:00:00,63021.6
2026-06-19 20:00:00,63250.01
2026-06-19 21:00:00,63075.98
2026-06-19 22:00:00,63315.28
2026-06-19 23:00:00,63543.91
2026-06-20 00:00:00,63530.01
2026-06-20 01:00:00,63586.28
2026-06-20 02:00:00,63340.57
2026-06-20 03:00:00,63476.79
2026-06-20 04:00:00,63583.53
2026-06-20 05:00:00,63678.07
2026-06-20 06:00:00,63744.61
2026-06-20 07:00:00,63655.21
2026-06-20 08:00:00,63417.97
2026-06-20 09:00:00,63741.16
2026-06-20 10:00:00,63674.7
2026-06-20 11:00:00,63688.0
2026-06-20 12:00:00,63655.09
2026-06-20 13:00:00,63397.78
2026-06-20 14:00:00,63949.9
2026-06-20 15:00:00,64160.04
2026-06-20 16:00:00,64034.31
2026-06-20 17:00:00,63834.7
2026-06-20 18:00:00,63805.89
2026-06-20 19:00:00,63936.0
2026-06-20 20:00:00,63925.99
2026-06-20 21:00:00,64012.4
2026-06-20 22:00:00,64272.01
2026-06-20 23:00:00,64298.01
2026-06-21 00:00:00,64294.0
2026-06-21 01:00:00,64248.0
2026-06-21 02:00:00,64241.25
2026-06-21 03:00:00,64426.0
2026-06-21 04:00:00,64276.12
2026-06-21 05:00:00,64256.55
2026-06-21 06:00:00,64303.46
2026-06-21 07:00:00,64191.07
2026-06-21 08:00:00,64014.0
2026-06-21 09:00:00,64209.16
2026-06-21 10:00:00,64365.99
2026-06-21 11:00:00,64176.0
2026-06-21 12:00:00,64200.0
2026-06-21 13:00:00,64146.0
2026-06-21 14:00:00,64145.97
2026-06-21 15:00:00,64224.0
2026-06-21 16:00:00,64145.31
2026-06-21 17:00:00,64151.46
2026-06-21 18:00:00,64213.81
2026-06-21 19:00:00,64207.12
2026-06-21 20:00:00,63848.0
2026-06-21 21:00:00,63808.01
2026-06-21 22:00:00,63801.59
2026-06-21 23:00:00,63311.99
2026-06-22 00:00:00,63896.01
2026-06-22 01:00:00,64606.0
2026-06-22 02:00:00,64257.99
2026-06-22 03:00:00,63974.01
2026-06-22 04:00:00,64100.02
2026-06-22 05:00:00,64247.74
2026-06-22 06:00:00,63989.95
2026-06-22 07:00:00,64211.19
2026-06-22 08:00:00,64165.99
2026-06-22 09:00:00,64145.39
2026-06-22 10:00:00,64139.21
2026-06-22 11:00:00,64657.22
2026-06-22 12:00:00,65149.57
2026-06-22 13:00:00,65578.0
2026-06-22 14:00:00,64980.39
2026-06-22 15:00:00,64836.95
2026-06-22 16:00:00,64719.77
2026-06-22 17:00:00,64602.0
2026-06-22 18:00:00,64334.01
2026-06-22 19:00:00,64472.0
2026-06-22 20:00:00,64433.8
2026-06-22 21:00:00,64320.57
2026-06-22 22:00:00,63971.12
2026-06-22 23:00:00,64020.01
2026-06-23 00:00:00,64154.99
2026-06-23 01:00:00,64156.0
2026-06-23 02:00:00,64204.01
2026-06-23 03:00:00,64065.35
2026-06-23 04:00:00,63623.02
2026-06-23 05:00:00,63400.0
2026-06-23 06:00:00,62936.01
2026-06-23 07:00:00,62886.03
2026-06-23 08:00:00,62385.99
2026-06-23 09:00:00,62386.0
2026-06-23 10:00:00,62328.01
2026-06-23 11:00:00,62507.06
2026-06-23 12:00:00,62256.6
2026-06-23 13:00:00,62475.99
2026-06-23 14:00:00,62493.63
2026-06-23 15:00:00,62487.79
2026-06-23 16:00:00,62558.0
2026-06-23 17:00:00,62358.02
2026-06-23 18:00:00,62241.99
2026-06-23 19:00:00,62388.49
2026-06-23 20:00:00,62470.7
2026-06-23 21:00:00,62599.77
2026-06-23 22:00:00,62590.0
2026-06-23 23:00:00,62734.57
2026-06-24 00:00:00,63014.0
2026-06-24 01:00:00,62932.19
2026-06-24 02:00:00,62630.0
2026-06-24 03:00:00,62729.78
2026-06-24 04:00:00,62744.42
2026-06-24 05:00:00,62890.0
2026-06-24 06:00:00,62780.0
2026-06-24 07:00:00,62657.99
2026-06-24 08:00:00,62800.0
2026-06-24 09:00:00,62681.7
2026-06-24 10:00:00,62445.99
2026-06-24 11:00:00,62921.19
2026-06-24 12:00:00,62618.31
2026-06-24 13:00:00,61338.01
2026-06-24 14:00:00,61113.1
2026-06-24 15:00:00,60250.0
2026-06-24 16:00:00,59850.0
2026-06-24 17:00:00,59404.0
2026-06-24 18:00:00,59599.99
2026-06-24 19:00:00,59958.3
2026-06-24 20:00:00,60956.0
2026-06-24 21:00:00,61110.0
2026-06-24 22:00:00,60873.99
2026-06-24 23:00:00,61077.99
2026-06-25 00:00:00,60832.0
2026-06-25 01:00:00,60928.0
2026-06-25 02:00:00,60799.08
2026-06-25 03:00:00,60883.65
2026-06-25 04:00:00,61357.63
2026-06-25 05:00:00,61600.01
2026-06-25 06:00:00,61732.06
2026-06-25 07:00:00,61911.04
2026-06-25 08:00:00,61712.35
2026-06-25 09:00:00,61739.29
2026-06-25 10:00:00,61269.94
2026-06-25 11:00:00,61282.01
2026-06-25 12:00:00,61244.01
2026-06-25 13:00:00,58290.17
2026-06-25 14:00:00,59471.5
2026-06-25 15:00:00,59557.99
2026-06-25 16:00:00,59312.64
2026-06-25 17:00:00,59676.01
2026-06-25 18:00:00,59512.71
2026-06-25 19:00:00,59320.0
2026-06-25 20:00:00,59456.62
2026-06-25 21:00:00,60211.87
2026-06-25 22:00:00,59851.27
2026-06-25 23:00:00,59794.0
2026-06-26 00:00:00,59667.09
2026-06-26 01:00:00,59431.5
2026-06-26 02:00:00,58561.99
2026-06-26 03:00:00,60036.01
2026-06-26 04:00:00,59920.47
2026-06-26 05:00:00,59953.3
2026-06-26 06:00:00,60324.0
2026-06-26 07:00:00,60532.0
2026-06-26 08:00:00,60245.67
2026-06-26 09:00:00,59736.01
2026-06-26 10:00:00,59313.26
2026-06-26 11:00:00,59413.24
2026-06-26 12:00:00,59185.02
2026-06-26 13:00:00,60175.43
2026-06-26 14:00:00,59590.73
2026-06-26 15:00:00,60328.32
2026-06-26 16:00:00,60041.75
2026-06-26 17:00:00,60023.97
2026-06-26 18:00:00,59668.01
2026-06-26 19:00:00,59751.97
2026-06-26 20:00:00,59718.0
2026-06-26 21:00:00,59918.7
2026-06-26 22:00:00,60048.0
2026-06-26 23:00:00,60097.27
2026-06-27 00:00:00,60059.07
2026-06-27 01:00:00,59945.53
2026-06-27 02:00:00,60290.01
2026-06-27 03:00:00,60305.73
2026-06-27 04:00:00,60239.99
2026-06-27 05:00:00,60236.76
2026-06-27 06:00:00,60370.62
2026-06-27 07:00:00,60548.07
2026-06-27 08:00:00,60456.0
2026-06-27 09:00:00,60414.62
2026-06-27 10:00:00,60420.28
2026-06-27 11:00:00,60363.65
2026-06-27 12:00:00,60430.0
2026-06-27 13:00:00,60588.35
2026-06-27 14:00:00,60611.5
2026-06-27 15:00:00,60840.06
2026-06-27 16:00:00,60807.99
2026-06-27 17:00:00,60524.88
2026-06-27 18:00:00,60570.86
2026-06-27 19:00:00,60175.95
2026-06-27 20:00:00,60300.0
2026-06-27 21:00:00,60203.82
2026-06-27 22:00:00,60228.95
2026-06-27 23:00:00,60029.0
2026-06-28 00:00:00,60146.0
2026-06-28 01:00:00,60222.22
2026-06-28 02:00:00,60150.45
2026-06-28 03:00:00,60197.04
2026-06-28 04:00:00,60133.0
2026-06-28 05:00:00,59989.17
2026-06-28 06:00:00,60002.82
2026-06-28 07:00:00,60219.99
2026-06-28 08:00:00,60370.0
2026-06-28 09:00:00,60258.84
2026-06-28 10:00:00,60166.71
2026-06-28 11:00:00,60342.0
2026-06-28 12:00:00,60293.51
2026-06-28 13:00:00,60071.88
2026-06-28 14:00:00,60033.0
2026-06-28 15:00:00,59890.0
2026-06-28 16:00:00,59690.62
2026-06-28 17:00:00,59586.01
2026-06-28 18:00:00,59614.46
2026-06-28 19:00:00,59481.79
2026-06-28 20:00:00,59660.0
2026-06-28 21:00:00,59445.95
2026-06-28 22:00:00,59067.01
2026-06-28 23:00:00,59577.01
2026-06-29 00:00:00,59667.01
2026-06-29 01:00:00,59440.95
2026-06-29 02:00:00,59757.46
2026-06-29 03:00:00,60049.46
2026-06-29 04:00:00,59830.0
2026-06-29 05:00:00,60102.8
2026-06-29 06:00:00,60075.49
2026-06-29 07:00:00,60026.0
2026-06-29 08:00:00,59840.0
2026-06-29 09:00:00,60057.0
2026-06-29 10:00:00,60088.0
2026-06-29 11:00:00,59956.05
2026-06-29 12:00:00,59948.78
2026-06-29 13:00:00,59580.0
2026-06-29 14:00:00,59469.67
2026-06-29 15:00:00,59824.01
2026-06-29 16:00:00,59892.86
2026-06-29 17:00:00,60413.99
2026-06-29 18:00:00,60295.0
2026-06-29 19:00:00,60433.49
2026-06-29 20:00:00,60296.0
2026-06-29 21:00:00,60479.72
2026-06-29 22:00:00,60352.31
2026-06-29 23:00:00,60260.21
2026-06-30 00:00:00,59838.01
2026-06-30 01:00:00,59939.94
2026-06-30 02:00:00,59948.24
2026-06-30 03:00:00,59627.48
2026-06-30 04:00:00,59492.01
2026-06-30 05:00:00,59652.13
2026-06-30 06:00:00,59592.0
2026-06-30 07:00:00,59524.01
2026-06-30 08:00:00,59311.92
2026-06-30 09:00:00,59374.96
2026-06-30 10:00:00,59334.01
2026-06-30 11:00:00,59192.7
2026-06-30 12:00:00,58412.0
2026-06-30 13:00:00,58737.18
2026-06-30 14:00:00,58482.81
2026-06-30 15:00:00,58381.99
2026-06-30 16:00:00,58497.65
2026-06-30 17:00:00,58417.99
2026-06-30 18:00:00,58680.87
2026-06-30 19:00:00,58818.05
2026-06-30 20:00:00,58732.01
2026-06-30 21:00:00,58639.99
2026-06-30 22:00:00,58607.99
2026-06-30 23:00:00,58624.71
2026-07-01 00:00:00,58576.0
2026-07-01 01:00:00,58770.57
2026-07-01 02:00:00,59085.0
2026-07-01 03:00:00,59197.13
2026-07-01 04:00:00,59339.99
2026-07-01 05:00:00,59154.33
2026-07-01 06:00:00,58755.8
2026-07-01 07:00:00,58768.65
2026-07-01 08:00:00,58973.99
2026-07-01 09:00:00,58944.55
2026-07-01 10:00:00,58659.98
2026-07-01 11:00:00,58622.03
2026-07-01 12:00:00,58538.01
2026-07-01 13:00:00,59498.03
2026-07-01 14:00:00,59542.0
2026-07-01 15:00:00,60147.15
2026-07-01 16:00:00,59920.0
2026-07-01 17:00:00,60190.6
2026-07-01 18:00:00,60171.16
2026-07-01 19:00:00,60028.67
2026-07-01 20:00:00,60126.0
2026-07-01 21:00:00,60815.99
2026-07-01 22:00:00,60478.01
2026-07-01 23:00:00,60024.0
2026-07-02 00:00:00,59761.73
2026-07-02 01:00:00,60175.92
2026-07-02 02:00:00,60423.1
2026-07-02 03:00:00,61058.0
2026-07-02 04:00:00,60787.98
2026-07-02 05:00:00,60504.54
2026-07-02 06:00:00,60274.01
2026-07-02 07:00:00,60149.99
2026-07-02 08:00:00,60511.99
2026-07-02 09:00:00,61184.0
2026-07-02 10:00:00,61263.68
2026-07-02 11:00:00,61358.01
2026-07-02 12:00:00,61542.53
2026-07-02 13:00:00,61939.04
2026-07-02 14:00:00,61696.61
2026-07-02 15:00:00,61612.93
2026-07-02 16:00:00,61682.34
2026-07-02 17:00:00,61667.39
2026-07-02 18:00:00,61761.36
2026-07-02 19:00:00,61479.6
2026-07-02 20:00:00,61584.78
2026-07-02 21:00:00,61592.26
2026-07-02 22:00:00,61465.26
2026-07-02 23:00:00,61560.0
2026-07-03 00:00:00,61308.75
2026-07-03 01:00:00,61588.0
2026-07-03 02:00:00,61440.01
2026-07-03 03:00:00,61434.0
2026-07-03 04:00:00,61448.0
2026-07-03 05:00:00,61700.49
2026-07-03 06:00:00,61710.01
2026-07-03 07:00:00,61750.47
2026-07-03 08:00:00,61584.0
2026-07-03 09:00:00,61718.68
2026-07-03 10:00:00,61916.46
2026-07-03 11:00:00,62024.02
2026-07-03 12:00:00,61983.99
2026-07-03 13:00:00,62116.01
2026-07-03 14:00:00,62167.48
2026-07-03 15:00:00,61922.72
2026-07-03 16:00:00,62104.81
2026-07-03 17:00:00,62194.0
2026-07-03 18:00:00,62204.01
2026-07-03 19:00:00,62210.0
2026-07-03 20:00:00,62776.92
2026-07-03 21:00:00,62732.0
2026-07-03 22:00:00,62578.0
2026-07-03 23:00:00,62583.26
2026-07-04 00:00:00,62756.29
2026-07-04 01:00:00,62468.44
2026-07-04 02:00:00,62538.96
2026-07-04 03:00:00,62627.29
2026-07-04 04:00:00,62700.0
2026-07-04 05:00:00,62471.52
2026-07-04 06:00:00,62500.01
2026-07-04 07:00:00,62576.0
2026-07-04 08:00:00,62553.78
2026-07-04 09:00:00,62494.0
2026-07-04 10:00:00,62513.0
2026-07-04 11:00:00,62482.01
2026-07-04 12:00:00,62664.01
2026-07-04 13:00:00,62588.84
2026-07-04 14:00:00,62693.99
2026-07-04 15:00:00,62943.29
2026-07-04 16:00:00,62927.29
2026-07-04 17:00:00,63280.38
2026-07-04 18:00:00,63172.78
2026-07-04 19:00:00,63294.72
2026-07-04 20:00:00,63233.78
2026-07-04 21:00:00,63297.84
2026-07-04 22:00:00,63184.99
2026-07-04 23:00:00,63144.01
2026-07-05 00:00:00,62991.29
2026-07-05 01:00:00,62887.94
2026-07-05 02:00:00,62693.56
2026-07-05 03:00:00,62769.04
2026-07-05 04:00:00,62815.99
2026-07-05 05:00:00,62740.5
2026-07-05 06:00:00,62782.18
2026-07-05 07:00:00,63020.21
2026-07-05 08:00:00,62915.0
2026-07-05 09:00:00,62622.18
2026-07-05 10:00:00,62756.12
2026-07-05 11:00:00,62658.92
2026-07-05 12:00:00,62745.01
2026-07-05 13:00:00,62792.0
2026-07-05 14:00:00,62812.25
2026-07-05 15:00:00,62740.01
2026-07-05 16:00:00,62637.48
2026-07-05 17:00:00,62624.93
2026-07-05 18:00:00,62820.33
2026-07-05 19:00:00,62768.88
2026-07-05 20:00:00,62730.61
2026-07-05 21:00:00,63092.01
2026-07-05 22:00:00,63736.0
2026-07-05 23:00:00,63650.0
2026-07-06 00:00:00,63761.99
2026-07-06 01:00:00,63576.0
2026-07-06 02:00:00,63460.01
2026-07-06 03:00:00,63294.0
2026-07-06 04:00:00,63267.99
2026-07-06 05:00:00,63114.0
2026-07-06 06:00:00,62976.0
2026-07-06 07:00:00,63089.42
2026-07-06 08:00:00,62904.01
2026-07-06 09:00:00,62664.77
2026-07-06 10:00:00,62822.06
2026-07-06 11:00:00,62483.84
2026-07-06 12:00:00,61754.01
2026-07-06 13:00:00,61768.21
2026-07-06 14:00:00,62052.0
2026-07-06 15:00:00,63545.98
2026-07-06 16:00:00,63732.0
2026-07-06 17:00:00,63587.38
2026-07-06 18:00:00,63696.4
2026-07-06 19:00:00,63738.52
2026-07-06 20:00:00,63828.0
2026-07-06 21:00:00,64489.98
2026-07-06 22:00:00,64244.0
2026-07-06 23:00:00,64042.02
2026-07-07 00:00:00,64203.99
2026-07-07 01:00:00,63840.0
2026-07-07 02:00:00,63322.01
2026-07-07 03:00:00,63191.01
2026-07-07 04:00:00,63100.01
2026-07-07 05:00:00,63128.01
2026-07-07 06:00:00,63340.0
2026-07-07 07:00:00,63083.18
2026-07-07 08:00:00,63104.0
2026-07-07 09:00:00,63256.0
2026-07-07 10:00:00,63284.0
2026-07-07 11:00:00,63406.0
2026-07-07 12:00:00,63481.39
2026-07-07 13:00:00,63056.0
2026-07-07 14:00:00,63562.05
2026-07-07 15:00:00,63930.51
2026-07-07 16:00:00,63983.27
2026-07-07 17:00:00,64186.0
2026-07-07 18:00:00,63679.99
2026-07-07 19:00:00,63817.99
2026-07-07 20:00:00,63697.99
2026-07-07 21:00:00,63423.94
2026-07-07 22:00:00,63551.02
2026-07-07 23:00:00,63363.99
2026-07-08 00:00:00,63612.77
2026-07-08 01:00:00,63038.01
2026-07-08 02:00:00,62979.99
2026-07-08 03:00:00,62766.0
2026-07-08 04:00:00,62800.0
2026-07-08 05:00:00,62637.88
2026-07-08 06:00:00,62657.81
2026-07-08 07:00:00,62888.35
2026-07-08 08:00:00,62018.36
2026-07-08 09:00:00,62057.67
2026-07-08 10:00:00,62183.12
2026-07-08 11:00:00,62299.99
2026-07-08 12:00:00,61957.73
2026-07-08 13:00:00,61945.49
2026-07-08 14:00:00,61889.83
2026-07-08 15:00:00,61704.01
2026-07-08 16:00:00,62113.03
2026-07-08 17:00:00,62104.62
2026-07-08 18:00:00,62185.32
2026-07-08 19:00:00,62277.98
2026-07-08 20:00:00,62099.61
2026-07-08 21:00:00,62187.17
2026-07-08 22:00:00,62330.4
2026-07-08 23:00:00,62290.0
2026-07-09 00:00:00,62129.99
2026-07-09 01:00:00,61916.0
2026-07-09 02:00:00,61788.8
2026-07-09 03:00:00,61974.34
2026-07-09 04:00:00,62453.74
2026-07-09 05:00:00,62589.61
2026-07-09 06:00:00,62959.96
2026-07-09 07:00:00,63000.0
2026-07-09 08:00:00,62903.65
2026-07-09 09:00:00,62953.4
2026-07-09 10:00:00,62786.04
2026-07-09 11:00:00,62786.34
2026-07-09 12:00:00,62614.02
2026-07-09 13:00:00,63028.35
2026-07-09 14:00:00,63016.0
2026-07-09 15:00:00,62868.05
2026-07-09 16:00:00,62700.01
2026-07-09 17:00:00,63142.79
2026-07-09 18:00:00,63219.03
2026-07-09 19:00:00,63248.1
2026-07-09 20:00:00,63313.38
2026-07-09 21:00:00,63274.59
2026-07-09 22:00:00,63218.78
2026-07-09 23:00:00,63230.0
2026-07-10 00:00:00,63113.93
2026-07-10 01:00:00,63749.86
2026-07-10 02:00:00,63961.99
2026-07-10 03:00:00,63947.2
2026-07-10 04:00:00,64047.88
2026-07-10 05:00:00,64115.99
2026-07-10 06:00:00,63854.71
2026-07-10 07:00:00,63963.0
2026-07-10 08:00:00,64246.01
2026-07-10 09:00:00,64385.09
2026-07-10 10:00:00,64407.8
2026-07-10 11:00:00,64425.18
2026-07-10 12:00:00,64286.64
2026-07-10 13:00:00,64484.0
2026-07-10 14:00:00,63914.87
2026-07-10 15:00:00,64040.0
2026-07-10 16:00:00,64140.01
2026-07-10 17:00:00,63823.99
2026-07-10 18:00:00,63810.0
2026-07-10 19:00:00,63917.88
2026-07-10 20:00:00,63841.25
2026-07-10 21:00:00,64011.99
2026-07-10 22:00:00,64112.29
2026-07-10 23:00:00,64161.72
2026-07-11 00:00:00,64124.0
2026-07-11 01:00:00,64012.95
2026-07-11 02:00:00,64158.04
2026-07-11 03:00:00,64150.42
2026-07-11 04:00:00,64152.0
2026-07-11 05:00:00,64176.01
2026-07-11 06:00:00,64219.1
2026-07-11 07:00:00,64162.18
2026-07-11 08:00:00,64265.98
2026-07-11 09:00:00,64167.34
2026-07-11 10:00:00,64196.0
2026-07-11 11:00:00,64198.0
2026-07-11 12:00:00,64195.49
2026-07-11 13:00:00,64235.66
2026-07-11 14:00:00,64350.07
2026-07-11 15:00:00,64175.75
2026-07-11 16:00:00,64180.01
2026-07-11 17:00:00,64315.53
2026-07-11 18:00:00,64327.99
2026-07-11 19:00:00,64286.0
2026-07-11 20:00:00,64382.45
2026-07-11 21:00:00,64355.99
2026-07-11 22:00:00,64203.08
2026-07-11 23:00:00,63819.0
2026-07-12 00:00:00,63828.47
2026-07-12 01:00:00,64133.61
2026-07-12 02:00:00,64070.39
2026-07-12 03:00:00,64223.73
2026-07-12 04:00:00,63999.93
2026-07-12 05:00:00,63959.93
2026-07-12 06:00:00,63762.46
2026-07-12 07:00:00,63885.27
2026-07-12 08:00:00,63983.18
2026-07-12 09:00:00,63961.61
2026-07-12 10:00:00,63865.76
2026-07-12 11:00:00,64018.01
2026-07-12 12:00:00,64026.0
2026-07-12 13:00:00,64023.14
2026-07-12 14:00:00,64203.08
2026-07-12 15:00:00,64176.0
2026-07-12 16:00:00,64177.7
2026-07-12 17:00:00,64078.0
2026-07-12 18:00:00,64147.99
2026-07-12 19:00:00,64228.59
2026-07-12 20:00:00,64198.89
2026-07-12 21:00:00,63920.4
2026-07-12 22:00:00,63886.87
2026-07-12 23:00:00,63780.0
2026-07-13 00:00:00,64072.01
2026-07-13 01:00:00,63412.01
2026-07-13 02:00:00,63375.99
2026-07-13 03:00:00,62806.41
2026-07-13 04:00:00,62672.0
2026-07-13 05:00:00,62799.0
2026-07-13 06:00:00,62797.55
2026-07-13 07:00:00,62985.52
2026-07-13 08:00:00,63206.97
2026-07-13 09:00:00,63100.02
2026-07-13 10:00:00,62867.89
2026-07-13 11:00:00,62901.99
2026-07-13 12:00:00,62625.15
2026-07-13 13:00:00,62318.0
2026-07-13 14:00:00,62791.85
2026-07-13 15:00:00,62618.01
2026-07-13 16:00:00,62276.0
2026-07-13 17:00:00,61904.99
2026-07-13 18:00:00,62020.0
2026-07-13 19:00:00,62288.23
2026-07-13 20:00:00,62210.99
2026-07-13 21:00:00,62065.06
2026-07-13 22:00:00,61924.0
2026-07-13 23:00:00,62334.52
2026-07-14 00:00:00,62549.54
2026-07-14 01:00:00,62540.42
2026-07-14 02:00:00,62544.0
2026-07-14 03:00:00,62572.89
2026-07-14 04:00:00,62745.23
2026-07-14 05:00:00,62737.0
2026-07-14 06:00:00,62624.05
2026-07-14 07:00:00,62560.92
2026-07-14 08:00:00,62713.85
2026-07-14 09:00:00,62629.55
2026-07-14 10:00:00,62800.0
2026-07-14 11:00:00,62844.99
2026-07-14 12:00:00,63960.0
2026-07-14 13:00:00,63840.01
2026-07-14 14:00:00,64305.02
2026-07-14 15:00:00,64743.99
2026-07-14 16:00:00,64730.0
2026-07-14 17:00:00,64621.43
2026-07-14 18:00:00,64571.98
2026-07-14 19:00:00,64569.59
2026-07-14 20:00:00,64572.02
2026-07-14 21:00:00,64676.9
2026-07-14 22:00:00,64860.89
2026-07-14 23:00:00,65043.98
2026-07-15 00:00:00,64824.58
2026-07-15 01:00:00,64674.35
2026-07-15 02:00:00,64490.87
2026-07-15 03:00:00,64792.01
2026-07-15 04:00:00,64746.01
2026-07-15 05:00:00,64944.06
2026-07-15 06:00:00,64814.0
2026-07-15 07:00:00,64549.34
2026-07-15 08:00:00,64768.01
2026-07-15 09:00:00,64671.83
2026-07-15 10:00:00,64663.0
2026-07-15 11:00:00,64732.15
2026-07-15 12:00:00,65164.0
2026-07-15 13:00:00,65117.99
2026-07-15 14:00:00,65399.81
2026-07-15 15:00:00,65427.61
2026-07-15 16:00:00,65120.79
2026-07-15 17:00:00,65056.1
2026-07-15 18:00:00,64860.0
2026-07-15 19:00:00,64977.34
2026-07-15 20:00:00,64968.01
2026-07-15 21:00:00,64834.31
2026-07-15 22:00:00,64866.93
2026-07-15 23:00:00,64756.28
2026-07-16 00:00:00,64584.07
2026-07-16 01:00:00,64730.01
2026-07-16 02:00:00,64642.01
2026-07-16 03:00:00,64619.95
2026-07-16 04:00:00,64650.05
2026-07-16 05:00:00,64917.99
2026-07-16 06:00:00,64777.32
2026-07-16 07:00:00,64238.0
2026-07-16 08:00:00,64126.85
2026-07-16 09:00:00,64090.0
2026-07-16 10:00:00,64221.34
2026-07-16 11:00:00,64256.53
2026-07-16 12:00:00,63966.01
2026-07-16 13:00:00,64376.0
2026-07-16 14:00:00,64543.51
2026-07-16 15:00:00,64704.73
2026-07-16 16:00:00,64484.0
2026-07-16 17:00:00,64069.03
2026-07-16 18:00:00,64246.01
2026-07-16 19:00:00,64271.84
2026-07-16 20:00:00,64114.27
2026-07-16 21:00:00,64161.99
2026-07-16 22:00:00,63968.0
2026-07-16 23:00:00,63830.2
2026-07-17 00:00:00,63886.0
2026-07-17 01:00:00,63546.24
2026-07-17 02:00:00,63482.0
2026-07-17 03:00:00,63570.0
2026-07-17 04:00:00,63486.01
2026-07-17 05:00:00,62839.76
2026-07-17 06:00:00,62948.0
2026-07-17 07:00:00,62828.11
2026-07-17 08:00:00,62888.0
2026-07-17 09:00:00,62989.46
2026-07-17 10:00:00,63179.92
2026-07-17 11:00:00,63298.01
2026-07-17 12:00:00,63099.75
2026-07-17 13:00:00,63153.99
2026-07-17 14:00:00,63174.0
2026-07-17 15:00:00,63452.0
2026-07-17 16:00:00,63594.0
2026-07-17 17:00:00,64049.86
2026-07-17 18:00:00,64259.73
2026-07-17 19:00:00,64160.8
2026-07-17 20:00:00,64120.0
2026-07-17 21:00:00,64110.0
2026-07-17 22:00:00,63986.0
2026-07-17 23:00:00,63931.67
2026-07-18 00:00:00,63910.04
2026-07-18 01:00:00,63952.98
2026-07-18 02:00:00,63967.61
2026-07-18 03:00:00,64017.84
2026-07-18 04:00:00,63967.99
2026-07-18 05:00:00,63967.95
2026-07-18 06:00:00,63979.67
2026-07-18 07:00:00,64002.75
2026-07-18 08:00:00,64006.01
2026-07-18 09:00:00,63987.76
2026-07-18 10:00:00,64016.43
2026-07-18 11:00:00,64069.89
2026-07-18 12:00:00,64218.0
2026-07-18 13:00:00,64106.0
2026-07-18 14:00:00,64126.0
2026-07-18 15:00:00,64123.12
2026-07-18 16:00:00,64303.47
2026-07-18 17:00:00,64480.29
2026-07-18 18:00:00,64512.41
2026-07-18 19:00:00,64552.79
2026-07-18 20:00:00,64693.01
2026-07-18 21:00:00,64731.72
2026-07-18 22:00:00,64805.05
2026-07-18 23:00:00,64834.22
2026-07-19 00:00:00,64792.08
2026-07-19 01:00:00,64765.99
2026-07-19 02:00:00,64826.01
2026-07-19 03:00:00,64706.18
2026-07-19 04:00:00,64720.17
2026-07-19 05:00:00,64724.01
2026-07-19 06:00:00,64711.69
2026-07-19 07:00:00,64711.05
2026-07-19 08:00:00,64707.49
2026-07-19 09:00:00,64509.99
2026-07-19 10:00:00,64595.0
2026-07-19 11:00:00,64467.64
2026-07-19 12:00:00,64441.15
2026-07-19 13:00:00,64483.31
2026-07-19 14:00:00,64593.07
2026-07-19 15:00:00,64585.32
2026-07-19 16:00:00,64538.72
2026-07-19 17:00:00,64547.86
2026-07-19 18:00:00,64419.99
2026-07-19 19:00:00,64462.58
2026-07-19 20:00:00,64535.99
2026-07-19 21:00:00,64415.75
2026-07-19 22:00:00,64674.67
2026-07-19 23:00:00,64722.54
2026-07-20 00:00:00,64553.84
2026-07-20 01:00:00,64628.01
2026-07-20 02:00:00,64827.2
2026-07-20 03:00:00,64869.8
2026-07-20 04:00:00,64540.01
2026-07-20 05:00:00,64128.0
2026-07-20 06:00:00,63917.98
2026-07-20 07:00:00,64280.01
2026-07-20 08:00:00,64049.99
2026-07-20 09:00:00,64199.5
2026-07-20 10:00:00,64301.18
2026-07-20 11:00:00,65002.01
2026-07-20 12:00:00,64640.0
2026-07-20 13:00:00,64344.01
2026-07-20 14:00:00,64416.01
2026-07-20 15:00:00,65598.75
2026-07-20 16:00:00,65508.5
2026-07-20 17:00:00,65587.98
2026-07-20 18:00:00,65240.01
2026-07-20 19:00:00,65142.0
2026-07-20 20:00:00,65367.58
2026-07-20 21:00:00,65286.02
2026-07-20 22:00:00,65141.99
2026-07-20 23:00:00,65255.51
2026-07-21 00:00:00,65568.01
2026-07-21 01:00:00,65235.55
2026-07-21 02:00:00,65414.01
2026-07-21 03:00:00,65566.78
2026-07-21 04:00:00,65522.01
2026-07-21 05:00:00,65751.56
2026-07-21 06:00:00,65913.0
2026-07-21 07:00:00,66186.86
2026-07-21 08:00:00,66226.44
2026-07-21 09:00:00,66291.99
2026-07-21 10:00:00,66180.0
2026-07-21 11:00:00,66345.59
2026-07-21 12:00:00,66558.82
2026-07-21 13:00:00,66786.0
2026-07-21 14:00:00,66842.3
2026-07-21 15:00:00,66676.54
2026-07-21 16:00:00,66542.01
2026-07-21 17:00:00,66207.95
2026-07-21 18:00:00,66319.95
2026-07-21 19:00:00,66444.76
2026-07-21 20:00:00,66406.57
2026-07-21 21:00:00,66385.0
2026-07-21 22:00:00,66304.02
2026-07-21 23:00:00,66556.16
2026-07-22 00:00:00,66620.97
2026-07-22 01:00:00,66433.3
2026-07-22 02:00:00,66314.12
2026-07-22 03:00:00,66210.0
2026-07-22 04:00:00,66381.05
2026-07-22 05:00:00,65974.9
2026-07-22 06:00:00,65934.33
2026-07-22 07:00:00,65843.48
2026-07-22 08:00:00,65987.96
2026-07-22 09:00:00,65928.0
2026-07-22 10:00:00,66046.02
2026-07-22 11:00:00,66013.36
2026-07-22 12:00:00,65636.01
2026-07-22 13:00:00,65951.39
2026-07-22 14:00:00,65793.98
2026-07-22 15:00:00,66047.39
2026-07-22 16:00:00,66229.01
2026-07-22 17:00:00,66024.03
2026-07-22 18:00:00,65895.46
2026-07-22 19:00:00,65923.19
2026-07-22 20:00:00,65919.68
2026-07-22 21:00:00,66072.47
2026-07-22 22:00:00,66044.17
2026-07-22 23:00:00,66114.49
2026-07-23 00:00:00,66058.19
2026-07-23 01:00:00,65830.0
2026-07-23 02:00:00,65805.34
2026-07-23 03:00:00,65662.53
2026-07-23 04:00:00,65616.48
2026-07-23 05:00:00,65691.01
2026-07-23 06:00:00,65790.0
2026-07-23 07:00:00,65442.13
2026-07-23 08:00:00,65633.0
2026-07-23 09:00:00,65638.92
2026-07-23 10:00:00,65740.0
2026-07-23 11:00:00,65555.21
2026-07-23 12:00:00,65167.04
2026-07-23 13:00:00,64880.0
2026-07-23 14:00:00,64909.99
2026-07-23 15:00:00,64958.36
2026-07-23 16:00:00,64756.84
2026-07-23 17:00:00,64681.27
2026-07-23 18:00:00,64869.12
2026-07-23 19:00:00,64846.94
2026-07-23 20:00:00,65147.5
2026-07-23 21:00:00,65169.81
2026-07-23 22:00:00,65195.43
2026-07-23 23:00:00,65098.97
2026-07-24 00:00:00,64973.99
2026-07-24 01:00:00,65086.0
2026-07-24 02:00:00,65116.99
2026-07-24 03:00:00,65456.7
2026-07-24 04:00:00,65318.0
2026-07-24 05:00:00,65325.0
2026-07-24 06:00:00,65472.0
2026-07-24 07:00:00,65499.95
2026-07-24 08:00:00,65302.18
2026-07-24 09:00:00,65113.13
2026-07-24 10:00:00,64950.0
2026-07-24 11:00:00,65083.43
2026-07-24 12:00:00,64780.01
2026-07-24 13:00:00,64155.46
2026-07-24 14:00:00,64055.12
2026-07-24 15:00:00,64093.85
2026-07-24 16:00:00,63958.0
2026-07-24 17:00:00,64180.0
2026-07-24 18:00:00,64272.0
2026-07-24 19:00:00,64225.32
2026-07-24 20:00:00,64170.23
2026-07-24 21:00:00,64155.0
2026-07-24 22:00:00,64169.01
2026-07-24 23:00:00,64139.99
2026-07-25 00:00:00,64073.61
2026-07-25 01:00:00,64068.01
2026-07-25 02:00:00,64052.0
2026-07-25 03:00:00,64085.36
2026-07-25 04:00:00,64181.46
2026-07-25 05:00:00,64024.0
2026-07-25 06:00:00,64010.0
2026-07-25 07:00:00,64003.2
2026-07-25 08:00:00,63876.06
2026-07-25 09:00:00,63999.99
2026-07-25 10:00:00,64070.0
2026-07-25 11:00:00,64064.01
2026-07-25 12:00:00,64123.8
2026-07-25 13:00:00,64172.0
2026-07-25 14:00:00,64214.04
2026-07-25 15:00:00,64182.0
2026-07-25 16:00:00,64206.6
2026-07-25 17:00:00,64267.4
2026-07-25 18:00:00,64415.99
2026-07-25 19:00:00,64388.38
2026-07-25 20:00:00,64339.75
2026-07-25 21:00:00,64344.02
2026-07-25 22:00:00,64412.0
2026-07-25 23:00:00,64375.0
2026-07-26 00:00:00,64506.99
2026-07-26 01:00:00,64462.0
2026-07-26 02:00:00,64527.56
2026-07-26 03:00:00,64557.0
2026-07-26 04:00:00,64530.06
2026-07-26 05:00:00,64417.69
2026-07-26 06:00:00,64438.0
2026-07-26 07:00:00,64370.0
2026-07-26 08:00:00,64480.01
2026-07-26 09:00:00,64538.0
2026-07-26 10:00:00,64515.4
2026-07-26 11:00:00,64507.35
2026-07-26 12:00:00,64466.67
2026-07-26 13:00:00,64518.0
2026-07-26 14:00:00,64712.99
2026-07-26 15:00:00,64768.0
2026-07-26 16:00:00,64734.17
2026-07-26 17:00:00,64697.2
2026-07-26 18:00:00,64734.38
2026-07-26 19:00:00,64695.52
2026-07-26 20:00:00,64649.04
2026-07-26 21:00:00,64858.02
2026-07-26 22:00:00,65412.68
2026-07-26 23:00:00,65399.99
2026-07-27 00:00:00,65131.95
2026-07-27 01:00:00,65206.21
2026-07-27 02:00:00,65172.0
2026-07-27 03:00:00,65284.0
2026-07-27 04:00:00,65282.8
2026-07-27 05:00:00,65468.38
2026-07-27 06:00:00,65416.76
2026-07-27 07:00:00,65221.99
2026-07-27 08:00:00,65162.98
2026-07-27 09:00:00,65262.17
2026-07-27 10:00:00,65333.35
2026-07-27 11:00:00,65100.79
2026-07-27 12:00:00,65086.0
2026-07-27 13:00:00,65217.37
2026-07-27 14:00:00,64687.45
2026-07-27 15:00:00,64554.01
2026-07-27 16:00:00,64898.52
2026-07-27 17:00:00,65019.81
2026-07-27 18:00:00,64878.0
2026-07-27 19:00:00,64984.0
2026-07-27 20:00:00,64960.65
2026-07-27 21:00:00,64821.25
2026-07-27 22:00:00,63792.0
2026-07-27 23:00:00,63755.86
2026-07-28 00:00:00,63487.88
2026-07-28 01:00:00,63230.83
2026-07-28 02:00:00,63185.59
2026-07-28 03:00:00,63343.83
2026-07-28 04:00:00,63350.95
2026-07-28 05:00:00,63451.61
2026-07-28 06:00:00,63640.63
2026-07-28 07:00:00,63505.99
2026-07-28 08:00:00,63428.08
2026-07-28 09:00:00,63393.99
2026-07-28 10:00:00,63473.47
2026-07-28 11:00:00,63450.0
2026-07-28 12:00:00,63546.65
2026-07-28 13:00:00,63104.0
2026-07-28 14:00:00,63412.45
2026-07-28 15:00:00,63928.47
2026-07-28 16:00:00,64043.26
2026-07-28 17:00:00,63685.88
2026-07-28 18:00:00,63734.49
2026-07-28 19:00:00,63904.0
2026-07-28 20:00:00,63917.55
2026-07-28 21:00:00,63972.44
2026-07-28 22:00:00,63783.71
2026-07-28 23:00:00,63915.0
2026-07-29 00:00:00,63953.99
2026-07-29 01:00:00,63705.06
2026-07-29 02:00:00,63979.96
2026-07-29 03:00:00,63753.03
2026-07-29 04:00:00,63968.34
2026-07-29 05:00:00,64067.32
2026-07-29 06:00:00,64435.62
2026-07-29 07:00:00,64561.0
2026-07-29 08:00:00,64417.31
2026-07-29 09:00:00,64698.0
2026-07-29 10:00:00,64469.83
2026-07-29 11:00:00,64507.54
2026-07-29 12:00:00,64276.81
2026-07-29 13:00:00,64664.7
2026-07-29 14:00:00,64108.01
2026-07-29 15:00:00,63964.01
2026-07-29 16:00:00,63808.33
2026-07-29 17:00:00,64269.83
2026-07-29 18:00:00,64501.52
2026-07-29 19:00:00,63589.46
2026-07-29 20:00:00,63522.01
2026-07-29 21:00:00,63860.0
2026-07-29 22:00:00,63942.5
2026-07-29 23:00:00,63984.28
2026-07-30 00:00:00,63696.72
2026-07-30 01:00:00,64266.0
2026-07-30 02:00:00,64189.99
2026-07-30 03:00:00,64161.98
2026-07-30 04:00:00,64023.99
2026-07-30 05:00:00,64033.89
2026-07-30 06:00:00,64002.0
2026-07-30 07:00:00,64026.0
2026-07-30 08:00:00,64308.01
2026-07-30 09:00:00,64567.56
2026-07-30 10:00:00,64570.72
2026-07-30 11:00:00,64788.0
2026-07-30 12:00:00,64925.0
2026-07-30 13:00:00,65022.01
2026-07-30 14:00:00,64683.97
2026-07-30 15:00:00,64730.3
2026-07-30 16:00:00,64818.01
2026-07-30 17:00:00,64872.0
2026-07-30 18:00:00,64702.8
2026-07-30 19:00:00,64800.0
2026-07-30 20:00:00,64777.37
2026-07-30 21:00:00,64735.53
2026-07-30 22:00:00,64851.16
2026-07-30 23:00:00,64780.02
2026-07-31 00:00:00,64724.91
2026-07-31 01:00:00,64564.01
2026-07-31 02:00:00,64297.79
2026-07-31 03:00:00,64370.0
2026-07-31 04:00:00,64300.0
2026-07-31 05:00:00,64363.06
2026-07-31 06:00:00,64231.97
2026-07-31 07:00:00,63950.01
2026-07-31 08:00:00,63834.01
2026-07-31 09:00:00,63715.9
2026-07-31 10:00:00,63918.67
2026-07-31 11:00:00,63805.51
2026-07-31 12:00:00,63754.01
2026-07-31 13:00:00,63270.73
2026-07-31 14:00:00,62682.06
2026-07-31 15:00:00,62716.57
2026-07-31 16:00:00,62870.88
2026-07-31 17:00:00,63245.44
2026-07-31 18:00:00,63097.57
2026-07-31 19:00:00,62972.0
2026-07-31 20:00:00,62953.7
2026-07-31 21:00:00,62947.78
2026-07-31 22:00:00,62950.0
2026-07-31 23:00:00,62887.88
2026-08-01 00:00:00,62938.01
2026-08-01 01:00:00,62975.01
2026-08-01 02:00:00,63075.07
2026-08-01 03:00:00,63004.48
2026-08-01 04:00:00,63115.01
2026-08-01 05:00:00,63020.0
2026-08-01 06:00:00,63080.64
2026-08-01 07:00:00,63050.46
2026-08-01 08:00:00,63126.25
2026-08-01 09:00:00,63053.17
2026-08-01 10:00:00,63056.0
2026-08-01 11:00:00,63076.0
2026-08-01 12:00:00,63103.68
2026-08-01 13:00:00,63069.32
2026-08-01 14:00:00,63126.52
2026-08-01 15:00:00,63007.06
2026-08-01 16:00:00,62932.32
2026-08-01 17:00:00,62708.07
2026-08-01 18:00:00,62580.56
2026-08-01 19:00:00,62529.82
2026-08-01 20:00:00,62662.13
2026-08-01 21:00:00,62812.75
2026-08-01 22:00:00,62831.28
2026-08-01 23:00:00,62823.64
2026-08-02 00:00:00,62833.99
2026-08-02 01:00:00,62981.87
2026-08-02 02:00:00,63451.58
2026-08-02 03:00:00,63461.95
2026-08-02 04:00:00,63590.0
2026-08-02 05:00:00,63453.27
2026-08-02 06:00:00,63482.49
2026-08-02 07:00:00,63506.24
2026-08-02 08:00:00,63193.99
2026-08-02 09:00:00,63273.94
2026-08-02 10:00:00,63205.03
2026-08-02 11:00:00,63031.99
2026-08-02 12:00:00,63125.49
2026-08-02 13:00:00,63126.92
2026-08-02 14:00:00,63069.37
2026-08-02 15:00:00,63109.14
2026-08-02 16:00:00,63180.36
2026-08-02 17:00:00,63300.28
2026-08-02 18:00:00,63382.01
2026-08-02 19:00:00,63456.01
2026-08-02 20:00:00,63494.52
2026-08-02 21:00:00,63578.0
2026-08-02 22:00:00,63424.58
2026-08-02 23:00:00,63570.0
2026-08-03 00:00:00,63317.6
2026-08-03 01:00:00,63212.16
2026-08-03 02:00:00,63141.4
2026-08-03 03:00:00,62870.49
2026-08-03 04:00:00,62790.0
2026-08-03 05:00:00,62827.17
2026-08-03 06:00:00,62623.6
2026-08-03 07:00:00,62621.1
2026-08-03 08:00:00,62541.5
2026-08-03 09:00:00,62837.4
2026-08-03 10:00:00,62742.01
2026-08-03 11:00:00,62560.01
2026-08-03 12:00:00,62700.0
2026-08-03 13:00:00,63351.09
2026-08-03 14:00:00,63967.19
2026-08-03 15:00:00,63694.91
2026-08-03 16:00:00,63776.46
2026-08-03 17:00:00,63906.0
2026-08-03 18:00:00,63870.87
2026-08-03 19:00:00,63869.38
2026-08-03 20:00:00,63775.43
2026-08-03 21:00:00,63590.15
2026-08-03 22:00:00,63618.0
2026-08-03 23:00:00,63520.0
2026-08-04 00:00:00,63361.99
2026-08-04 01:00:00,63847.93
2026-08-04 02:00:00,63822.44
2026-08-04 03:00:00,63800.01
2026-08-04 04:00:00,64029.0
2026-08-04 05:00:00,63818.48
2026-08-04 06:00:00,63670.0
2026-08-04 07:00:00,63685.74
2026-08-04 08:00:00,63588.94
2026-08-04 09:00:00,63603.73
2026-08-04 10:00:00,63764.0
2026-08-04 11:00:00,63926.0
2026-08-04 12:00:00,63906.41
2026-08-04 13:00:00,63683.94
2026-08-04 14:00:00,64128.72
2026-08-04 15:00:00,64125.14
2026-08-04 16:00:00,63950.93
2026-08-04 17:00:00,63972.09
2026-08-04 18:00:00,64305.99
2026-08-04 19:00:00,64233.36
2026-08-04 20:00:00,64341.0
2026-08-04 21:00:00,64194.0
2026-08-04 22:00:00,64270.61
2026-08-04 23:00:00,64106.56
2026-08-05 00:00:00,63988.0
2026-08-05 01:00:00,64333.84
2026-08-05 02:00:00,64368.26
2026-08-05 03:00:00,64183.27
2026-08-05 04:00:00,64176.7
2026-08-05 05:00:00,64330.87
2026-08-05 06:00:00,64253.58
2026-08-05 07:00:00,64163.99
2026-08-05 08:00:00,64120.81
2026-08-05 09:00:00,64155.05
2026-08-05 10:00:00,64062.23
2026-08-05 11:00:00,64075.28
2026-08-05 12:00:00,64332.43
2026-08-05 13:00:00,64407.99
2026-08-05 14:00:00,64476.39
2026-08-05 15:00:00,64388.01
2026-08-05 16:00:00,64661.99
2026-08-05 17:00:00,64770.0
2026-08-05 18:00:00,64799.1
2026-08-05 19:00:00,64840.28
2026-08-05 20:00:00,64822.89
2026-08-05 21:00:00,64733.13
2026-08-05 22:00:00,64636.0
2026-08-05 23:00:00,64665.23
2026-08-06 00:00:00,64644.99
2026-08-06 01:00:00,64580.07
2026-08-06 02:00:00,64579.36
2026-08-06 03:00:00,64531.03
2026-08-06 04:00:00,64734.65
2026-08-06 05:00:00,64908.09
2026-08-06 06:00:00,64860.0
2026-08-06 07:00:00,64809.7
2026-08-06 08:00:00,64941.99
2026-08-06 09:00:00,64683.62
2026-08-06 10:00:00,64615.95
2026-08-06 11:00:00,64622.09
2026-08-06 12:00:00,64424.0
2026-08-06 13:00:00,64434.01
2026-08-06 14:00:00,64778.0
2026-08-06 15:00:00,64631.87
2026-08-06 16:00:00,64757.99
2026-08-06 17:00:00,64621.69
2026-08-06 18:00:00,64418.47
2026-08-06 19:00:00,64446.0
2026-08-06 20:00:00,64439.7
2026-08-06 21:00:00,64440.74
2026-08-06 22:00:00,64351.49
2026-08-06 23:00:00,64323.61
2026-08-07 00:00:00,64317.99
2026-08-07 01:00:00,64422.55
2026-08-07 02:00:00,64399.87
2026-08-07 03:00:00,64289.99
2026-08-07 04:00:00,64255.13
2026-08-07 05:00:00,64336.43
2026-08-07 06:00:00,64304.12
2026-08-07 07:00:00,64319.84
2026-08-07 08:00:00,64600.0
2026-08-07 09:00:00,64839.32
2026-08-07 10:00:00,64893.98
2026-08-07 11:00:00,65029.98
2026-08-07 12:00:00,65292.32
2026-08-07 13:00:00,65009.24
2026-08-07 14:00:00,64957.98
2026-08-07 15:00:00,64912.72
2026-08-07 16:00:00,64814.0
2026-08-07 17:00:00,64764.33
2026-08-07 18:00:00,64735.51
2026-08-07 19:00:00,64960.47
2026-08-07 20:00:00,64972.0
2026-08-07 21:00:00,64928.01
2026-08-07 22:00:00,64888.0
2026-08-07 23:00:00,64923.19
2026-08-08 00:00:00,64929.01
2026-08-08 01:00:00,64911.79
2026-08-08 02:00:00,64923.97
2026-08-08 03:00:00,65033.0
2026-08-08 04:00:00,65013.58
2026-08-08 05:00:00,64995.39
2026-08-08 06:00:00,65006.61
2026-08-08 07:00:00,64960.0
2026-08-08 08:00:00,64993.87
2026-08-08 09:00:00,64994.31
2026-08-08 10:00:00,65005.87
2026-08-08 11:00:00,64967.35
2026-08-08 12:00:00,65008.34
2026-08-08 13:00:00,65015.27
2026-08-08 14:00:00,65129.02
2026-08-08 15:00:00,65080.82
2026-08-08 16:00:00,65086.45
2026-08-08 17:00:00,65119.75
2026-08-08 18:00:00,65044.07
2026-08-08 19:00:00,65075.41
2026-08-08 20:00:00,65082.41
2026-08-08 21:00:00,65012.96
2026-08-08 22:00:00,64950.61
2026-08-08 23:00:00,64962.6
2026-08-09 00:00:00,64973.65
2026-08-09 01:00:00,64861.46
2026-08-09 02:00:00,64820.01
2026-08-09 03:00:00,64788.8
2026-08-09 04:00:00,64785.0
2026-08-09 05:00:00,64801.58
2026-08-09 06:00:00,64849.99
2026-08-09 07:00:00,64826.14
2026-08-09 08:00:00,64824.16
2026-08-09 09:00:00,64877.85
2026-08-09 10:00:00,64959.86
2026-08-09 11:00:00,64950.0
2026-08-09 12:00:00,64960.11
2026-08-09 13:00:00,65219.78
2026-08-09 14:00:00,65260.01
2026-08-09 15:00:00,65228.68
2026-08-09 16:00:00,65232.14
2026-08-09 17:00:00,65198.68
2026-08-09 18:00:00,65199.68
2026-08-09 19:00:00,65180.66
2026-08-09 20:00:00,65137.96
2026-08-09 21:00:00,65192.99
2026-08-09 22:00:00,65077.13
2026-08-09 23:00:00,64901.59
2026-08-10 00:00:00,64968.01
2026-08-10 01:00:00,65189.99
2026-08-10 02:00:00,65099.99
2026-08-10 03:00:00,64982.01
2026-08-10 04:00:00,65006.73
2026-08-10 05:00:00,65134.0
2026-08-10 06:00:00,65299.4
2026-08-10 07:00:00,65202.73
2026-08-10 08:00:00,65245.58
2026-08-10 09:00:00,64967.24
2026-08-10 10:00:00,65013.06
2026-08-10 11:00:00,65125.98
2026-08-10 12:00:00,64870.75
2026-08-10 13:00:00,64561.98
2026-08-10 14:00:00,64625.77
2026-08-10 15:00:00,64299.99
2026-08-10 16:00:00,63904.65
2026-08-10 17:00:00,63953.04
2026-08-10 18:00:00,63889.39
2026-08-10 19:00:00,64045.7
2026-08-10 20:00:00,64158.5
2026-08-10 21:00:00,63987.0
2026-08-10 22:00:00,64016.0
2026-08-10 23:00:00,63970.01
2026-08-11 00:00:00,64040.0
2026-08-11 01:00:00,64060.8
2026-08-11 02:00:00,64044.59
2026-08-11 03:00:00,64155.01
2026-08-11 04:00:00,64023.51
2026-08-11 05:00:00,64000.0
2026-08-11 06:00:00,63969.28
2026-08-11 07:00:00,64065.99
2026-08-11 08:00:00,64136.41
2026-08-11 09:00:00,64300.0
2026-08-11 10:00:00,64233.23
2026-08-11 11:00:00,64389.57
2026-08-11 12:00:00,64330.01
2026-08-11 13:00:00,64200.28
2026-08-11 14:00:00,63770.03
2026-08-11 15:00:00,63609.87
2026-08-11 16:00:00,63512.59
2026-08-11 17:00:00,63607.88
2026-08-11 18:00:00,63373.07
2026-08-11 19:00:00,63536.0
2026-08-11 20:00:00,63740.0
2026-08-11 21:00:00,63672.73
2026-08-11 22:00:00,63668.49
2026-08-11 23:00:00,63600.0
2026-08-12 00:00:00,63742.07
2026-08-12 01:00:00,63813.8
2026-08-12 02:00:00,63749.76
2026-08-12 03:00:00,63835.59
2026-08-12 04:00:00,63769.58
2026-08-12 05:00:00,63849.94
2026-08-12 06:00:00,63711.97
2026-08-12 07:00:00,63837.99
2026-08-12 08:00:00,63794.94
2026-08-12 09:00:00,64108.81
2026-08-12 10:00:00,64143.36
2026-08-12 11:00:00,64240.04
2026-08-12 12:00:00,64119.71
2026-08-12 13:00:00,63840.0
2026-08-12 14:00:00,63363.39
2026-08-12 15:00:00,63441.47
2026-08-12 16:00:00,63492.12
2026-08-12 17:00:00,63471.0
2026-08-12 18:00:00,63386.59
2026-08-12 19:00:00,63421.11
2026-08-12 20:00:00,63599.99
2026-08-12 21:00:00,63469.83
2026-08-12 22:00:00,63432.28
2026-08-12 23:00:00,63479.99
2026-08-13 00:00:00,63556.92
2026-08-13 01:00:00,63456.11
2026-08-13 02:00:00,63550.01
2026-08-13 03:00:00,63646.99
2026-08-13 04:00:00,63693.74
2026-08-13 05:00:00,63878.0
2026-08-13 06:00:00,63942.35
2026-08-13 07:00:00,63865.84
2026-08-13 08:00:00,63766.8
2026-08-13 09:00:00,63782.64
2026-08-13 10:00:00,63651.19
2026-08-13 11:00:00,63484.3
2026-08-13 12:00:00,63697.76
2026-08-13 13:00:00,63724.0
2026-08-13 14:00:00,63859.45
2026-08-13 15:00:00,63420.01
2026-08-13 16:00:00,63160.13
2026-08-13 17:00:00,63144.38
2026-08-13 18:00:00,63310.0
2026-08-13 19:00:00,63407.99
2026-08-13 20:00:00,63415.55
2026-08-13 21:00:00,63474.0
2026-08-13 22:00:00,63530.01
2026-08-13 23:00:00,63490.86
2026-08-14 00:00:00,63541.45
2026-08-14 01:00:00,63575.86
2026-08-14 02:00:00,63465.39
2026-08-14 03:00:00,63310.0
2026-08-14 04:00:00,63372.56
2026-08-14 05:00:00,63379.83
2026-08-14 06:00:00,62974.14
2026-08-14 07:00:00,62920.78
2026-08-14 08:00:00,62940.01
2026-08-14 09:00:00,62792.75
2026-08-14 10:00:00,62814.14
2026-08-14 11:00:00,62868.83
2026-08-14 12:00:00,62741.69
2026-08-14 13:00:00,62668.0
2026-08-14 14:00:00,62620.01
2026-08-14 15:00:00,62990.95
2026-08-14 16:00:00,63133.48
2026-08-14 17:00:00,63013.69
2026-08-14 18:00:00,62930.01
2026-08-14 19:00:00,62968.05
2026-08-14 20:00:00,62907.59
2026-08-14 21:00:00,62928.49
2026-08-14 22:00:00,62886.88
2026-08-14 23:00:00,63043.56
2026-08-15 00:00:00,63019.88
2026-08-15 01:00:00,63045.13
2026-08-15 02:00:00,63134.41
2026-08-15 03:00:00,63051.25
2026-08-15 04:00:00,63122.0
2026-08-15 05:00:00,63089.0
2026-08-15 06:00:00,63114.68
2026-08-15 07:00:00,63075.43
2026-08-15 08:00:00,62935.72
2026-08-15 09:00:00,63030.38
2026-08-15 10:00:00,63046.1
2026-08-15 11:00:00,63022.01
2026-08-15 12:00:00,63050.13
2026-08-15 13:00:00,63060.35
2026-08-15 14:00:00,63040.0
2026-08-15 15:00:00,63100.55
2026-08-15 16:00:00,63096.63
2026-08-15 17:00:00,63070.5
2026-08-15 18:00:00,63057.58
2026-08-15 19:00:00,63126.08
2026-08-15 20:00:00,63103.29
2026-08-15 21:00:00,63159.04
2026-08-15 22:00:00,63135.52
2026-08-15 23:00:00,63086.01
2026-08-16 00:00:00,63085.82
2026-08-16 01:00:00,63084.78
2026-08-16 02:00:00,63121.91
2026-08-16 03:00:00,63130.0
2026-08-16 04:00:00,63090.01
2026-08-16 05:00:00,63069.43
2026-08-16 06:00:00,63069.31
2026-08-16 07:00:00,63061.02
2026-08-16 08:00:00,63072.42
2026-08-16 09:00:00,62992.69
2026-08-16 10:00:00,63008.57
2026-08-16 11:00:00,63013.66
2026-08-16 12:00:00,63021.98
2026-08-16 13:00:00,63060.01
2026-08-16 14:00:00,63102.85
2026-08-16 15:00:00,63146.39
2026-08-16 16:00:00,63260.01
2026-08-16 17:00:00,63159.3
2026-08-16 18:00:00,63140.06
2026-08-16 19:00:00,63108.81
2026-08-16 20:00:00,63067.79
2026-08-16 21:00:00,62929.61
2026-08-16 22:00:00,62913.7
2026-08-16 23:00:00,62900.0
2026-08-17 00:00:00,62917.54
2026-08-17 01:00:00,63116.12
2026-08-17 02:00:00,63403.34
2026-08-17 03:00:00,63429.21
2026-08-17 04:00:00,63532.44
2026-08-17 05:00:00,63520.18
2026-08-17 06:00:00,63667.99
2026-08-17 07:00:00,63514.45
2026-08-17 08:00:00,63380.84
2026-08-17 09:00:00,63323.96
2026-08-17 10:00:00,63692.21
2026-08-17 11:00:00,63631.1
2026-08-17 12:00:00,63554.69
2026-08-17 13:00:00,63672.36
2026-08-17 14:00:00,63902.63
2026-08-17 15:00:00,64200.0
2026-08-17 16:00:00,64115.76
2026-08-17 17:00:00,64325.99
2026-08-17 18:00:00,64428.87
2026-08-17 19:00:00,64309.96
2026-08-17 20:00:00,64392.73
2026-08-17 21:00:00,64382.02
2026-08-17 22:00:00,64291.25
2026-08-17 23:00:00,64532.1
2026-08-18 00:00:00,64383.71
2026-08-18 01:00:00,64200.06
2026-08-18 02:00:00,64103.22
2026-08-18 03:00:00,64185.01
2026-08-18 04:00:00,64210.32
2026-08-18 05:00:00,64242.76
2026-08-18 06:00:00,64318.03
2026-08-18 07:00:00,64198.97
2026-08-18 08:00:00,64296.02
2026-08-18 09:00:00,64171.95
2026-08-18 10:00:00,64202.8
2026-08-18 11:00:00,64351.19
2026-08-18 12:00:00,64230.02
2026-08-18 13:00:00,64219.99
2026-08-18 14:00:00,64714.16
2026-08-18 15:00:00,64855.06
2026-08-18 16:00:00,64840.0
2026-08-18 17:00:00,64670.02
2026-08-18 18:00:00,64772.0
2026-08-18 19:00:00,64643.26
2026-08-18 20:00:00,64582.39
2026-08-18 21:00:00,64604.58
2026-08-18 22:00:00,64634.0
2026-08-18 23:00:00,64725.42
2026-08-19 00:00:00,64488.0
2026-08-19 01:00:00,64400.48
2026-08-19 02:00:00,64351.9
2026-08-19 03:00:00,64330.71
2026-08-19 04:00:00,64316.22
2026-08-19 05:00:00,64236.01
2026-08-19 06:00:00,64339.8
2026-08-19 07:00:00,64296.0
2026-08-19 08:00:00,64413.95
2026-08-19 09:00:00,64427.06
2026-08-19 10:00:00,64456.71
2026-08-19 11:00:00,64515.63
2026-08-19 12:00:00,64882.15
2026-08-19 13:00:00,65012.12
2026-08-19 14:00:00,65923.21
2026-08-19 15:00:00,68554.0
2026-08-19 16:00:00,68465.27
2026-08-19 17:00:00,68197.29
2026-08-19 18:00:00,68395.99
2026-08-19 19:00:00,68429.44
2026-08-19 20:00:00,69048.06
2026-08-19 21:00:00,69709.46
2026-08-19 22:00:00,69258.9
2026-08-19 23:00:00,69334.79
2026-08-20 00:00:00,69420.0
2026-08-20 01:00:00,69721.92
2026-08-20 02:00:00,69301.27
2026-08-20 03:00:00,69195.64
2026-08-20 04:00:00,69492.01
2026-08-20 05:00:00,69406.54
2026-08-20 06:00:00,69851.99
2026-08-20 07:00:00,69816.45
2026-08-20 08:00:00,71592.1
2026-08-20 09:00:00,71789.97
2026-08-20 10:00:00,71995.99
2026-08-20 11:00:00,71927.07
2026-08-20 12:00:00,71952.04
2026-08-20 13:00:00,71691.99
2026-08-20 14:00:00,71826.85
2026-08-20 15:00:00,72470.83
2026-08-20 16:00:00,72837.15
2026-08-20 17:00:00,72737.5
2026-08-20 18:00:00,72431.36
2026-08-20 19:00:00,72690.76
2026-08-20 20:00:00,72671.75
2026-08-20 21:00:00,72741.81
2026-08-20 22:00:00,72676.22
2026-08-20 23:00:00,73025.15
2026-08-21 00:00:00,73708.02
2026-08-21 01:00:00,75129.23
2026-08-21 02:00:00,74439.74
2026-08-21 03:00:00,74510.77
2026-08-21 04:00:00,75026.0
2026-08-21 05:00:00,75472.73
2026-08-21 06:00:00,75646.21
2026-08-21 07:00:00,76308.65
2026-08-21 08:00:00,79258.03
2026-08-21 09:00:00,77910.71
2026-08-21 10:00:00,77810.02
2026-08-21 11:00:00,76722.32
2026-08-21 12:00:00,77223.66
2026-08-21 13:00:00,77266.87
2026-08-21 14:00:00,77384.68
2026-08-21 15:00:00,77221.98
2026-08-21 16:00:00,77486.01
2026-08-21 17:00:00,77392.68
2026-08-21 18:00:00,77146.0
2026-08-21 19:00:00,77028.94
2026-08-21 20:00:00,77520.19
2026-08-21 21:00:00,78505.15
2026-08-21 22:00:00,78460.14
2026-08-21 23:00:00,78338.03
2026-08-22 00:00:00,77953.3
2026-08-22 01:00:00,77830.01
2026-08-22 02:00:00,78470.0
2026-08-22 03:00:00,78410.98
2026-08-22 04:00:00,78470.0
2026-08-22 05:00:00,77380.75
2026-08-22 06:00:00,77486.09
2026-08-22 07:00:00,77289.18
2026-08-22 08:00:00,77210.55
2026-08-22 09:00:00,77061.99
2026-08-22 10:00:00,76976.0
2026-08-22 11:00:00,77130.02
2026-08-22 12:00:00,77300.27
2026-08-22 13:00:00,77288.62
2026-08-22 14:00:00,77003.62
2026-08-22 15:00:00,76978.83
2026-08-22 16:00:00,77288.01
2026-08-22 17:00:00,77278.01
2026-08-22 18:00:00,77257.86
2026-08-22 19:00:00,77418.25
2026-08-22 20:00:00,77311.69
2026-08-22 21:00:00,76856.01
2026-08-22 22:00:00,76997.76
2026-08-22 23:00:00,77074.93
2026-08-23 00:00:00,77302.65
2026-08-23 01:00:00,77190.29
2026-08-23 02:00:00,77079.46
2026-08-23 03:00:00,76927.87
2026-08-23 04:00:00,76602.0
2026-08-23 05:00:00,76053.37
2026-08-23 06:00:00,76096.95
2026-08-23 07:00:00,76007.13
2026-08-23 08:00:00,76486.49
2026-08-23 09:00:00,76549.98
2026-08-23 10:00:00,76790.35
2026-08-23 11:00:00,77311.02
2026-08-23 12:00:00,77206.0
2026-08-23 13:00:00,77487.62
2026-08-23 14:00:00,77186.0
2026-08-23 15:00:00,77156.13
2026-08-23 16:00:00,77429.88
2026-08-23 17:00:00,77176.41
2026-08-23 18:00:00,77341.98
2026-08-23 19:00:00,77346.01
2026-08-23 20:00:00,77401.6
2026-08-23 21:00:00,77833.23
2026-08-23 22:00:00,77598.88
2026-08-23 23:00:00,77734.0
2026-08-24 00:00:00,77679.5
2026-08-24 01:00:00,76922.1
2026-08-24 02:00:00,77478.69
2026-08-24 03:00:00,76933.02
2026-08-24 04:00:00,76897.44
2026-08-24 05:00:00,77149.4
2026-08-24 06:00:00,77464.33
2026-08-24 07:00:00,77307.15
2026-08-24 08:00:00,77041.47
2026-08-24 09:00:00,77554.08
2026-08-24 10:00:00,77617.22
2026-08-24 11:00:00,78443.65
2026-08-24 12:00:00,79159.99
2026-08-24 13:00:00,78597.99
2026-08-24 14:00:00,79510.92
2026-08-24 15:00:00,79100.01
2026-08-24 16:00:00,79047.6
2026-08-24 17:00:00,78761.14
2026-08-24 18:00:00,78928.35
2026-08-24 19:00:00,78758.0
2026-08-24 20:00:00,78932.33
2026-08-24 21:00:00,78984.23
2026-08-24 22:00:00,78740.0
2026-08-24 23:00:00,78992.75
2026-08-25 00:00:00,79739.99
2026-08-25 01:00:00,79828.0
2026-08-25 02:00:00,80649.63
2026-08-25 03:00:00,80488.01
2026-08-25 04:00:00,80363.73
2026-08-25 05:00:00,80731.9
2026-08-25 06:00:00,80574.09
2026-08-25 07:00:00,79705.79
2026-08-25 08:00:00,79930.77
2026-08-25 09:00:00,79187.2
2026-08-25 10:00:00,79309.63
2026-08-25 11:00:00,79117.99
2026-08-25 12:00:00,78980.0
2026-08-25 13:00:00,78647.99
2026-08-25 14:00:00,79235.99
2026-08-25 15:00:00,79502.01
2026-08-25 16:00:00,79156.02
2026-08-25 17:00:00,79240.01
2026-08-25 18:00:00,79128.0
2026-08-25 19:00:00,78925.95
2026-08-25 20:00:00,78206.13
2026-08-25 21:00:00,78570.0
2026-08-25 22:00:00,78889.51
2026-08-25 23:00:00,78539.14
2026-08-26 00:00:00,78631.79
2026-08-26 01:00:00,78815.13
2026-08-26 02:00:00,79108.0
2026-08-26 03:00:00,79088.62
2026-08-26 04:00:00,78826.0
2026-08-26 05:00:00,79085.98
2026-08-26 06:00:00,78947.92
2026-08-26 07:00:00,78925.56
2026-08-26 08:00:00,78707.59
2026-08-26 09:00:00,78444.49
2026-08-26 10:00:00,78727.45
2026-08-26 11:00:00,78487.26
2026-08-26 12:00:00,78319.59
2026-08-26 13:00:00,78448.66
2026-08-26 14:00:00,77790.48
2026-08-26 15:00:00,78011.65
2026-08-26 16:00:00,77991.3
2026-08-26 17:00:00,78442.83
2026-08-26 18:00:00,78472.41
2026-08-26 19:00:00,78475.49
2026-08-26 20:00:00,78452.04
2026-08-26 21:00:00,78724.01
2026-08-26 22:00:00,78700.0
2026-08-26 23:00:00,79023.75
2026-08-27 00:00:00,78690.01
2026-08-27 01:00:00,78898.67
2026-08-27 02:00:00,78717.76
2026-08-27 03:00:00,78830.68
2026-08-27 04:00:00,78783.99
2026-08-27 05:00:00,78912.55
2026-08-27 06:00:00,78817.49
2026-08-27 07:00:00,79082.17
2026-08-27 08:00:00,79755.99
2026-08-27 09:00:00,79986.0
2026-08-27 10:00:00,79626.0
2026-08-27 11:00:00,79477.67
2026-08-27 12:00:00,79282.31
2026-08-27 13:00:00,79533.15
2026-08-27 14:00:00,80204.05
2026-08-27 15:00:00,80302.32
2026-08-27 16:00:00,80374.0
2026-08-27 17:00:00,80442.46
2026-08-27 18:00:00,80150.69
2026-08-27 19:00:00,79910.19
2026-08-27 20:00:00,80096.0
2026-08-27 21:00:00,80184.0
2026-08-27 22:00:00,80303.21
2026-08-27 23:00:00,80249.58
2026-08-28 00:00:00,80576.0
2026-08-28 01:00:00,80500.38
2026-08-28 02:00:00,79926.11
2026-08-28 03:00:00,79810.49
2026-08-28 04:00:00,79643.81
2026-08-28 05:00:00,79686.0
2026-08-28 06:00:00,79904.21
2026-08-28 07:00:00,79660.0
2026-08-28 08:00:00,79516.78
2026-08-28 09:00:00,79285.19
2026-08-28 10:00:00,79565.89
2026-08-28 11:00:00,79604.13
2026-08-28 12:00:00,79421.05
2026-08-28 13:00:00,79330.75
2026-08-28 14:00:00,79542.44
2026-08-28 15:00:00,78331.13
2026-08-28 16:00:00,77788.46
2026-08-28 17:00:00,77904.0
2026-08-28 18:00:00,77554.0
2026-08-28 19:00:00,77580.03
2026-08-28 20:00:00,77407.34
2026-08-28 21:00:00,77364.0
2026-08-28 22:00:00,77758.69
2026-08-28 23:00:00,77845.87
2026-08-29 00:00:00,77733.63
2026-08-29 01:00:00,77794.11
2026-08-29 02:00:00,77671.18
2026-08-29 03:00:00,77507.17
2026-08-29 04:00:00,77648.91
2026-08-29 05:00:00,77632.53
2026-08-29 06:00:00,77466.82
2026-08-29 07:00:00,77626.01
2026-08-29 08:00:00,77633.99
2026-08-29 09:00:00,77650.03
2026-08-29 10:00:00,77635.17
2026-08-29 11:00:00,77584.67
2026-08-29 12:00:00,77583.74
2026-08-29 13:00:00,77704.32
2026-08-29 14:00:00,78014.37
2026-08-29 15:00:00,77865.36
2026-08-29 16:00:00,78027.17
2026-08-29 17:00:00,78100.0
2026-08-29 18:00:00,78158.01
2026-08-29 19:00:00,78182.0
2026-08-29 20:00:00,78129.92
2026-08-29 21:00:00,78161.63
2026-08-29 22:00:00,78228.34
2026-08-29 23:00:00,78230.0
2026-08-30 00:00:00,78179.86
2026-08-30 01:00:00,78081.5
2026-08-30 02:00:00,78106.01
2026-08-30 03:00:00,78144.68
2026-08-30 04:00:00,78109.75
2026-08-30 05:00:00,78127.71
2026-08-30 06:00:00,78280.34
2026-08-30 07:00:00,78118.0
2026-08-30 08:00:00,78074.01
2026-08-30 09:00:00,78000.01
2026-08-30 10:00:00,78145.29
2026-08-30 11:00:00,78166.0
2026-08-30 12:00:00,78785.06
2026-08-30 13:00:00,78860.0
2026-08-30 14:00:00,78783.71
2026-08-30 15:00:00,78823.63
2026-08-30 16:00:00,79337.93
2026-08-30 17:00:00,79021.02
2026-08-30 18:00:00,79036.69
2026-08-30 19:00:00,78856.39
2026-08-30 20:00:00,78597.33
2026-08-30 21:00:00,78653.0
2026-08-30 22:00:00,78422.01
2026-08-30 23:00:00,77682.0
2026-08-31 00:00:00,77937.04
2026-08-31 01:00:00,77640.94
2026-08-31 02:00:00,77473.99
2026-08-31 03:00:00,77756.71
2026-08-31 04:00:00,77622.28
2026-08-31 05:00:00,78016.0
2026-08-31 06:00:00,78093.87
2026-08-31 07:00:00,78196.01
2026-08-31 08:00:00,78480.8
2026-08-31 09:00:00,78511.03
2026-08-31 10:00:00,78710.01
2026-08-31 11:00:00,78315.43
2026-08-31 12:00:00,77930.39
2026-08-31 13:00:00,77867.39
2026-08-31 14:00:00,78600.14
2026-08-31 15:00:00,78580.42
2026-08-31 16:00:00,78639.57
2026-08-31 17:00:00,78897.36
2026-08-31 18:00:00,79016.0
2026-08-31 19:00:00,78898.06
2026-08-31 20:00:00,78864.72
2026-08-31 21:00:00,78964.32
2026-08-31 22:00:00,78593.15
2026-08-31 23:00:00,78581.29
2026-09-01 00:00:00,78652.0
2026-09-01 01:00:00,78410.62
2026-09-01 02:00:00,78449.99
2026-09-01 03:00:00,78679.01
2026-09-01 04:00:00,78727.11
2026-09-01 05:00:00,79179.99
2026-09-01 06:00:00,78745.39
2026-09-01 07:00:00,78632.37
2026-09-01 08:00:00,77883.28
2026-09-01 09:00:00,77915.0
2026-09-01 10:00:00,78029.67
2026-09-01 11:00:00,78098.97
2026-09-01 12:00:00,78004.0
2026-09-01 13:00:00,78071.99
2026-09-01 14:00:00,78167.99
2026-09-01 15:00:00,77919.06
2026-09-01 16:00:00,77596.01
2026-09-01 17:00:00,77265.79
2026-09-01 18:00:00,77153.9
2026-09-01 19:00:00,77312.0
2026-09-01 20:00:00,77448.45
2026-09-01 21:00:00,77211.32
2026-09-01 22:00:00,77274.02
2026-09-01 23:00:00,77439.0
2026-09-02 00:00:00,77213.25
2026-09-02 01:00:00,77020.68
2026-09-02 02:00:00,77329.2
2026-09-02 03:00:00,77563.5
2026-09-02 04:00:00,77561.82
2026-09-02 05:00:00,77651.07
2026-09-02 06:00:00,77611.54
2026-09-02 07:00:00,77473.85
2026-09-02 08:00:00,76854.11
2026-09-02 09:00:00,76752.26
2026-09-02 10:00:00,76680.88
2026-09-02 11:00:00,76828.76
2026-09-02 12:00:00,76613.88
2026-09-02 13:00:00,77146.0
2026-09-02 14:00:00,77066.42
2026-09-02 15:00:00,77288.98
2026-09-02 16:00:00,77171.5
2026-09-02 17:00:00,77381.66
2026-09-02 18:00:00,77377.76
2026-09-02 19:00:00,77341.47
2026-09-02 20:00:00,77406.01
2026-09-02 21:00:00,77284.0
2026-09-02 22:00:00,77034.03
2026-09-02 23:00:00,77340.01
2026-09-03 00:00:00,77068.01
2026-09-03 01:00:00,77356.7
2026-09-03 02:00:00,77816.01
2026-09-03 03:00:00,77708.0
2026-09-03 04:00:00,77776.0
2026-09-03 05:00:00,77809.91
2026-09-03 06:00:00,77835.19
2026-09-03 07:00:00,77663.15
2026-09-03 08:00:00,77843.34
2026-09-03 09:00:00,77615.24
2026-09-03 10:00:00,77735.88
2026-09-03 11:00:00,77948.39
2026-09-03 12:00:00,78652.38
2026-09-03 13:00:00,78840.52
2026-09-03 14:00:00,80549.97
2026-09-03 15:00:00,81348.0
2026-09-03 16:00:00,80969.37
2026-09-03 17:00:00,81042.0
2026-09-03 18:00:00,81254.32
2026-09-03 19:00:00,81755.41
2026-09-03 20:00:00,81473.0
2026-09-03 21:00:00,81590.0
2026-09-03 22:00:00,81140.0
2026-09-03 23:00:00,81270.37
2026-09-04 00:00:00,80972.12
2026-09-04 01:00:00,80968.01
2026-09-04 02:00:00,80831.99
2026-09-04 03:00:00,80850.0
2026-09-04 04:00:00,81070.54
2026-09-04 05:00:00,80996.15
2026-09-04 06:00:00,80797.39
2026-09-04 07:00:00,80656.87
2026-09-04 08:00:00,81147.16
2026-09-04 09:00:00,81056.63
2026-09-04 10:00:00,81179.63
2026-09-04 11:00:00,81224.86
2026-09-04 12:00:00,79453.96
2026-09-04 13:00:00,79378.67
2026-09-04 14:00:00,78915.71
2026-09-04 15:00:00,79429.33
2026-09-04 16:00:00,79745.73
2026-09-04 17:00:00,79472.22
2026-09-04 18:00:00,79618.15
2026-09-04 19:00:00,79793.34
2026-09-04 20:00:00,79697.04
2026-09-04 21:00:00,79624.0
2026-09-04 22:00:00,79636.09
2026-09-04 23:00:00,79660.77
2026-09-05 00:00:00,79573.36
2026-09-05 01:00:00,79533.34
2026-09-05 02:00:00,79569.09
2026-09-05 03:00:00,79582.0
2026-09-05 04:00:00,79500.01
2026-09-05 05:00:00,79577.53
2026-09-05 06:00:00,79644.01
2026-09-05 07:00:00,79709.96
2026-09-05 08:00:00,79650.0
2026-09-05 09:00:00,79631.28
2026-09-05 10:00:00,79618.01
2026-09-05 11:00:00,79609.28
2026-09-05 12:00:00,79704.14
2026-09-05 13:00:00,79613.67
2026-09-05 14:00:00,79719.76
2026-09-05 15:00:00,79806.01
2026-09-05 16:00:00,80042.0
2026-09-05 17:00:00,80058.6
2026-09-05 18:00:00,79999.98
2026-09-05 19:00:00,79754.0
2026-09-05 20:00:00,79737.83
2026-09-05 21:00:00,79906.02
2026-09-05 22:00:00,79783.99
2026-09-05 23:00:00,79831.75
2026-09-06 00:00:00,79868.0
2026-09-06 01:00:00,79951.39
2026-09-06 02:00:00,79907.28
2026-09-06 03:00:00,80028.01
2026-09-06 04:00:00,79866.01
2026-09-06 05:00:00,79989.13
2026-09-06 06:00:00,79784.65
2026-09-06 07:00:00,79805.0
2026-09-06 08:00:00,79837.17
2026-09-06 09:00:00,79885.77
2026-09-06 10:00:00,80003.93
2026-09-06 11:00:00,79919.17
2026-09-06 12:00:00,79922.04
2026-09-06 13:00:00,79829.98
2026-09-06 14:00:00,79543.06
2026-09-06 15:00:00,79716.5
2026-09-06 16:00:00,79682.0
2026-09-06 17:00:00,79745.34
2026-09-06 18:00:00,79955.34
2026-09-06 19:00:00,79829.99
2026-09-06 20:00:00,79912.0
2026-09-06 21:00:00,79944.38
2026-09-06 22:00:00,80055.17
2026-09-06 23:00:00,80341.83
2026-09-07 00:00:00,80160.01
2026-09-07 01:00:00,79926.14
2026-09-07 02:00:00,79874.24
2026-09-07 03:00:00,79596.39
2026-09-07 04:00:00,79724.0
2026-09-07 05:00:00,79759.47
2026-09-07 06:00:00,79659.27
2026-09-07 07:00:00,79397.83
2026-09-07 08:00:00,79437.38
2026-09-07 09:00:00,79313.85
2026-09-07 10:00:00,79360.0
2026-09-07 11:00:00,79420.16
2026-09-07 12:00:00,79606.84
2026-09-07 13:00:00,79352.01
2026-09-07 14:00:00,79191.95
2026-09-07 15:00:00,78821.99
2026-09-07 16:00:00,79028.87
2026-09-07 17:00:00,79185.73
2026-09-07 18:00:00,79196.16
2026-09-07 19:00:00,79365.82
2026-09-07 20:00:00,79238.0
2026-09-07 21:00:00,79164.0
2026-09-07 22:00:00,78952.19
2026-09-07 23:00:00,79112.01
2026-09-08 00:00:00,79313.08
2026-09-08 01:00:00,79441.99
2026-09-08 02:00:00,78930.01
2026-09-08 03:00:00,78906.28
2026-09-08 04:00:00,78678.71
2026-09-08 05:00:00,78578.0
2026-09-08 06:00:00,78323.59
2026-09-08 07:00:00,78482.0
2026-09-08 08:00:00,78418.0
2026-09-08 09:00:00,78761.99
2026-09-08 10:00:00,78568.0
2026-09-08 11:00:00,78430.01
2026-09-08 12:00:00,78449.99
2026-09-08 13:00:00,77961.66
2026-09-08 14:00:00,78567.52
2026-09-08 15:00:00,78904.0
2026-09-08 16:00:00,78735.89
2026-09-08 17:00:00,78504.38
2026-09-08 18:00:00,78436.0
2026-09-08 19:00:00,78446.0
2026-09-08 20:00:00,78487.99
2026-09-08 21:00:00,78492.18
2026-09-08 22:00:00,78562.44
2026-09-08 23:00:00,78455.8
2026-09-09 00:00:00,78774.65
2026-09-09 01:00:00,78891.5
2026-09-09 02:00:00,78726.01
2026-09-09 03:00:00,78638.01
2026-09-09 04:00:00,79171.5
2026-09-09 05:00:00,78923.43
2026-09-09 06:00:00,79159.03
2026-09-09 07:00:00,79277.43
2026-09-09 08:00:00,79698.02
2026-09-09 09:00:00,78952.01
2026-09-09 10:00:00,78920.01
2026-09-09 11:00:00,79324.75
2026-09-09 12:00:00,79606.14
2026-09-09 13:00:00,79140.69
2026-09-09 14:00:00,78958.01
2026-09-09 15:00:00,78596.7
2026-09-09 16:00:00,78804.9
2026-09-09 17:00:00,78776.01
2026-09-09 18:00:00,78414.42
2026-09-09 19:00:00,78234.94
2026-09-09 20:00:00,78324.07
2026-09-09 21:00:00,78145.02
2026-09-09 22:00:00,77924.06
2026-09-09 23:00:00,78306.43
2026-09-10 00:00:00,78180.7
2026-09-10 01:00:00,78094.0
2026-09-10 02:00:00,78357.86
2026-09-10 03:00:00,78328.08
2026-09-10 04:00:00,78400.0
2026-09-10 05:00:00,78536.71
2026-09-10 06:00:00,78416.01
2026-09-10 07:00:00,78112.0
2026-09-10 08:00:00,78110.0
2026-09-10 09:00:00,77992.01
2026-09-10 10:00:00,77863.21
2026-09-10 11:00:00,77840.8
2026-09-10 12:00:00,76896.01
2026-09-10 13:00:00,77174.44
2026-09-10 14:00:00,77412.01
2026-09-10 15:00:00,77250.0
2026-09-10 16:00:00,77200.01
2026-09-10 17:00:00,77328.72
2026-09-10 18:00:00,77252.0
2026-09-10 19:00:00,77160.83
2026-09-10 20:00:00,77268.08
2026-09-10 21:00:00,77144.0
2026-09-10 22:00:00,76836.45
2026-09-10 23:00:00,76568.72
2026-09-11 00:00:00,76908.59
2026-09-11 01:00:00,76971.43
2026-09-11 02:00:00,76838.68
2026-09-11 03:00:00,76891.8
2026-09-11 04:00:00,77114.01
2026-09-11 05:00:00,77252.86
2026-09-11 06:00:00,77298.01
2026-09-11 07:00:00,77230.7
2026-09-11 08:00:00,77364.93
2026-09-11 09:00:00,77042.0
2026-09-11 10:00:00,76993.25
2026-09-11 11:00:00,77036.12
2026-09-11 12:00:00,78032.99
2026-09-11 13:00:00,79242.56
2026-09-11 14:00:00,78798.51
2026-09-11 15:00:00,77732.25
2026-09-11 16:00:00,77916.0
2026-09-11 17:00:00,77534.0
2026-09-11 18:00:00,77054.0
2026-09-11 19:00:00,77286.01
2026-09-11 20:00:00,77339.33
2026-09-11 21:00:00,77108.01
2026-09-11 22:00:00,77150.0
2026-09-11 23:00:00,77225.7
2026-09-12 00:00:00,77287.43
2026-09-12 01:00:00,77272.37
2026-09-12 02:00:00,77288.0
2026-09-12 03:00:00,77268.09
2026-09-12 04:00:00,77222.75
2026-09-12 05:00:00,77218.0
2026-09-12 06:00:00,77289.73
2026-09-12 07:00:00,77269.55
2026-09-12 08:00:00,77360.01
2026-09-12 09:00:00,77349.44
2026-09-12 10:00:00,77332.94
2026-09-12 11:00:00,77356.04
2026-09-12 12:00:00,77340.0
2026-09-12 13:00:00,77366.52
2026-09-12 14:00:00,77461.24
2026-09-12 15:00:00,77380.37
2026-09-12 16:00:00,77358.01
2026-09-12 17:00:00,77210.58
2026-09-12 18:00:00,77131.0
2026-09-12 19:00:00,77114.99
2026-09-12 20:00:00,77170.0
2026-09-12 21:00:00,77264.01
2026-09-12 22:00:00,77232.17
2026-09-12 23:00:00,77278.73
2026-09-13 00:00:00,77276.02
2026-09-13 01:00:00,77319.97
2026-09-13 02:00:00,77289.96
2026-09-13 03:00:00,77192.01
2026-09-13 04:00:00,77210.01
2026-09-13 05:00:00,77322.01
2026-09-13 06:00:00,77122.35
2026-09-13 07:00:00,77127.99
2026-09-13 08:00:00,76813.71
2026-09-13 09:00:00,76808.01
2026-09-13 10:00:00,76677.29
2026-09-13 11:00:00,76792.32
2026-09-13 12:00:00,76763.33
2026-09-13 13:00:00,76853.02
2026-09-13 14:00:00,77216.01
2026-09-13 15:00:00,77134.83
2026-09-13 16:00:00,77276.14
2026-09-13 17:00:00,77328.94
2026-09-13 18:00:00,77338.87
2026-09-13 19:00:00,77284.0
2026-09-13 20:00:00,77348.01
2026-09-13 21:00:00,77316.0
2026-09-13 22:00:00,76714.0
2026-09-13 23:00:00,76842.01
2026-09-14 00:00:00,76808.0
2026-09-14 01:00:00,77118.97
2026-09-14 02:00:00,77600.0
2026-09-14 03:00:00,77596.33
2026-09-14 04:00:00,77681.78
2026-09-14 05:00:00,77611.79
2026-09-14 06:00:00,77593.15
2026-09-14 07:00:00,77892.24
2026-09-14 08:00:00,77728.8
2026-09-14 09:00:00,78141.57
2026-09-14 10:00:00,77906.6
2026-09-14 11:00:00,77776.0
2026-09-14 12:00:00,77698.01
2026-09-14 13:00:00,78168.01
2026-09-14 14:00:00,78521.06
2026-09-14 15:00:00,78578.02
2026-09-14 16:00:00,78769.42
2026-09-14 17:00:00,78937.98
2026-09-14 18:00:00,79226.01
2026-09-14 19:00:00,78982.0
2026-09-14 20:00:00,79100.0
2026-09-14 21:00:00,78757.83
2026-09-14 22:00:00,78557.98
2026-09-14 23:00:00,78189.21
2026-09-15 00:00:00,77952.93
2026-09-15 01:00:00,77917.86
2026-09-15 02:00:00,77913.72
2026-09-15 03:00:00,77676.99
2026-09-15 04:00:00,77567.12
2026-09-15 05:00:00,77630.0
2026-09-15 06:00:00,77286.7
2026-09-15 07:00:00,76930.01
2026-09-15 08:00:00,77000.01
2026-09-15 09:00:00,76984.05
2026-09-15 10:00:00,77053.8
2026-09-15 11:00:00,76940.01
2026-09-15 12:00:00,76957.65
2026-09-15 13:00:00,76618.77
2026-09-15 14:00:00,75942.01
2026-09-15 15:00:00,76512.0
2026-09-15 16:00:00,76388.0
2026-09-15 17:00:00,76962.0
2026-09-15 18:00:00,76000.0
2026-09-15 19:00:00,76186.48
2026-09-15 20:00:00,75935.24
2026-09-15 21:00:00,75453.85
2026-09-15 22:00:00,75668.0
2026-09-15 23:00:00,75644.48
2026-09-16 00:00:00,75772.1
2026-09-16 01:00:00,75489.14
2026-09-16 02:00:00,75886.35
2026-09-16 03:00:00,75824.01
2026-09-16 04:00:00,75864.02
2026-09-16 05:00:00,75962.01
2026-09-16 06:00:00,76030.01
2026-09-16 07:00:00,75766.63
2026-09-16 08:00:00,75736.01
2026-09-16 09:00:00,75993.0
2026-09-16 10:00:00,75990.2
2026-09-16 11:00:00,76250.0
2026-09-16 12:00:00,75967.99
2026-09-16 13:00:00,75646.01
2026-09-16 14:00:00,75697.82
2026-09-16 15:00:00,75788.41
2026-09-16 16:00:00,75768.0
2026-09-16 17:00:00,75768.01
2026-09-16 18:00:00,75632.0
2026-09-16 19:00:00,76080.0
2026-09-16 20:00:00,76178.34
2026-09-16 21:00:00,75976.0
2026-09-16 22:00:00,75675.88
2026-09-16 23:00:00,76206.01
2026-09-17 00:00:00,76342.77
2026-09-17 01:00:00,76374.21
2026-09-17 02:00:00,76370.01
2026-09-17 03:00:00,76441.99
2026-09-17 04:00:00,76539.81
2026-09-17 05:00:00,76333.88
2026-09-17 06:00:00,76477.45
2026-09-17 07:00:00,76462.76
2026-09-17 08:00:00,76574.63
2026-09-17 09:00:00,76468.05
2026-09-17 10:00:00,76402.01
2026-09-17 11:00:00,76482.0
2026-09-17 12:00:00,76736.59
2026-09-17 13:00:00,76694.07
2026-09-17 14:00:00,76502.46
2026-09-17 15:00:00,76780.01
2026-09-17 16:00:00,76753.46
2026-09-17 17:00:00,76667.86
2026-09-17 18:00:00,76575.96
2026-09-17 19:00:00,76594.01
2026-09-17 20:00:00,76556.01
2026-09-17 21:00:00,76415.85
2026-09-17 22:00:00,76420.0
2026-09-17 23:00:00,76417.01
2026-09-18 00:00:00,76590.0
2026-09-18 01:00:00,76744.01
2026-09-18 02:00:00,76988.3
2026-09-18 03:00:00,77383.47
2026-09-18 04:00:00,77575.97
2026-09-18 05:00:00,77493.8
2026-09-18 06:00:00,77604.0
2026-09-18 07:00:00,77798.01
2026-09-18 08:00:00,78272.15
2026-09-18 09:00:00,78212.01
2026-09-18 10:00:00,78285.34
2026-09-18 11:00:00,78062.0
2026-09-18 12:00:00,78043.11
2026-09-18 13:00:00,80073.09
2026-09-18 14:00:00,80937.83
2026-09-18 15:00:00,80725.6
2026-09-18 16:00:00,80846.74
2026-09-18 17:00:00,81019.0
2026-09-18 18:00:00,80938.43
2026-09-18 19:00:00,81204.76
2026-09-18 20:00:00,81110.01
2026-09-18 21:00:00,81238.2
2026-09-18 22:00:00,81139.02
2026-09-18 23:00:00,80883.87
2026-09-19 00:00:00,81668.98
2026-09-19 01:00:00,81280.99
2026-09-19 02:00:00,81304.72
2026-09-19 03:00:00,81136.01
2026-09-19 04:00:00,81024.0
2026-09-19 05:00:00,81040.01
2026-09-19 06:00:00,81052.01
2026-09-19 07:00:00,81100.16
2026-09-19 08:00:00,81312.01
2026-09-19 09:00:00,81325.77
2026-09-19 10:00:00,81216.7
2026-09-19 11:00:00,81302.63
2026-09-19 12:00:00,81330.0
2026-09-19 13:00:00,81364.01
2026-09-19 14:00:00,81586.01
2026-09-19 15:00:00,81636.01
2026-09-19 16:00:00,81839.49
2026-09-19 17:00:00,81464.01
2026-09-19 18:00:00,81428.07
2026-09-19 19:00:00,81354.01
2026-09-19 20:00:00,81155.33
2026-09-19 21:00:00,81100.41
2026-09-19 22:00:00,81261.35
2026-09-19 23:00:00,81249.99
2026-09-20 00:00:00,81293.37
2026-09-20 01:00:00,81097.99
2026-09-20 02:00:00,80331.52
2026-09-20 03:00:00,80486.38
2026-09-20 04:00:00,80432.4
2026-09-20 05:00:00,80494.31
2026-09-20 06:00:00,80309.44
2026-09-20 07:00:00,80311.61
2026-09-20 08:00:00,80264.85
2026-09-20 09:00:00,80470.01
2026-09-20 10:00:00,80319.58
2026-09-20 11:00:00,80493.2
2026-09-20 12:00:00,80493.76
2026-09-20 13:00:00,80564.57
2026-09-20 14:00:00,80682.01
2026-09-20 15:00:00,80912.0
2026-09-20 16:00:00,81334.01
2026-09-20 17:00:00,81147.94
2026-09-20 18:00:00,81036.0
2026-09-20 19:00:00,81177.32
2026-09-20 20:00:00,81091.85
2026-09-20 21:00:00,80932.01
2026-09-20 22:00:00,81222.85
2026-09-20 23:00:00,81178.0
2026-09-21 00:00:00,81607.72
2026-09-21 01:00:00,80996.97
2026-09-21 02:00:00,81310.61
2026-09-21 03:00:00,81425.23
2026-09-21 04:00:00,81400.01
2026-09-21 05:00:00,81550.0
2026-09-21 06:00:00,81639.9
2026-09-21 07:00:00,81720.01
2026-09-21 08:00:00,83760.0
2026-09-21 09:00:00,84653.71
2026-09-21 10:00:00,84441.77
2026-09-21 11:00:00,84887.19
2026-09-21 12:00:00,85323.0
2026-09-21 13:00:00,85466.34
2026-09-21 14:00:00,85844.14
2026-09-21 15:00:00,85927.71
2026-09-21 16:00:00,85961.91
2026-09-21 17:00:00,85897.21
2026-09-21 18:00:00,86051.75
2026-09-21 19:00:00,86490.11
2026-09-21 20:00:00,87001.68
2026-09-21 21:00:00,86588.29
2026-09-21 22:00:00,86453.74
2026-09-21 23:00:00,86620.0
